SalesID_SK,SaleID,ProductID,CustomerID,DateKey,SalesAmount,Quantity
1,c0078cd1-3ddc-439a-b41d-7498e8e75e62,1020,C0460,20240809,1639.1,18.0
2,be8532af-16b7-432c-a13d-4c6e6836d12d,1029,C0198,20241128,186.11,42.0
3,8666f277-cc58-4fde-9d58-697da9e040f2,1012,C0524,20241013,1712.72,49.0
4,383e0a2b-7e00-454e-a269-b2f73ecd33f2,1016,C0285,20240706,1015.07,50.0
5,d9a7f974-9572-48dd-aa36-3f96b280dfc7,1021,C0369,20240608,66.36,21.0
6,d71733ac-4fc4-42e6-ae48-c2150c8a92ae,1016,C0709,20241115,1705.51,31.0
7,b7475afb-27f7-46fe-8bcd-c099c178d17f,1047,C0929,20240828,1509.94,3.0
8,f5953c0c-e9bc-489a-9333-1e0c0a81d873,1027,C0019,20240830,1635.15,25.0
9,427c33bb-dff7-4332-8d29-954728c713b1,1020,C0983,20241022,1070.59,31.0
10,812ad61f-2e80-4b95-ae02-a91976bd2baa,1006,C0536,20240620,1097.0,2.0
11,a18dadb3-b2e6-476e-b2fb-b4a477721bf0,1005,C0164,20241115,683.83,38.0
12,fb7031b8-6ea9-48f1-9a00-9bc178359f8d,1017,C0955,20240707,1187.22,26.0
13,16380106-881a-4b17-b7a6-cdb1cb7b0310,1046,C0102,20240610,1660.55,37.0
14,3b8b6be3-3531-4e99-bb88-f690abf80831,1039,C0246,20241031,1285.76,12.0
15,1c2ea051-0ea9-4464-9328-f005529e49b0,1044,C0231,20241030,580.56,2.0
16,385f4dc3-93d8-4aea-9448-9ae392f1c70f,1012,C0266,20240922,1729.19,38.0
17,65286b1d-53a6-4935-a98a-1cb1876e571e,1018,C0558,20240928,1700.77,44.0
18,a71af1cd-5827-45bc-9819-7b822084b056,1004,C0267,20240729,1685.47,20.0
19,fc2fbc9b-7dd9-47f9-8c88-f4657b809fda,1023,C0647,20240817,960.8,37.0
20,d5ffcbb0-4af7-471e-a978-8d26a139e065,1030,C0099,20240820,1220.63,5.0
21,0ca44dee-070d-4ba5-92f5-4294061c1b6a,1002,C0152,20240912,415.25,29.0
22,f97142ca-80a7-4ab5-8c96-7b0469fb88a5,1027,C0036,20240909,1493.54,42.0
23,58c1a7e8-29f1-4d4c-9888-cd673ceba8e6,1027,C0023,20241101,1433.8,15.0
24,eb6df0f0-19b3-4275-b39a-c35781dfdb4e,1043,C0362,20240617,426.93,39.0
25,ea120dd2-45d7-4ad7-8368-b0467279d9d9,1003,C0422,20240619,1015.07,35.0
26,3641c1a6-0bdb-4aaf-a3b0-458602903485,1040,C0709,20241121,312.35,2.0
27,136ab78d-42f8-4a6e-8943-2094d42bdd3f,1003,C0743,20240920,416.27,4.0
28,66bc9a58-2e6d-4348-92f8-f57474dc0de4,1029,C0308,20241008,1679.89,38.0
29,1268b62d-b2d7-4b7c-9b18-5560c7ebaa04,1041,C0523,20240724,1660.59,5.0
30,18014131-342b-49b5-907d-48a526417144,1023,C0736,20240801,1314.46,6.0
31,eb5a95a7-ce17-470a-b427-aa4c664392de,1025,C0835,20240716,1298.54,12.0
32,30b84bb4-7e58-4ca5-8fa2-1f623f55b3b5,1005,C0140,20241115,318.78,22.0
33,5f8bb866-d86e-4395-b3a5-58bf7600d3e6,1011,C0355,20240720,407.13,12.0
34,8268a6e7-968a-4445-80c5-b59d37e7e3b4,1023,C0408,20241126,149.62,38.0
35,d02bc4a1-62de-4e8b-8f8a-9e24face51cd,1011,C0067,20240728,117.33,43.0
36,7558e674-3185-4e8b-aac7-b69f696ff520,1049,C0581,20240602,566.6,24.0
37,4afa45a3-75ba-4560-b54b-2ecd125c7035,1000,C0010,20241127,63.47,39.0
38,bf9aa06a-da36-4664-83cd-7dfc777e6eb2,1026,C0527,20241025,1116.63,3.0
39,a92bb4e9-3082-4299-bee5-8027fe2d403a,1030,C0811,20240919,1475.13,26.0
40,bf55606a-74d3-41c4-8cef-0ca72e4a274e,1006,C0755,20240628,1330.2,33.0
41,a7df02f3-4b9a-4e9b-9113-9c9a5da29e37,1015,C0219,20241117,327.25,26.0
42,88fa37b6-09fd-4184-9721-208d5b212866,1006,C0672,20241028,1828.59,39.0
43,e0cc0f71-11f2-471b-a9b1-5d5124a9d96c,1014,C0815,20240917,1601.49,10.0
44,a256770c-db66-437d-9db8-6346f9d8d8ee,1026,C0710,20241029,1803.84,23.0
45,59329e7d-8f3b-46ba-9942-320f5da6f2d3,1017,C0199,20240715,454.09,23.0
46,eadd19f2-3559-4a99-ad07-393bc6bac4f5,1045,C0750,20241115,920.92,24.0
47,4e737a78-aeff-4adf-94a0-fef9dde62658,1027,C0669,20241014,1173.01,49.0
48,f19231fe-3de1-48b9-9efa-dc2884f65eec,1022,C0705,20240612,70.83,46.0
49,1c7278b6-d1be-4426-822a-0ef8039e013a,1026,C0349,20240724,438.13,4.0
50,a7073ff5-3730-4d09-a663-9d9901468c8f,1044,C0519,20240801,187.88,12.0
51,949dd381-1374-4c88-b015-203191c45582,1028,C0255,20240725,1430.55,10.0
52,7e2ee1e6-7d6e-4919-b4bf-513c9f1a5c3a,1011,C0242,20240621,87.0,4.0
53,182d4630-5e13-47ca-8047-172d8bb80d9b,1036,C0484,20240709,1015.07,44.0
54,1a53d0e8-0170-46b2-aa74-73a36f97db21,1034,C0988,20241026,1369.19,13.0
55,197d12b4-c030-4270-85c9-107b1400cdfa,1046,C0719,20240804,547.12,34.0
56,e63c465b-1899-4c98-9b0c-4418336d6bfd,1009,C0300,20240818,630.2,38.0
57,bc361bb9-cfab-4a32-8860-13d68c1e447d,1017,C0232,20240812,534.62,24.0
58,efd718d4-54bc-4be5-ba44-b7f8e84b488f,1044,C0256,20240729,184.42,26.0
59,9a14c492-be52-4068-90e0-67e2048aadb1,1017,C0735,20241112,1107.99,34.0
60,e574a566-b13b-40d4-962f-ef3b667e1e8f,1034,C0292,20240626,111.07,11.0
61,b9ffb5d6-253b-4d59-a363-02a6a51aaa22,1009,C0064,20241105,1685.41,50.0
62,b3a786d3-7ed0-4087-969b-d20c8a9c310f,1040,C0749,20241031,1453.5,8.0
63,0fb893e1-62a4-4668-88f8-eb5fc955dc37,1015,C0390,20241106,1379.18,21.0
64,d29c7619-8515-457d-b638-095a0360cfee,1017,C0598,20241117,1897.31,14.0
65,4ddf28d3-014d-4ae9-be7c-4f3b338a92c2,1049,C0172,20240824,209.86,15.0
66,023fab01-4ef7-462a-b12b-7eb26b6d301b,1009,C0643,20240808,1125.76,8.0
67,a022602d-50f9-438b-819e-6efb98149b43,1037,C0265,20240923,74.77,3.0
68,cfc48ad9-4630-44e4-8348-b6651673df95,1007,C0482,20240908,1015.07,10.0
69,88de872f-a99a-4049-a5b9-ab2486c61260,1033,C0854,20240621,321.19,3.0
70,c03f2b6a-26b6-42bb-b8a2-256e2b359312,1021,C0804,20241124,178.51,30.0
71,446934cb-7db4-4452-8628-b1da6bc94992,1049,C0490,20241010,706.35,35.0
72,cc81a00e-42ee-4d00-b7bc-ff49f7ab5ebf,1026,C0920,20241017,1499.29,26.0
73,4d0dd941-70f4-4131-94c8-989e198f9555,1008,C0668,20241125,1482.66,7.0
74,5d76d2b3-7ccc-4236-9ec2-7afb2fab57a8,1036,C0853,20240709,1681.72,46.0
75,c20dbbdd-653d-47ca-88cf-968afaf87907,1009,C0566,20240721,1680.94,17.0
76,fc0e8cc9-73da-437a-92c6-012ca8ae0298,1027,C0736,20240821,858.03,10.0
77,1561b6c7-e70b-4a8a-b7b2-7f286d1d89b6,1027,C0363,20240728,1395.9,20.0
78,ac24fdb7-3dd3-4314-9b8f-c00d609fba9c,1032,C0189,20240620,999.8,17.0
79,547b1ca9-b13d-44c0-b035-b67e898ec083,1048,C0267,20240604,109.49,25.0
80,17712153-2a14-4934-8fb4-e96620512eda,1015,C0760,20240725,1842.46,2.0
81,76336300-e9cf-40aa-9ca2-2584acb6c756,1005,C0261,20241001,1823.12,39.0
82,3e15cf20-9455-4c7f-8f96-74c2cb314d0c,1044,C0983,20240921,1704.28,48.0
83,2b513981-aefe-4fdd-8e8c-e5162ffa3302,1018,C0198,20241002,493.34,47.0
84,43820e30-b97a-465e-ac58-224b28d47db5,1025,C0856,20240803,1363.31,27.0
85,9b021985-b81f-4247-b3f8-ed46c1889788,1037,C0176,20241101,856.0,25.0
86,e4e1c6ee-010c-4e8b-b537-c6c5e6d9ce72,1003,C0400,20240803,1893.26,5.0
87,60f762f9-080a-43ba-80e7-c999aea4d32c,1010,C0261,20241121,1819.99,13.0
88,1c428051-2b97-4fe5-a40b-161d41ab8e1e,1019,C0134,20240709,724.72,17.0
89,1eacc82d-1c09-43fd-8919-f561c55318ba,1046,C0367,20240731,956.12,24.0
90,922f3693-6f51-4b00-b592-5fe7a3b29b66,1003,C0078,20240629,614.64,6.0
91,f19345ff-66b2-479b-8911-f224d6ada62a,1005,C0735,20241126,1185.03,38.0
92,ce462655-3852-4898-b927-c018b4b9dac1,1041,C0958,20241108,581.96,29.0
93,9d4c49dd-26c2-49ad-b6c5-5625a8b53857,1005,C0432,20240622,1525.73,30.0
94,b805b1aa-734c-4f43-b043-b962119d23ea,1016,C0790,20241115,148.59,44.0
95,f2237e29-a380-4b52-bb2d-c4699d333b91,1000,C0390,20240622,190.84,24.0
96,6654b1f5-1650-44d9-b576-137dc0d710a0,1038,C0816,20240705,810.3,9.0
97,7e9f0322-ab86-47f5-a766-3ca0eac9e622,1047,C0798,20240720,1015.07,7.0
98,efe2b0fd-ff42-47e0-a3d3-596f40e57e07,1012,C0955,20241116,1921.64,45.0
99,9fd6592e-51d2-47aa-b5a2-6a779db2b3d2,1029,C0673,20241007,810.58,13.0
100,e2c34c5a-18e0-44c6-87b9-3026a1d56f61,1018,C0225,20241010,944.71,43.0
101,d8e236b8-4bbf-4e63-8544-54e21526aabb,1026,C0178,20240705,1621.67,12.0
102,56033c89-94ce-4b8a-bf22-05f5313541e9,1031,C0992,20241025,725.72,16.0
103,f8d89e28-07af-4f44-9e07-a83ab7228db8,1005,C0838,20240709,170.53,50.0
104,a6a7dd47-2c55-454f-8f8f-e7890d729811,1018,C0197,20240919,847.78,1.0
105,15236e7e-041e-4f43-95b3-22691485bc33,1001,C0910,20240731,586.63,7.0
106,91e7fc59-4a3a-4f52-93d5-8b04337f6349,1009,C0595,20241020,1290.08,47.0
107,884f702a-5c9c-426d-ac2c-2cbf43a816ff,1006,C0502,20240801,1027.42,32.0
108,f8e716bc-35eb-4fda-96c2-5a13e3afb336,1020,C0219,20240809,1275.15,9.0
109,3852c8ce-e757-4545-a2f9-116c5c044bbd,1000,C0990,20240911,91.38,6.0
110,b2ec0db6-9331-49d0-b739-3e369d972e9e,1045,C0060,20240907,265.11,39.0
111,ea39ef04-cd4a-47f2-8edf-2cad7d3f6a45,1009,C0219,20241003,1969.99,8.0
112,d2f5c3e9-4841-40a8-a165-239230c0c669,1031,C0655,20240709,1649.13,17.0
113,bf761c0f-9232-4dbb-8351-9c4b5b365ad4,1024,C0513,20240805,691.78,50.0
114,d12e6731-7d9f-4325-a650-31a1d446bc63,1014,C0463,20240603,1052.68,43.0
115,a189e19b-e0ae-4252-8729-7a9ac98e7fb5,1040,C0587,20240906,1556.93,24.0
116,6bc4588c-5a1a-4769-9f3e-f51464b4fb2f,1010,C0034,20240927,1590.88,19.0
117,e0c729a2-b666-453f-a413-9f85ddffc783,1016,C0063,20240923,778.67,37.0
118,aa2e0734-2692-4443-89c5-7d70356ba9ac,1030,C0660,20241103,1850.28,22.0
119,0e9322f8-92b7-4471-b675-ee7572540df3,1049,C0538,20241117,1669.96,50.0
120,4a60a347-0508-4a6e-bc84-e42164801d68,1015,C0172,20240725,76.93,46.0
121,f7cbffc2-3938-4609-aab6-de2dd6b6bb86,1003,C0166,20241119,1629.51,28.0
122,21a59756-e74f-4b40-bc17-754ff2965175,1010,C0555,20240702,1502.15,1.0
123,2ff79432-7fad-44f2-9634-c2bf7da8e9d7,1042,C0367,20241005,1304.7,9.0
124,64dedfbe-0c26-4f3f-8906-77b12bd33ece,1014,C0477,20240703,141.84,41.0
125,58475ef3-15ef-4fd6-b2e0-a7c6db4fcce4,1023,C1000,20240912,620.28,25.0
126,57931de4-bf64-40bc-8c07-a8afded16c66,1035,C0038,20241006,1813.16,27.0
127,09fa18e4-3351-49f1-9805-f5f748e57ae5,1022,C0547,20240817,1263.16,37.0
128,586839dd-7280-48c3-b809-f749c20f45b2,1000,C0423,20241015,1456.14,27.0
129,01250bfc-81d0-475a-858e-2f866db1bffb,1014,C0840,20240807,508.76,32.0
130,d9aa118d-4400-4c8e-9e8f-fd58402d4c58,1023,C0393,20240920,1885.0,43.0
131,d45c238b-30e5-4236-a071-9a0c646443d8,1008,C0395,20241004,1396.4,40.0
132,fd7d93cd-4fdf-4f65-ba17-9403b7edbeeb,1001,C0285,20240805,844.56,19.0
133,585627b3-5e92-4b5c-8f0c-5638024c3776,1006,C0255,20240914,1755.93,39.0
134,dfb99330-e676-4823-a27f-d44b955a61e6,1039,C0206,20241117,1999.04,9.0
135,c28dbfef-ed78-4b06-921a-2ae4a92c4653,1003,C0591,20240618,711.2,30.0
136,a83acee6-69dc-4b97-a00e-ffd593568c3e,1038,C0338,20240602,524.49,24.0
137,9bc4059c-aa4a-4e3d-ad29-22e0cee86645,1021,C0058,20240716,757.79,9.0
138,a09ecc0c-42cc-43e0-9c8f-2ddf9622f6a8,1032,C0531,20240621,1764.41,43.0
139,eaf7b86e-d4b1-4953-ae14-c136b0596d15,1022,C0499,20240723,1762.96,13.0
140,7682ec16-e3b0-4f0f-8068-4baf638ea442,1031,C0844,20240827,1242.79,42.0
141,d6e2c67e-bfd4-4568-a34f-4358c215b1c6,1045,C0878,20240820,887.35,5.0
142,2cdbc4be-721f-4cd6-879a-50eba74136f6,1025,C0749,20240820,732.2,5.0
143,cd2872d6-0fe9-41ea-8e1c-5832f745d973,1025,C0365,20240913,317.1,6.0
144,37b024bc-b9af-416b-82cc-1a69dc0b81de,1004,C0065,20240925,791.08,5.0
145,1d2c932a-869b-4d85-be79-c699c822f424,1047,C0854,20240605,1576.27,44.0
146,ce55edbf-a2bd-4297-866d-3f9102989244,1006,C0283,20241025,1360.31,4.0
147,e2825d09-285d-4852-a11e-786cc5a67706,1033,C0763,20240828,1328.52,32.0
148,6a3ad7d0-054c-4f34-945f-9984979c83c8,1040,C0583,20241004,274.27,49.0
149,bb7d478c-7cdf-4683-b18b-70fe1ffec914,1002,C0808,20240922,931.07,14.0
150,78be1d0c-1374-44f0-ad5c-c4e81cbfcde4,1034,C0139,20240822,1265.97,36.0
151,58535162-81e9-4161-ab73-8959314ac916,1047,C0830,20240629,730.26,48.0
152,114f69b7-0557-45e1-a8b6-bd574278fead,1010,C0310,20240720,467.04,38.0
153,b3c36b2d-16d7-4e82-85d2-be47b7ef5766,1012,C0430,20240929,1825.56,7.0
154,9d02314b-f157-4897-baa2-d7c793f71192,1028,C0396,20240706,1128.17,6.0
155,f1823964-ed68-43b2-83ee-8e0422b676fb,1008,C0736,20241017,1507.65,11.0
156,d362f521-2707-4116-9d06-c788698dc79e,1048,C0285,20240912,195.98,48.0
157,2d105c6f-9656-4b17-890d-c78b6e570e1b,1013,C0173,20240818,648.23,37.0
158,8338ade6-9a74-4c53-857c-2ed3dc4d05b9,1039,C0240,20240610,454.5,47.0
159,02c1dbe9-adf9-4200-9e7f-8a0b0b5bd277,1020,C0738,20240806,158.38,33.0
160,dac478c6-6146-435d-a4f4-a375c59fa7e3,1019,C0753,20241022,895.42,43.0
161,ddc672ec-3ddb-4956-896e-928100df5f59,1036,C0054,20240730,756.11,48.0
162,7be369be-0aa7-47a2-9289-97ad39cc1c75,1005,C0544,20240928,440.47,24.0
163,352127bd-9c03-497c-819c-d7b382dcabba,1016,C0468,20240728,302.41,29.0
164,afe199ac-260a-4606-bd4f-be237e078555,1011,C0966,20240911,346.42,46.0
165,54dc2680-5e4f-42cd-a066-cc57cdf04bd0,1029,C0581,20241102,1154.3,7.0
166,0b30d468-14fd-48c6-8ab5-462ea67c4541,1024,C0471,20240812,1684.02,5.0
167,8ea2232b-a1a1-4ac4-a085-651616aaf6df,1002,C0453,20240611,390.2,10.0
168,f08c1f1d-6882-4118-b3cd-c077c2e51943,1001,C0424,20240616,391.97,14.0
169,b334b53a-344e-4d4a-a5d2-9b04c60a4665,1027,C0181,20240725,1296.95,22.0
170,8bc6e0c8-a2a4-4cf2-b8a7-abb49f7426b2,1039,C0143,20240614,1931.63,23.0
171,c635140b-bbdd-4aa0-b12d-5f278c9d78b5,1037,C0082,20241102,1000.84,2.0
172,8c253e60-c403-4c13-b745-ada6820b506a,1024,C0959,20240830,1994.26,10.0
173,0bc293f7-758a-46bd-8276-1a9cf31ff9b5,1001,C0199,20240611,1951.98,22.0
174,edcf9398-e7a0-44be-b5c8-714e453c480c,1029,C0698,20240906,1342.2,5.0
175,32a2d11b-df32-4af2-981d-4667ab7792f6,1034,C0969,20240630,979.41,23.0
176,863ae4b9-f5b7-4296-ac9b-3ca2a77220c1,1047,C0253,20240920,1261.43,5.0
177,d718b309-bad6-4c80-ac62-09ce91fe7c2b,1004,C0562,20241014,212.05,20.0
178,0d7ec861-2883-4692-a2f4-a0b4967fed4f,1018,C0318,20240822,461.93,5.0
179,2e7eb9b7-2cd9-48e5-b12c-840965705ff4,1032,C0964,20240720,1659.99,26.0
180,f88e997a-65bc-4e3c-966f-7d8796f83c5d,1029,C0256,20240816,40458.92,26.0
181,2888170c-711a-44e4-b080-600e8faf1b55,1020,C0067,20240824,184.41,4.0
182,ab6ba852-c218-43ff-bc0b-f88ae7f539ff,1043,C0840,20240709,1670.53,4.0
183,877880e2-a8d3-4e5f-ad91-d02000170bc9,1048,C0552,20240730,952.0,17.0
184,f3ba2ce9-41e9-46db-b839-bb82a031d39f,1032,C0107,20240616,404.8,24.0
185,d129ccfe-a386-46f4-a9c4-b8ff297b560f,1023,C0080,20241104,1702.72,1.0
186,8befea8f-43be-41cb-9618-c537a0497963,1012,C0640,20240805,1480.24,27.0
187,2fe49708-a52e-401d-b5c2-eb7975b2983c,1001,C0143,20240714,1214.65,42.0
188,a90112aa-d3f3-4064-b9bd-8d391b528201,1039,C0228,20240612,1725.87,4.0
189,e6831d6a-e923-4018-8319-27135c981a0b,1007,C0203,20240703,1578.34,10.0
190,cbea1c75-8657-4e4d-bf0e-4208457fef72,1029,C0408,20241115,285.35,48.0
191,40ea2216-7874-4a56-b703-37295861e5af,1024,C0136,20240704,1862.32,25.0
192,85109b7e-9353-4e89-957d-89bb5e9aee53,1028,C0306,20241026,1291.35,27.0
193,17d610fc-eec2-4196-b145-f57fc7d9cf66,1019,C0461,20241103,1889.53,45.0
194,7b9deb16-b292-490f-8dc9-7fe9ff1b2c62,1029,C0809,20241031,553.57,5.0
195,1d5cb073-1956-40a6-ba94-1ba3923d5975,1021,C0132,20240905,1605.14,5.0
196,27a88424-0422-49c4-83e9-abb4d943e364,1015,C0632,20240618,224.59,3.0
197,33fe3b6b-dbee-43cf-86ca-a52f363eb7d5,1033,C0915,20240812,1774.32,3.0
198,6d64fddc-b727-44cb-a7f9-7b179c596236,1016,C0435,20240813,1205.8,34.0
199,56ada645-5362-4538-9627-05ab38d064ae,1033,C0756,20240930,1416.84,15.0
200,648b64ea-69bd-407f-97db-643411d845d7,1009,C0509,20240925,456.16,14.0
201,a6043489-da97-47ad-8ea7-4b1375b8005b,1028,C0283,20241023,1948.54,46.0
202,9df3d54e-5b5b-4255-99d1-0d390c3677b7,1032,C0472,20240824,269.89,20.0
203,b763001f-a050-4e85-accd-84f271b4e686,1003,C0686,20240806,610.38,4.0
204,6ef6e83c-a8bd-4dcb-b622-8124ef33b6e5,1019,C0653,20240909,77.91,10.0
205,6e1573c8-e276-47df-919c-6f2d8e1349e7,1041,C0467,20240709,1705.25,26.0
206,ddb64cd6-ef7b-4497-ab7e-b249da02a85c,1034,C0755,20241012,1825.9,49.0
207,9e60a222-c32e-4472-be4e-eb9d47cea01f,1037,C0010,20240817,812.31,11.0
208,a4b3ade5-30ef-4d3b-9809-79f109e21334,1034,C0445,20240703,385.25,7.0
209,f33a4278-f58a-4912-bd8f-c2700287ac0c,1040,C0634,20240930,1193.95,18.0
210,95b148fe-4bc0-465a-951e-648777bfd3c3,1031,C0843,20240902,1542.34,14.0
211,28ce5b3f-e543-48a7-9e6a-c766a756307e,1049,C0857,20240927,576.87,20.0
212,195eb497-20b3-47c2-bf7b-1fe94a1c89d5,1016,C0844,20240801,1109.66,26.0
213,bf58531f-a85b-49fc-ba64-fea2be47963f,1020,C0611,20240611,1508.14,25.0
214,7951ab3e-2563-47a3-ab7a-b3b9398a3217,1029,C0468,20240827,1467.72,43.0
215,337f4ebf-6fc0-475a-856d-8c22f2606679,1045,C0068,20241025,495.71,23.0
216,ffbbb1d8-599a-4aab-b582-86d3d3ee5037,1029,C0878,20240802,1015.07,28.0
217,093ee9bc-25b1-428f-8bb1-9362e9821897,1003,C0399,20241019,188.21,37.0
218,9f14da72-376c-4492-8772-e1ec137cd219,1006,C0349,20240829,1093.79,8.0
219,2213a992-c7d1-4a3c-9160-a33aef487964,1034,C0187,20240903,122.27,1.0
220,5ef71f30-a49d-4a44-94ad-3d4b302229ff,1038,C0468,20241109,408.0,37.0
221,84eb29bf-5922-4587-9765-66c9b750a5f6,1014,C0650,20240919,1705.99,19.0
222,768aab16-ea10-4d74-aa66-d585e5c0850b,1049,C0682,20240708,324.91,9.0
223,e1a6d311-4ca2-48de-b603-13aacfd56538,1026,C0749,20240821,1948.75,12.0
224,1ab5b7b6-146a-410d-adb9-33761ffbf91b,1041,C0335,20240831,1641.06,43.0
225,50482f93-76d0-4d4f-b8bc-e9c0a27905bf,1039,C0267,20241124,1552.1,1.0
226,fa171b13-bdb8-426b-a555-b44e6adf39ad,1041,C0858,20241026,1015.07,45.0
227,fd5a7567-f749-4c0a-bb29-4aceb197c5d0,1011,C0590,20240819,1110.42,26.0
228,ef21cf3b-411c-45d6-bd4c-0119bd25e1bf,1040,C0238,20240812,1932.05,12.0
229,838f8e79-4646-4c30-8952-28c1a9a56881,1025,C0446,20241126,427.15,41.0
230,f5ebdeec-dbb8-4c9e-8f60-0a8c334a85ff,1038,C1000,20241112,1126.75,26.0
231,df59422d-5b39-4b43-a1b2-667169bc4d06,1017,C0677,20240928,1832.12,24.0
232,8cf8ff1b-46e2-4027-a8cb-8c834d4ce1f4,1049,C0633,20240804,1128.3,24.0
233,7b759b14-df58-4ba7-b3a2-0ab78f74e972,1014,C0019,20240905,1509.9,4.0
234,adaf7f82-79d8-4b2f-afa5-d7ec7df32a14,1000,C0408,20240718,97.51,4.0
235,7421f947-44ac-430e-83d9-b48a709045d4,1015,C0934,20240801,648.29,30.0
236,d145674f-5238-4068-80d7-0e7ea7332942,1028,C0037,20241021,411.33,43.0
237,c91dc519-cd34-4a52-9ed5-79ca7118b945,1010,C0680,20241125,687.33,1.0
238,8e28d7bf-7093-4818-8c7a-47899615d6b1,1022,C0715,20240927,782.01,15.0
239,ab5d7adb-cede-4dd5-b830-4a8d1e58a604,1041,C0307,20241012,1424.05,25.0
240,8b3a2761-7f0f-4597-bfd4-4f9ef53562ae,1030,C0967,20240704,137.99,48.0
241,ae16fd36-9da0-498d-b5c3-08b830c98d62,1035,C0088,20240925,1969.76,35.0
242,4397e9df-6c81-4cb6-a02a-a17bd2dd03fd,1020,C0140,20240611,1160.94,16.0
243,625f9ab4-53a0-45b7-9e88-9f13127e8db7,1031,C0205,20240903,1015.07,45.0
244,a59f958c-5d7d-484e-857d-2a89c1182c00,1022,C0607,20241101,1149.25,22.0
245,880ec322-0414-4fac-9c82-140735c7e93d,1015,C0571,20240725,132.12,21.0
246,9b215165-e918-4380-98be-991513283a9e,1017,C0948,20240824,1483.7,44.0
247,256458d9-a142-4b9b-bad1-43b7c5b6b496,1028,C0650,20240927,100.83,6.0
248,44847d69-0c78-4ad0-bff4-61f01f36e64c,1020,C0886,20241018,159.84,5.0
249,b53e0159-6e4a-4226-9d87-d072e2afa1cc,1037,C0420,20240822,1263.84,50.0
250,97b2782f-0409-4657-a048-effc0f1f9199,1008,C0612,20241104,1260.57,40.0
251,076c3c62-4034-4cec-b7a1-b853581d874d,1030,C0726,20240706,1786.72,23.0
252,41b6da58-fc54-4401-ad67-844c9ea50dbf,1032,C0153,20240921,1985.11,16.0
253,1b130601-b2db-4b33-93e1-e2f788c6f783,1026,C0100,20241103,1826.23,2.0
254,bfcad844-0b2b-44d5-bdc9-025e1440b8c9,1047,C0904,20240629,1977.55,33.0
255,b1b07535-f371-41f4-ae03-beed5a72ef73,1005,C0895,20241015,213.28,1.0
256,6f95713d-b62c-4c90-9047-110e1e5c2a18,1049,C0342,20240720,1989.24,42.0
257,0f09d125-c84a-4f9a-87e9-fcac329ac634,1040,C0364,20241001,888.29,25.0
258,17033d42-a197-41a9-9956-644111a9548e,1049,C0653,20240704,1854.3,5.0
259,b3293f8e-826d-426f-a3c8-67af558b507b,1006,C0070,20241112,330.41,17.0
260,7780dd89-1e6e-4ce2-a914-1f79bbfa5b8a,1045,C0210,20241104,1506.29,37.0
261,51d47914-a72f-4718-948e-b9ac6af5b19a,1046,C0220,20240811,792.14,23.0
262,815c4d88-a254-44c8-afec-67573870eeee,1033,C0125,20240817,1015.07,22.0
263,7109e849-1d15-49a2-bb45-c3bdb8ca3d37,1017,C0647,20240806,1111.11,1.0
264,24cf1b21-eab8-4a16-9743-f03962dda3a8,1001,C0162,20240716,1065.44,45.0
265,0f3da216-a35e-4bf3-a75d-0fd672945676,1016,C0357,20241005,410.85,28.0
266,35f03955-d055-4b65-be92-3513cbb0f74a,1030,C0756,20240721,611.46,15.0
267,4f8f8e6d-7b72-4c42-b7e5-2b03a7bf8b22,1032,C0838,20241008,800.48,37.0
268,f401a41e-1e1e-4d68-9667-b13223b21d35,1046,C0224,20240619,834.29,25.0
269,2882abb7-6311-476d-827d-1e2a949cf69f,1010,C0416,20240722,1507.34,27.0
270,b5aa4274-6f13-4230-b8d9-46348ccc271b,1039,C0984,20240623,1260.38,1.0
271,99420d30-b914-46da-908a-fba5036f8d5d,1010,C0940,20240719,1751.49,48.0
272,e99c9bd5-0e90-4dba-a534-54d0042ee1df,1013,C0840,20240805,1064.16,47.0
273,71e2d174-90ab-435c-b0e5-d06ed70b4d71,1044,C0071,20241124,337.62,7.0
274,a98078dc-d959-43f3-abbc-1b761fc69cf6,1022,C0213,20241006,142.59,40.0
275,10005492-7fd8-47ef-8e0d-1aed62485156,1013,C0806,20240702,283.5,2.0
276,dc8b7d00-98f9-4f4e-99c9-7c652387674a,1012,C0668,20240719,1015.07,28.0
277,68bdd0e5-d939-4692-a54a-f7d27ce1a851,1039,C0658,20240709,972.39,28.0
278,d201fee5-b746-470b-99d6-a57ace2b0076,1046,C0690,20240619,991.88,43.0
279,bb673bc0-4ab2-4a3f-b2d8-628a9808f607,1002,C0024,20240904,359.55,5.0
280,0024fb7e-3fce-42c6-b4e9-181e63b3b577,1023,C0494,20240730,997.67,27.0
281,8ee802bb-52eb-4c19-951e-d54680a6300e,1041,C0377,20241013,1333.88,25.0
282,271d7efa-c09c-4aef-b9f6-653d276c5a63,1016,C0515,20240915,1015.07,34.0
283,d38bdec6-c28b-49b0-8819-bcd17485e108,1035,C0525,20240617,1443.56,25.0
284,d5b82c13-f205-4093-bcee-795b7947de30,1002,C0578,20241001,1762.83,20.0
285,57fdcdfe-e503-4060-8622-13475dbfc25e,1019,C0595,20240825,657.18,16.0
286,5b4aa2df-5bb3-4245-9e3d-55691f5c21b6,1025,C0410,20240826,1637.85,21.0
287,3bf10154-9df0-4aa4-ae2e-ba7539e33f6d,1007,C0651,20240821,432.19,21.0
288,51dc712b-972e-47b0-9aaf-aca6a26aaa44,1001,C0729,20240820,1575.75,8.0
289,9775e12a-c922-4f3e-a50d-12a02531f1c0,1016,C0826,20240818,760.7,23.0
290,0eecd196-3f6b-48b5-90ae-9505648d395f,1001,C0828,20241026,416.38,3.0
291,7af90bfb-995d-4151-a0df-ac0b9df51180,1012,C0048,20241112,298.28,37.0
292,c3a59211-df2b-4cb8-977a-670b6c846c7f,1037,C0517,20240607,997.36,1.0
293,4ab1963f-aeb6-4045-b663-0fa0c439fb10,1003,C0125,20241111,326.09,9.0
294,ec79086b-7f25-470b-9f2e-13bdad25c548,1025,C0369,20240811,174.36,23.0
295,4f82312b-4a08-4657-88ac-35e84bb9f2a9,1009,C0812,20240627,1766.71,41.0
296,c3d80a3d-844e-410d-9f56-7a864f330fd7,1043,C0690,20240906,1015.07,27.0
297,d22273cb-1282-496c-afc2-81aa1181a10e,1034,C0821,20240820,1492.62,25.0
298,f637d016-3066-4827-83bc-3f2bf5188401,1025,C0941,20241112,1319.48,45.0
299,5171a653-7ab1-4711-9dfe-c0a8978c2141,1039,C0890,20240604,1759.71,18.0
300,36b07bfc-641e-4ec5-954a-fec4440f6d16,1007,C0450,20240921,438.69,47.0
301,144c45e7-9aae-4d79-93ea-253ae9b549b1,1012,C0845,20240906,773.84,41.0
302,11adf581-aa56-4c21-a4f3-2bc0ecf69f9f,1048,C0223,20240930,881.14,8.0
303,bc960540-41d0-4d4d-be1f-76238266423f,1046,C0981,20240725,586.87,8.0
304,8913bc70-9211-4362-8300-a0b1be388804,1017,C0540,20240616,1952.6,13.0
305,99b59fe6-07e3-4890-ae1f-1eda0b96dfa6,1014,C0014,20240807,1044.16,4.0
306,47946550-d226-4487-bbe9-5618127ef193,1041,C0153,20240804,615.94,44.0
307,8cd03cee-edd1-4dc5-bf81-f4f86be7a8dc,1032,C0342,20240923,997.18,9.0
308,5eed85a3-05f7-467f-953a-fef5811ea2c1,1015,C0034,20241022,1981.83,19.0
309,f1ec0abe-dd75-4e8f-a967-cc5fc8ef533e,1028,C0910,20241123,144.75,49.0
310,ef5b79ed-e8d5-447c-85a8-0c0e585bdd6e,1049,C0910,20240925,267.82,31.0
311,f93ca157-278a-4dd6-910a-736099f159ef,1043,C0949,20240907,171.11,33.0
312,0b86c429-5f0a-476e-8682-b06a4e18fecf,1027,C0324,20240612,1045.39,49.0
313,56cc6ef4-76c2-4174-854a-bac1845e43a5,1037,C0107,20240826,149.24,35.0
314,b80b4bbf-9028-4d30-b49c-b9019cfb69e7,1018,C0554,20240628,1323.79,28.0
315,58426c02-00d2-4413-8324-383a0469358d,1035,C0425,20240902,1127.99,19.0
316,104e8750-e893-46d2-8f6d-55a9869023dd,1000,C0393,20241119,721.18,20.0
317,1dcd719e-1541-47fe-b08c-7103a777400c,1031,C0533,20241005,1015.07,25.0
318,b4ba3c53-f463-4f13-b833-d7d3422cf10a,1022,C0526,20241031,1197.85,27.0
319,5f5efcb8-f47c-4db3-847d-8a357ab089a3,1026,C0395,20240612,1307.63,31.0
320,669962a6-8843-4f78-a3b3-a8c944d185a9,1002,C0685,20240702,1359.2,16.0
321,0e529fe1-1953-4514-8be5-4027391e4d40,1043,C0622,20240602,788.89,37.0
322,cadf26a2-3033-4ace-9416-249d457fbddf,1030,C0370,20240911,1946.67,27.0
323,9d24b8b0-6649-4d3a-bd3b-6d219697e449,1033,C0721,20240730,304.3,13.0
324,62466f7b-dd8c-46f2-9502-eb0b4a9f2656,1038,C0199,20240909,1721.94,13.0
325,e5779392-6d4b-463e-98a5-38aaceb53f77,1044,C0057,20241027,1538.57,43.0
326,ececf65a-6dcd-47b8-8c88-172f06a3a093,1048,C0434,20241103,749.11,49.0
327,fb55e66e-9556-4c41-b9b8-b871f8569ea1,1033,C0362,20241004,256.71,15.0
328,c2556e78-364a-4006-bac3-1c66de5515e9,1024,C0214,20241115,1986.46,21.0
329,8dd707a7-5a84-4e50-b005-af79080a9796,1030,C0206,20240603,1616.71,15.0
330,a91090df-c6c7-4008-a4bb-103a0c16e44c,1007,C0355,20240810,346.83,22.0
331,79f9e33d-ed98-4e8a-be80-dc53f2aaa503,1009,C0451,20241029,126.5,24.0
332,65e74ff8-9b6f-4c5b-9642-73fd526e227e,1024,C0141,20240920,1121.56,19.0
333,d5c78739-6c46-4394-8217-7daf8d055dbd,1006,C0569,20241014,1810.61,8.0
334,6bb32244-49f5-40a8-98ae-fc2e57955a68,1000,C0609,20240803,1375.11,19.0
335,381e8a33-2501-4778-bdd1-bdce3dbd0d88,1020,C0825,20240820,859.82,35.0
336,f99b2222-5d03-40fc-af8f-c150be70e8ae,1003,C0622,20241020,864.52,48.0
337,dc8b72cd-c8bc-4b06-9699-0442ee65dc63,1011,C0367,20241102,788.07,5.0
338,1adca1e9-dcc5-4774-aa4c-0a85b204ba0d,1006,C0148,20240926,584.7,48.0
339,b354bcbc-a51b-46ac-832d-f0f6049a1b8d,1002,C0423,20240823,436.45,4.0
340,dce3b878-d018-42a8-98c8-a179f983f638,1041,C0382,20240923,133.51,41.0
341,219f09ae-742b-452d-a979-5406e2553632,1014,C0303,20240624,1765.07,28.0
342,4b292203-dcbd-4614-a755-b1674b3a5c19,1014,C0254,20240811,127.08,46.0
343,80589360-46b6-4798-894c-3a982b7c037d,1034,C0849,20240905,1718.59,10.0
344,e835d705-7f03-449d-b395-2771b19d11b2,1045,C0993,20241028,380.14,30.0
345,76b2e63f-0df2-418c-94ae-2b31a3065466,1046,C0141,20241008,1906.83,37.0
346,08774333-bc63-4d68-8b30-891f85e7a1f6,1030,C0569,20240731,750.86,23.0
347,adb8e960-cb8f-4591-8911-8fcec71af895,1043,C0110,20240707,1532.87,33.0
348,aef952e1-8c80-42b1-bad4-14941ceda93c,1047,C0678,20240724,1015.07,21.0
349,f392c361-7ade-468b-b7a1-3a09eaabfd68,1007,C0331,20240619,1181.08,27.0
350,c1551c29-1263-46b3-8417-60f804f9918b,1022,C0826,20240704,1076.87,20.0
351,3f3a9d5a-6369-4c74-9ecd-ed81a92d653e,1044,C0596,20240730,1801.16,3.0
352,a955aaaa-e605-4c2d-88b2-e39f3f3bbc2a,1011,C0351,20241108,1313.15,44.0
353,052a9bfd-f19a-4867-acab-11e70529d65e,1000,C0655,20240926,1571.69,4.0
354,4d896ea1-0716-41cd-916c-60df1199fa41,1008,C0440,20241028,1454.39,4.0
355,15c7bc0a-51a7-4ccc-a577-dd932967b50c,1022,C0587,20240701,1994.0,24.0
356,5bc4093e-4796-4d0e-b8f6-03c124fb0e88,1021,C0744,20240929,1233.32,26.0
357,5fd5a7bd-b827-4394-b9c5-e937b9ff7534,1005,C0296,20240821,1324.52,46.0
358,6be90ea4-6ade-4a93-9564-51439d8e170c,1041,C0384,20240704,1887.52,50.0
359,1745c9a3-6fff-4d36-96fd-814aba9783f9,1008,C0852,20240605,1142.37,35.0
360,eefb11c5-4ee2-4514-9628-1708739d1a15,1014,C0909,20240831,1749.17,42.0
361,3e00a8ad-ab1a-4194-8ff0-c33bc603219d,1024,C0322,20240709,1130.8,36.0
362,9308f038-a20f-455c-ac63-30ddcbe0ab27,1012,C0939,20241018,1042.18,36.0
363,ea00044a-2df0-4194-a515-9757faa8c886,1045,C0838,20240709,200.36,14.0
364,61419089-c301-4d3e-b8b1-5d546c64d671,1014,C0616,20240820,1034.64,45.0
365,18145c5f-2a9f-4a64-bfb6-2ed7951b64b4,1002,C0964,20240909,315.58,24.0
366,2e1284e9-505a-409a-a3f5-cbfabadf5d18,1015,C0633,20240813,1015.07,7.0
367,ec0688f2-6132-46b8-9e1e-c9bc5110645e,1019,C0628,20241107,483.89,45.0
368,067f8cc8-7003-4a78-9930-5c0f3c6af5e3,1021,C0874,20240623,589.95,42.0
369,190c478b-0410-49e8-aedf-726e77dcc0e0,1030,C0532,20240919,103.26,9.0
370,38f975d7-619b-445d-a4b5-2e54d99b4dcf,1030,C0203,20240701,567.94,50.0
371,3f37383c-56bb-4c6a-9b25-e46f158bd6f1,1009,C0856,20240803,848.57,38.0
372,a2b4266f-9ae7-4379-943b-934638bce28c,1030,C0450,20240817,168.03,30.0
373,77882ed0-0c98-4c15-ab8e-be6d07731ba0,1047,C0497,20240701,555.45,24.0
374,27e5e4a3-028f-401c-9b62-f5db2b16e6b4,1041,C0982,20240702,1516.04,6.0
375,9244fca5-4b56-46a3-9516-37e3967c0a38,1008,C0400,20240611,1015.07,15.0
376,8c13fb08-f186-4208-afcd-6f6750bef67c,1010,C0909,20241122,596.24,24.0
377,6317ec76-274f-47d1-9f13-d28b17829d04,1006,C0522,20240904,406.61,31.0
378,0633c263-d315-4ba3-aed8-42471569750a,1021,C0438,20240918,391.49,20.0
379,caf91560-f52d-45ab-bdad-29d25b427d94,1034,C0129,20240813,828.68,21.0
380,9c263861-829d-465a-baa1-35cb17760af7,1037,C0187,20240626,1598.16,42.0
381,3d8103fe-6740-43ba-8d2f-5b2e2d05cf3d,1004,C0529,20240603,1015.07,50.0
382,8868eff2-191e-4e8a-8c94-198bebee437c,1009,C0687,20240724,417.73,17.0
383,ae8b51ed-ef58-4aa6-ad6d-4b7c610d974c,1028,C0648,20240707,1284.19,38.0
384,3e3861cf-ca99-4ca4-88dc-5dab5a549f2f,1040,C0324,20240822,1537.04,7.0
385,1b8b6be9-5a4c-4bb3-bbc3-bdf49bc51c2d,1045,C0129,20241106,344.78,38.0
386,785f7fe3-8be7-4260-86e9-153aa6baf37c,1031,C0678,20241102,370.42,31.0
387,f5c20103-4d57-4aba-bbdf-5d810ced2061,1019,C0617,20240715,261.8,4.0
388,42874ad3-8631-4ed4-9f9b-124cd2f6fd1f,1020,C0323,20240605,1015.07,42.0
389,3ceb663b-ceca-42de-916a-21eb76d1b87f,1042,C0667,20240917,1867.58,21.0
390,40fb0f4b-c9a8-4216-afb6-5d84a9e68011,1011,C0806,20240722,578.23,9.0
391,054a773b-fe5d-4191-942d-0ac594f0e54e,1012,C0907,20240719,1794.46,2.0
392,921304be-4e7e-4eed-b0cb-c4b0d6fff5a9,1042,C0999,20240709,432.72,10.0
393,de5a64f6-ef68-49b1-96ce-ab40553d984a,1025,C0968,20240930,1365.22,45.0
394,1574a798-fd2d-48b7-ab40-94e7bec6ec97,1045,C0168,20241119,350.25,5.0
395,2ce533ea-f5fc-466e-bf70-e02898641c0f,1024,C0918,20240915,946.8,41.0
396,635c916e-c720-4ab6-aeac-8922748fcdeb,1015,C0828,20241002,1739.38,34.0
397,05e411b2-4834-4ad4-a564-ec8c85994cc9,1042,C0662,20241115,736.98,16.0
398,37a74faa-c13d-44d2-86a1-8a8d5ed24114,1040,C0972,20241126,285.55,8.0
399,bc24ec41-2bfe-43e7-a28f-c1be65882c81,1003,C0099,20240822,546.26,1.0
400,95502eee-7fc2-4f7a-aaa9-9a1eb312192d,1012,C0857,20241011,1822.76,44.0
401,d3029704-eb05-4a50-9abc-6fafcd9ab5e8,1048,C0845,20240908,363.1,3.0
402,dbf8a84c-d61b-4c83-8a25-051a4b88caac,1019,C0609,20240913,1719.2,42.0
403,a511d097-2ded-4295-bbb5-68f1678db938,1010,C0906,20241119,1396.67,19.0
404,c3492ba6-a47f-487c-8d4f-b40fe97f44da,1007,C0486,20240726,91.29,2.0
405,23c9139f-c23e-4f12-b89d-2b2559646e78,1008,C0165,20241026,1981.38,2.0
406,009708b5-ed2e-4fa6-ba40-f50f16c42827,1027,C0758,20240618,205.61,26.0
407,56af1f1c-ebc5-4411-84d4-c0674a83ed40,1014,C0989,20240701,439.5,48.0
408,0c9cb69a-4f4e-491d-b57c-e17b80569da4,1021,C0848,20240901,1878.19,7.0
409,af07f679-3875-4fc0-b16e-663c842b127e,1048,C0676,20240912,1015.07,4.0
410,cc73e80c-6602-456c-9f75-405a6c44d64a,1035,C0256,20240704,926.62,13.0
411,892aca18-295f-4f78-9c94-59b9554b2769,1044,C0275,20240723,1854.03,22.0
412,78785861-a123-405f-9a72-373db3810f61,1000,C0370,20240710,1837.53,24.0
413,85953e15-1211-4bf8-a98e-dd055c7591ca,1043,C0113,20240630,1021.01,38.0
414,78583dfc-4fae-4f62-8967-4a22ea6c349e,1004,C0261,20240924,151.8,38.0
415,396811f5-1e74-4b61-bec5-ebef9618d63b,1017,C0109,20240628,772.62,19.0
416,860b4e6a-493a-4301-abc1-a88ce472ca77,1034,C0106,20240818,1554.5,49.0
417,8a7f7e7b-de8c-4661-a934-e201f33b8482,1045,C0047,20240608,1332.91,28.0
418,a31cd9da-0bd9-46f4-9b98-9b9355ba07b6,1013,C0827,20240927,886.03,31.0
419,4a2689a3-8c73-486a-9241-3ab5b8fab24d,1040,C0656,20240607,1181.63,38.0
420,61cf31fb-9534-4347-b30f-a73e65bbf081,1028,C0840,20240814,507.38,9.0
421,ec1da4ef-d2db-48c3-8b88-0ac7f80ffe3b,1042,C0378,20241024,414.09,41.0
422,3f81bc69-dff4-4ff3-babb-65d50d87f789,1031,C0106,20241107,90.17,43.0
423,f96d10ed-7806-4e2b-a016-f0469a737266,1043,C0957,20240809,420.4,20.0
424,a8bf0043-88f6-4d88-8541-365a6b72d33b,1009,C0122,20240621,1638.24,25.0
425,1f250583-6cfb-4362-9f06-b3641421fd51,1046,C0769,20241125,1315.97,25.0
426,006009bb-4199-46e8-8a26-339f93e1d1a0,1043,C0488,20241113,833.76,18.0
427,e8867991-c7da-47af-86d9-914b11b4c05e,1009,C0071,20240622,1777.43,26.0
428,a050a167-ca32-4c6d-bb3b-e8ccb81f7a66,1044,C0671,20240605,1923.11,47.0
429,00fce349-7af6-47f9-ba5f-ed6cd8b9b6c4,1022,C0082,20240916,962.34,13.0
430,db8e5a39-1afa-449b-a29a-794e847cc91d,1040,C0100,20241112,1523.84,49.0
431,96d2204f-951e-419d-9de2-6ac2ebb8c193,1002,C0136,20240618,720.23,19.0
432,9bf6675a-9744-453d-a63c-7d41a02a672e,1047,C0500,20241022,459.3,25.0
433,3fb5a6be-f30f-412a-b4b8-3b60fc7dd982,1039,C0997,20241109,309.46,22.0
434,77dbf1ad-1534-4d8c-85ad-6bcdc109ed4a,1048,C0638,20241108,190.62,25.0
435,6aca36b2-af1c-46e4-973d-ff6979ab5d85,1048,C0354,20240919,1190.01,28.0
436,e86bc1aa-388c-4986-b4d2-7347c9470a33,1003,C0916,20240802,975.98,30.0
437,ce9fb207-2542-46f8-b432-3f60b911a02e,1000,C0045,20240925,152.86,34.0
438,088eadf0-2c95-442c-802c-2f0535461094,1006,C0834,20241016,52.18,8.0
439,960672fe-c689-4511-b53a-c8c3a5403c1c,1011,C0155,20240822,444.08,40.0
440,bfb8f5c5-2c48-40a3-aa8b-5c124e1d95d9,1003,C0580,20240910,969.41,42.0
441,817331f0-2b73-4d94-b935-6996fe2c60b0,1046,C0080,20241004,506.61,41.0
442,86de06af-6f97-4da8-b80d-69374123d6f6,1000,C0064,20241001,746.15,40.0
443,d00563b4-f90a-452b-818e-475f1bb4f25b,1023,C0708,20240706,569.2,32.0
444,0e6d177f-03a6-4e7d-a493-607f3d33987c,1020,C0860,20241022,182.06,21.0
445,829a0853-6aff-4a3f-b9d8-8f5c01e835a8,1002,C0432,20240922,232.77,27.0
446,1baefff4-79b4-473a-a28e-9bb83fdc2b51,1038,C0477,20240824,779.3,36.0
447,92ef8ae6-c19e-44f0-8ed8-0c8093e358c6,1016,C0360,20241012,1777.17,15.0
448,da03c350-4a1b-4cda-9e89-0dd431bae2c3,1021,C0899,20240801,166.01,12.0
449,df8d6da6-a50f-4ff0-a897-c2a3eae1a26f,1010,C0914,20240609,1254.11,14.0
450,33ecdb77-1c7b-4084-9698-2b2cd094bd6d,1043,C0204,20240619,428.32,13.0
451,3f2b9f11-635d-4bb7-9a34-ae5bde7ee289,1024,C0268,20240918,871.73,17.0
452,5b264d36-cd63-462e-9ba9-553d048a69f6,1000,C0789,20241017,1109.17,4.0
453,5e6e5757-0812-4d95-b2da-802ea3abcbce,1009,C0767,20241012,444.83,3.0
454,fafb9786-2fbe-4c60-be7d-6d90d481be17,1015,C0194,20240619,1582.4,35.0
455,990888eb-c466-4b9d-aecd-53f9cf1c7b80,1047,C0568,20240908,1143.57,42.0
456,d9721a12-b368-40ba-9a9e-5197877a3dc1,1017,C0148,20241111,1151.51,32.0
457,b031d053-4053-46d4-8863-dbfb2becf2af,1039,C0622,20240610,1048.11,9.0
458,d552f5c9-430b-463a-bb9b-302d6f78d6a0,1021,C0167,20240607,769.37,17.0
459,bd5e6980-8720-4308-bc72-898c1d89ed23,1002,C0372,20240905,1329.46,40.0
460,56567571-98a8-48aa-aa23-645c8496ce08,1043,C0528,20241008,706.64,14.0
461,c27da671-0a4e-40ab-871c-e410064aac69,1042,C0121,20240917,1480.42,41.0
462,fa86e365-cb36-4eba-adc4-ed6be69c651d,1043,C0679,20240627,1280.5,10.0
463,a34262ba-501e-42b3-bf65-1965a3298f90,1042,C0534,20240716,323.77,1.0
464,cfa85f99-556a-47a8-ae61-633010003106,1018,C0499,20240819,1727.85,28.0
465,42b89a66-8fdc-4921-a925-b5a796a1ce46,1033,C0405,20241017,1365.0,44.0
466,ddca0120-9f6e-47be-b1a2-1798a826da95,1035,C0516,20240723,1122.29,42.0
467,046535c6-ed5c-4e82-bd62-c4ae61202cde,1031,C0629,20240925,1015.07,41.0
468,6e4225c8-bafe-40c0-a3dc-99c7b8928594,1046,C0337,20241010,1039.89,4.0
469,0abe3754-8dc2-4c25-b75e-bfebdd1907ee,1031,C0471,20240908,1500.07,15.0
470,5ca253ef-3225-4c67-82d4-529df8a18add,1028,C0170,20241026,1462.44,21.0
471,e6d3223c-dda7-4d0a-8706-3e9bc604840a,1023,C0832,20240817,272.74,50.0
472,8577329e-8abf-4c61-a5fa-2679a0b8b680,1045,C0551,20241004,1994.99,16.0
473,79359681-2043-4087-9afb-e726ff0a0e67,1001,C0638,20241126,178.83,42.0
474,710cf195-4728-4d99-a77d-31d88965be73,1026,C0586,20240607,325.88,20.0
475,25008f74-d7cf-4dd0-bbd6-cba1c2c418d1,1014,C0017,20240918,1243.11,3.0
476,b46251fd-3aef-4d58-aae0-4f7a73b61ed3,1002,C0255,20241030,536.39,21.0
477,6ab5f99c-87c6-4e4a-9daa-0d896c982434,1019,C0849,20240927,1317.24,30.0
478,16dabde1-deef-4719-a6ad-7b76c5a8a8ca,1007,C0658,20240913,1142.62,5.0
479,2e98d964-3082-495c-a7e0-f3a265700799,1011,C0601,20240718,1611.87,38.0
480,175e7edd-7ca6-42ea-b3dc-0855be75b03b,1024,C0127,20240625,1517.31,23.0
481,841bb04b-dbcf-4838-94c8-1d3161ee65b9,1000,C0880,20240917,1057.4,41.0
482,e257b097-7fee-4608-8947-5ca80ccc6199,1006,C0090,20240814,1270.09,5.0
483,d00ca947-ee94-429b-a9a5-9d6d2f10a154,1006,C0382,20240620,957.51,40.0
484,f01892e4-149f-40a1-95e7-fda3df4d0bc5,1032,C0349,20240805,64357.03,39.0
485,108d5264-e547-46cb-81e9-63ea291569fb,1009,C0306,20240704,511.67,24.0
486,31343592-b2ad-4319-87ae-017afd1ac07e,1000,C0029,20240919,1038.87,13.0
487,3fb923e8-bc87-48d3-a7b8-357417866130,1038,C0177,20240802,1062.42,40.0
488,e58ff439-4d0e-48f1-a0a4-0cfa1f4a681e,1048,C0152,20240813,281.37,34.0
489,8c1bf654-9922-4b82-a3c4-851f20724f8e,1002,C0209,20241011,1200.76,10.0
490,46be5414-52de-49b0-ba7f-0215a84c701f,1007,C0101,20241014,1367.41,44.0
491,bc7096a3-a879-495f-ad35-4dd9d0118b7f,1033,C0753,20241112,908.81,1.0
492,ca398591-2113-4e2f-968f-4317b8bbe858,1036,C0485,20240622,1551.94,18.0
493,c89d0342-6fd7-4b72-a1d8-6307d7307f04,1027,C0155,20241111,979.98,15.0
494,5f7edac6-c903-4086-8201-9e4a4ec6c11f,1026,C0519,20240710,1554.73,20.0
495,bda01f41-c91c-4de0-8cca-bb4e8908155b,1015,C0194,20241026,474.31,32.0
496,b9542698-85dd-41a8-836b-13f7422ed663,1035,C0187,20241113,1373.06,17.0
497,68d9a2ef-15d7-4ffa-87b6-d78fbc29c296,1046,C0050,20240903,475.21,1.0
498,0a707d3a-75cf-44fb-95e6-7b25f856445e,1009,C0098,20240715,1979.5,5.0
499,cbcad8a7-8c08-4568-abfe-b7a193c16761,1038,C0730,20240612,385.99,42.0
500,dedc425d-a7ba-4d96-a03c-f388a27baf68,1002,C0388,20240713,619.99,44.0
501,b9450f4d-a675-4139-8beb-8916779d8a78,1033,C0380,20240616,55.62,32.0
502,65b72da2-1aef-4210-80e5-50c8f199592c,1017,C0937,20241029,915.13,22.0
503,3d7150e8-da0b-4f1a-b1b7-c2031e5c02c9,1046,C0957,20240714,600.87,30.0
504,54b0bda9-594b-4429-b3d2-d4eb5737e2e2,1017,C0965,20240702,793.89,35.0
505,9607ad05-32ce-42a8-b4cb-0a701779d418,1009,C0662,20240726,1500.44,34.0
506,be0d7c31-ee20-4af3-b3e6-739f28293732,1039,C0002,20241112,1174.18,19.0
507,cde593d4-047b-4f91-b286-48ecdf88e0f1,1031,C0048,20240820,749.57,27.0
508,742bdb54-5d5b-4f7b-9af9-9341d0b1a8e3,1007,C0762,20241113,447.29,19.0
509,f40c08f4-f6eb-4397-9db1-e513ebc8304a,1032,C0518,20241115,845.81,29.0
510,ca12c610-6747-4275-9729-6a5f8f45840b,1014,C0976,20240910,951.52,36.0
511,7f9cb9fb-fd79-4352-ad79-4c8af20f956b,1014,C0322,20241019,641.87,29.0
512,ccd02707-1b81-466e-98c8-7f4a2d96fd98,1022,C0327,20241008,1336.21,26.0
513,dd653bb3-da27-47aa-ba73-a43b7f9a17bc,1033,C0228,20241008,1336.77,47.0
514,ab03b159-a41f-4fbe-8632-fb17741a2f21,1009,C0792,20240919,1900.16,42.0
515,81aca09a-9286-4e85-8ec3-ab25ef772765,1008,C0635,20240718,1932.3,24.0
516,9895b10f-6662-43fb-b3d8-d460f7816ff8,1009,C0812,20241103,1169.8,46.0
517,0ff5b729-18f8-4945-9874-74fd8b1df8f9,1031,C0491,20241024,1778.29,20.0
518,40f93e92-382a-4b50-9e39-7bd0d48e2456,1018,C0811,20240822,323.84,29.0
519,3a299764-ddfc-455e-bb73-f29601bfe8b5,1017,C0677,20241103,1580.03,47.0
520,0afe3e89-d9e4-4c3f-99d1-0bbff229e78a,1004,C0109,20241025,1809.19,1.0
521,cba0fc58-206b-488d-9be5-c4aa5d7633e8,1038,C0335,20240620,1005.63,45.0
522,d9f2fa6d-7f0a-4bfc-b870-278cf3b62b40,1022,C0057,20240625,820.08,40.0
523,af837e4a-580d-4568-a878-18018f436bfd,1042,C0889,20240913,347.27,21.0
524,9b845353-c13a-42b3-82e1-d25144b8cf39,1016,C0296,20240615,1015.07,15.0
525,a1f9380b-f673-4669-befd-3cb60b0d7b5f,1032,C0253,20241109,472.57,43.0
526,10b01dd0-24f0-4973-b7d9-587e198796e8,1044,C0471,20240627,1807.8,42.0
527,a8973476-f09d-4f58-a6c3-2cbc1c987094,1015,C0835,20240902,1842.33,50.0
528,798e10f3-abf3-4695-a17c-c0dce2b3f4d2,1019,C0948,20240805,1942.15,45.0
529,7e2f6456-56f7-4367-b1bd-61f85673a415,1032,C0418,20240623,1858.97,22.0
530,2a38c8b7-4db1-498d-b5c1-f078f9aaf6b3,1042,C0952,20240904,1439.33,11.0
531,85e099b8-3a11-4248-81f1-46dd8690ec39,1035,C0260,20241121,363.9,32.0
532,e1ec4f37-8f2d-4db0-bc8e-087431156e5b,1007,C0919,20240820,586.02,45.0
533,9eaf61d8-4e3d-49f3-a5ba-650c281721e9,1001,C0888,20240923,724.95,20.0
534,4992ef66-c275-4b9b-b490-a1e51bf04ca7,1049,C0559,20241012,208.7,23.0
535,dd016690-96d3-4b8c-a073-c4cee25fd556,1009,C0643,20240920,780.05,24.0
536,b4c24da8-f796-4dda-b1d9-bf3417e22ad3,1045,C0470,20240727,729.78,19.0
537,a8ea2afb-5fe1-4f3d-9d44-472723c08920,1023,C0250,20240610,1036.41,26.0
538,1b31c221-82ba-4a5e-b65c-6333a5f11da8,1026,C0599,20240712,1015.07,11.0
539,1df350f8-21d1-4c91-8ad1-4ab670b8f304,1024,C0225,20240821,334.57,11.0
540,2d074a70-9c1a-4d22-b80d-bdf5a07b309d,1030,C0865,20241121,1174.82,41.0
541,718e2634-031f-4860-8593-ea722238b59f,1006,C0355,20241008,454.88,13.0
542,31bfe333-5f07-4c7c-92a7-2276e0adc9fb,1018,C0187,20241006,1938.23,50.0
543,b2a09161-e694-47ca-bbc5-cc74e30b3121,1045,C0064,20240719,51858.11,33.0
544,fbfd065f-febb-4758-b71e-0cd08b1a1140,1044,C0227,20241015,1719.11,49.0
545,a32b226c-aaef-4668-af75-f490bc22a00a,1028,C0084,20240808,1393.49,18.0
546,54dfe6cb-eb6e-483a-b6fb-4d4afc004cd3,1030,C0025,20241115,250.43,42.0
547,8004afb8-479b-4729-b3b3-b768e91af8ab,1009,C0812,20240822,492.95,3.0
548,b0164db1-b8b5-4b0f-bfa0-ae907a05519d,1009,C0777,20241013,641.19,27.0
549,d53d82dd-7513-4ea2-81df-37e9712e2946,1034,C0819,20241109,1941.43,24.0
550,9abbec8b-fdb9-4b60-81d3-6b441990ca87,1011,C0605,20240628,1457.97,4.0
551,c1500a60-4962-47e8-af4c-9594962144f1,1029,C0625,20241121,1375.93,1.0
552,9606c937-2f00-4375-aa6c-304ae394c99d,1030,C0174,20240907,1620.23,43.0
553,43e8fe36-4b59-47f7-9c4e-62a9dc53d6da,1022,C0047,20240611,1058.11,32.0
554,78f22646-d45d-4966-bd74-a2dc2bdd7047,1005,C0676,20240728,246.15,9.0
555,3be80fdf-2c52-4516-878e-b0e73506d2d3,1038,C0111,20240924,617.0,3.0
556,a9f01a04-1f8b-41a3-ba31-a8237220b9c5,1029,C0464,20240929,1954.18,33.0
557,f0b5035c-f953-4e15-8d1c-b3372de75137,1020,C0877,20240625,51.28,30.0
558,561bb461-6b70-4d50-aae3-17de939d4002,1005,C0747,20240811,658.46,30.0
559,b65096c8-a8f6-4392-9ffd-2b6ae922c4b7,1043,C0515,20241118,1877.35,15.0
560,c9180470-21d2-477a-bbe4-7710f3228941,1020,C0235,20240626,500.42,40.0
561,4cfb64fa-c5d0-484e-bd4c-52ef6ad438ab,1049,C0884,20241017,612.33,36.0
562,ecea81f2-44fa-49f2-8ee0-1e95fbbc39a2,1007,C0045,20240609,968.95,40.0
563,f12df9c0-bd2a-412a-b17f-9f1d2067b61f,1038,C0758,20240717,1070.18,13.0
564,f62965ff-f3ae-4bd8-8080-e701a803215f,1022,C0437,20240605,519.27,46.0
565,881bef9a-842e-4589-97d3-853ebc1a6343,1021,C0729,20240826,265.4,2.0
566,783c0c08-3383-409f-9b79-87853fedd2ce,1006,C0861,20241015,815.51,18.0
567,57ef6d93-a5e6-480d-8f31-a33f7a44634a,1018,C0223,20240827,396.18,7.0
568,b276d982-08ed-4ad8-a437-5cca7677ff90,1033,C0963,20240708,61.42,41.0
569,2220f3d9-9a83-4462-9821-997119f66536,1020,C0842,20240926,894.76,30.0
570,120b023b-c039-4591-90c5-c65fc191e777,1000,C0305,20241102,1182.4,13.0
571,38a613e4-d1d4-49fb-8cbd-0ba161b2d011,1004,C0400,20240830,479.71,19.0
572,f428777d-220b-4787-b34d-b2d9f8919fc6,1017,C0894,20241112,1001.48,22.0
573,c0eb0221-7996-4b74-82e3-c7f38ce66bc0,1022,C0805,20241022,1558.15,21.0
574,6f9aad23-dec9-4be1-a5fb-81cdb0876d3b,1046,C0976,20241028,257.26,23.0
575,a92ebaef-fa97-4055-91e4-a118929d13e2,1046,C0264,20241108,1256.69,27.0
576,589a213a-5fe3-4f9b-8f3e-c26b6fe4aa44,1019,C0840,20240801,823.0,28.0
577,a1aa1be2-c7ea-4a38-9581-f115b30e245a,1006,C0856,20240606,545.69,23.0
578,616b990a-6f68-4cee-82c2-b5a01e7614b3,1027,C0157,20240930,732.55,19.0
579,45296454-15ac-46e8-89c9-9ed9b69148d5,1044,C0971,20240607,1657.0,31.0
580,5e8601da-04c8-4de7-a4e1-20c94d070712,1001,C0588,20241027,168.79,16.0
581,dd56352c-1c56-4302-a9e8-a1a9beeb8641,1030,C0172,20240611,1015.07,48.0
582,7ea614b0-86ab-4dce-a769-b5a19a2b4888,1034,C0156,20241022,1109.46,13.0
583,e18008eb-7bc8-4f9f-9481-da03032f6534,1028,C0549,20241108,973.6,11.0
584,2920eb8a-3b5e-4db4-a289-09a447aeff66,1043,C0641,20240815,876.8,17.0
585,5a3fd387-201a-4fe4-a20b-7149d2109c73,1017,C0682,20240825,956.5,33.0
586,bc51e733-9206-4db1-932b-2a42f5cfc559,1046,C0475,20240712,420.88,18.0
587,dd814126-362a-44c7-af5d-fa925b494cce,1035,C0694,20240616,1881.85,49.0
588,a9a16b31-8575-45c7-b7aa-f8508a198289,1008,C0924,20240823,1298.78,29.0
589,023e50ae-1c48-4037-b197-89e3ab9b1716,1015,C0692,20240926,392.48,23.0
590,0ad4b0d9-db3b-4719-aa1a-6193230fc872,1015,C0880,20240602,1656.92,27.0
591,563e7cff-e375-43df-b9a1-1b3ff54d7541,1014,C0222,20240705,943.34,7.0
592,3b9f2b30-ea2d-4fca-b7bc-294503432ab2,1031,C0261,20240827,148.86,40.0
593,d3c0ea82-588a-4b23-a102-d2e28441aa64,1035,C0207,20241125,576.79,32.0
594,76cfa788-62f4-4e1c-a8b9-152f0c86e019,1015,C0606,20241001,1366.08,34.0
595,9bdb1f73-d060-43c3-afa2-9f81e1506d76,1006,C0452,20240905,1975.8,49.0
596,ee236056-d44d-4742-90d3-594947a703fa,1011,C0031,20241120,1759.11,4.0
597,79fbb8f9-4c07-43e6-94ac-81e2ace377e3,1008,C0052,20241113,118.54,46.0
598,d8a5456b-74fa-45ac-84da-36be08880fae,1031,C0045,20241009,312.93,30.0
599,9b36a8b6-7e88-4664-9908-e80b8af572fc,1010,C0536,20240724,1413.87,22.0
600,2d9a5689-7aa7-4012-b1d8-805317422738,1001,C0050,20240715,734.29,46.0
601,6abdae7e-9780-4133-926c-f42d8e05e7ca,1013,C0999,20240605,1496.12,36.0
602,fb2efe87-111b-47af-b062-b1a0ee512cdd,1011,C0773,20240705,516.94,18.0
603,c7c35842-f688-4979-827c-95f5e0d83ad9,1030,C0696,20241017,368.24,45.0
604,4632873b-b716-49dd-809e-018f6b2fd4bd,1013,C0815,20240619,822.2,42.0
605,ced1c754-87d3-4c22-a5ee-f3c009286ef1,1029,C0960,20241113,570.63,11.0
606,abcd1c52-3cca-4266-90f2-b897b2e914e1,1024,C0150,20241017,1717.1,47.0
607,d1c35463-9eea-4132-87a8-d91dde961d7e,1022,C0745,20240823,650.79,50.0
608,0ef84a54-f9ab-4128-a381-4f222aed70d7,1043,C0598,20241102,1625.97,22.0
609,13644d4c-2390-4534-a638-97fa45088c96,1031,C0868,20241101,772.31,30.0
610,56107ad7-0433-475c-b077-b33b2f31e6b1,1011,C0115,20241023,1501.32,6.0
611,9ef306a8-12e3-469f-866a-44e0c1403974,1012,C0019,20240602,813.31,26.0
612,65e9d51d-879a-4764-b4d4-3d07b355ea49,1012,C0883,20240724,397.91,42.0
613,f0245d78-a187-43f6-b11a-f16743d2226a,1023,C0552,20240815,1423.34,32.0
614,ca7b931b-371e-42f1-a7c5-bb8550acf6b7,1028,C0821,20240807,859.09,49.0
615,10cae41b-6fd6-49f0-846f-3abe5c46753f,1011,C0042,20240731,555.99,10.0
616,52c1ab04-0ad2-409a-afa8-15052b43bc2f,1037,C0101,20241031,452.87,26.0
617,58f436fe-2677-4d5c-9afe-59e4f33f7a0d,1027,C0652,20241007,1800.26,25.0
618,cf4cb3b3-5f33-4fea-a494-9be4b94df92b,1032,C0330,20240606,933.25,35.0
619,0626e48c-b791-4a99-8dff-90a01b679daa,1000,C0690,20241016,361.53,50.0
620,c518b66e-85bf-4e1d-9b6b-2d4324f2cb63,1043,C0448,20240618,1943.14,5.0
621,1e13c3c6-496f-4f4a-9eb0-753d4f494a84,1004,C0868,20240908,1843.2,30.0
622,e9970dd2-4aa5-45d5-8010-45f492b4cd9f,1048,C0783,20241028,384.11,6.0
623,df9b73e5-80fc-48de-9697-2b3924987d4f,1013,C0753,20241015,1059.64,5.0
624,fd5cb847-f040-4f54-85c9-9fb0b76c74f9,1023,C0212,20240817,1585.7,25.0
625,33aba89b-43c5-43d3-9d34-600dfbaad27a,1032,C0454,20240916,1025.17,47.0
626,dcd3fa22-8480-49d2-bb4f-00af6fcc70d7,1005,C0324,20241120,752.76,14.0
627,63b5b647-f94f-4067-a630-d9e2801f4c0d,1013,C0758,20240807,1498.0,38.0
628,3db5ff1d-6f6a-4a7f-8770-4ab5f104bfc5,1001,C0209,20240805,1000.09,10.0
629,1d368921-51a1-4b79-b3cd-ca7d69bc28a9,1018,C0596,20240716,587.73,2.0
630,03e74dd3-9c2a-467a-896c-9da3f7919225,1003,C0555,20240701,754.89,9.0
631,6b8b2138-7d37-4792-9763-00134332529c,1018,C0674,20240926,962.95,23.0
632,4c712ce1-66a4-4e3f-bebf-a52712f4ebbd,1027,C0604,20241109,266.41,16.0
633,a6c805fb-6e7b-4413-b9c6-8d0f2e9e12fb,1042,C0566,20240719,954.95,9.0
634,23e505f5-83a7-4fc3-a765-02ca40e24863,1016,C0379,20241024,310.6,36.0
635,f7672bb2-04f8-4cc6-84bc-11a5d944faec,1013,C0530,20240617,1564.74,36.0
636,f785b29a-275c-41cc-b592-3d8fd15fb22d,1024,C0115,20240610,1532.07,7.0
637,a0ed9815-8fa5-493d-befd-d4cf4140e029,1049,C0189,20240801,1983.94,6.0
638,52b50be7-b897-48dd-997f-ca71baf50652,1007,C0896,20240905,660.05,12.0
639,f6c6c3c5-8014-41f7-b209-acb0729a225f,1045,C0340,20241105,773.87,49.0
640,41def7ec-08de-4d4d-a6d9-c6d19723cf4f,1004,C0559,20240624,1015.07,12.0
641,6abc548d-c6b0-4fc4-989c-f340f059d0d8,1006,C0654,20240714,1224.67,38.0
642,7db0c16e-4955-4b3b-9722-29735e78625d,1016,C0686,20240724,1493.59,5.0
643,dcd8fe85-9259-4e7b-852e-4a4bd28100e5,1028,C0585,20240611,929.64,8.0
644,a8c4cd77-2c2f-4a29-b84b-3606246bcef6,1014,C0889,20240626,1731.89,48.0
645,7eae0e5d-9558-4a26-a306-623e3b8c1167,1021,C0511,20240929,590.28,45.0
646,ad794892-839d-4edb-bf6b-42f5bbc5f0fb,1013,C0352,20240927,219.56,44.0
647,33edba52-feab-4cd9-b937-de7a273a09d8,1032,C0273,20240623,1923.15,48.0
648,a4f1163a-66c8-4bc4-9eab-b21403dc6eb3,1043,C0709,20240726,1995.98,1.0
649,77e3d65b-0257-41f9-a2b0-792718c1962b,1039,C0194,20240908,1137.66,10.0
650,59815fdd-a34e-4124-8c75-73b6325839d1,1012,C0623,20240801,1015.07,10.0
651,b250f78b-9b90-49c2-9ebe-0254dc7b4121,1015,C0123,20240715,1646.4,8.0
652,71bc9db2-0a5a-4e35-b044-4b2c1d8e43dc,1044,C0353,20240619,238.6,14.0
653,ad95af12-d841-45e2-9f45-a107acf81df2,1008,C0227,20240825,1015.07,33.0
654,0dcb3e3f-7b37-4b50-a9e5-d31357c88b15,1003,C0504,20241126,1358.0,14.0
655,b51dc37d-8670-47fd-a586-e246aac22617,1026,C0618,20240929,273.9,38.0
656,9ac18a57-c230-4c82-acd1-34ce9bd201f7,1023,C0238,20241002,1015.07,12.0
657,41993608-71aa-4142-8f09-3d628c21fe92,1014,C0757,20240908,1580.42,39.0
658,a3a5bdc6-8a8f-4dd5-a688-8aad73bdad28,1041,C0539,20241121,1471.25,5.0
659,4d3556bc-282e-4dd4-8a80-a98527dd97b1,1040,C0019,20240615,761.33,44.0
660,58d24121-8e0f-4a7a-8fd1-22d24be51315,1023,C0343,20241123,359.96,13.0
661,0bad6985-9da2-449d-8330-1a5052ac236b,1043,C0738,20240918,272.45,43.0
662,11dee62c-8a24-4679-b130-10aed0ce98bb,1032,C0754,20240909,1061.32,24.0
663,561235b1-bda1-4596-a004-23d2e7af436f,1042,C0206,20241012,155.13,5.0
664,63a09e91-3223-4a34-9863-208fdd0e8dc2,1040,C0368,20241120,594.68,33.0
665,20f63284-459b-4fb7-bce2-9b6502ab4ede,1028,C0001,20240915,79.99,6.0
666,23ac4962-8077-438b-9607-f9cad804b7b6,1048,C0181,20240912,800.11,21.0
667,151e6a5d-e5fb-4023-beb4-96fb16e67c75,1028,C0570,20241027,1296.34,21.0
668,3ec10cc8-6ecf-4c7e-aafd-841640103dc2,1032,C0229,20240922,797.78,35.0
669,c991e560-3abe-4974-b9c6-3debaa26c628,1020,C0535,20240717,642.67,3.0
670,1a3e9306-6fbc-465b-af04-174ac04271f5,1044,C0106,20241021,327.71,45.0
671,b692e286-d5a9-48d7-8849-4c7f6f2358b6,1048,C0931,20240603,813.67,22.0
672,c52db262-fce8-4c06-b3a2-8e55bc538833,1039,C0166,20240626,682.26,10.0
673,4a7af4ef-d426-45d7-864f-5d8954ba02b1,1003,C0883,20240701,1061.96,14.0
674,385c1982-8a24-4955-91a6-8e85f1222df5,1047,C0065,20241021,1039.93,47.0
675,29dee9cd-e803-4f17-bee5-36cf59d75211,1041,C0238,20241124,523.98,24.0
676,7d7b1752-1f96-417b-8508-ca9cc37d7d25,1037,C0487,20240831,1015.07,25.0
677,02331b4c-a5ce-4503-abd8-c546ddfdd90f,1004,C0586,20240723,363.8,33.0
678,ed018a6d-8fdb-40b5-bf0f-654df129f35a,1000,C0065,20240905,322.79,20.0
679,15a33bca-e521-49e3-be6c-1cdb837159e3,1016,C0292,20240825,1659.38,44.0
680,ddcdb79f-47aa-46f9-add4-47aada601479,1043,C0697,20241017,1527.23,13.0
681,21e12cec-75bd-4f05-a8fe-f9c184a74e2f,1027,C0908,20240817,852.05,37.0
682,737bf5ea-c5c4-44fe-9adc-cc725df0b2f8,1013,C0139,20241114,1725.6,10.0
683,13264635-804e-46ec-ac2c-8acfc13020ff,1036,C0042,20240814,597.95,19.0
684,0b2acc83-4bcc-4f11-80b3-652502d4bc5a,1017,C0382,20241126,1816.62,4.0
685,27609e7b-5b82-4b77-9ef5-b1f56f4e4ef8,1020,C0646,20240831,1541.02,36.0
686,ec516212-2199-4e1f-9ec4-c0d98b1f4acd,1017,C0374,20241101,364.19,38.0
687,81e5d6a6-fc9a-4b25-9931-d05a0b3bfb6f,1002,C0346,20241115,137.15,12.0
688,71441fa7-85f3-4549-bfdf-14d5166ea372,1001,C0392,20241031,1770.35,29.0
689,57b7c815-267d-4cd2-b00a-96e3cb2f73bb,1030,C0067,20240716,265.57,31.0
690,875fdf2c-476c-46da-a91a-89c8a2131093,1035,C0688,20240801,1391.52,34.0
691,d2f8521f-9fde-435a-8a50-2ea238052ab2,1047,C0041,20241113,21176.88,5.0
692,6ea3a93a-76aa-4f8d-9761-c8b65eaf6b49,1031,C0849,20240702,1374.44,3.0
693,13855bf2-d3cf-4ee1-93bf-f1d680fac827,1023,C0239,20240807,1962.39,11.0
694,8044e2a2-2264-4381-8756-4a79876f01b0,1044,C0914,20240811,478.4,21.0
695,e3458aa9-eeed-4e33-98c9-9eb1dd454ffe,1020,C0845,20241126,1981.84,17.0
696,e909ea0d-ef5e-4c32-b325-5c6007c5c8f1,1036,C0650,20240914,528.95,13.0
697,5d94a20a-7bc6-4181-bd35-20eda5708379,1014,C0501,20240810,1637.48,46.0
698,a880569b-3d4b-4697-a42b-c2b5c3226300,1040,C0153,20241102,1661.95,28.0
699,d162ad17-e87d-4ff0-a57c-2ec68b462321,1009,C0311,20240621,1015.07,33.0
700,a50f3ce7-d583-4dca-a6eb-1aac01e3fb7a,1022,C0383,20241014,194.59,14.0
701,25f07bd1-28aa-41bf-a586-daeaf6457e2a,1047,C0458,20240911,457.47,11.0
702,86d18788-204c-4d1b-8de8-487322d6cf30,1023,C0011,20241111,380.69,10.0
703,13b0333d-a2e2-45a1-afa9-b7713329c527,1029,C0656,20240923,531.07,36.0
704,2d45cb9a-fcd4-410f-89b1-6b0e43cbec79,1028,C0274,20240810,371.77,48.0
705,61c42392-cfac-46ed-9a2f-11c79ab9755f,1021,C0368,20241105,614.32,16.0
706,76db3144-ab15-4d34-b3ea-ce1147cfb9e0,1016,C0764,20240927,303.26,42.0
707,5b8d4460-e626-402e-b753-7afbdb3fc5ce,1026,C0675,20241028,1621.1,46.0
708,0666c441-b194-4ca1-a9a0-911d0dae2fb8,1032,C0537,20241014,1211.85,2.0
709,dbaf4436-38dc-4cc5-8fde-a584a68718c1,1004,C0707,20240811,1705.38,21.0
710,2d8d9ecd-032a-4400-8cde-a7f40bf58aab,1048,C0493,20241109,1251.31,9.0
711,c874c815-242e-4d94-a8c4-082dc38bf00a,1041,C0683,20240614,1098.24,26.0
712,c2faab1a-487e-4d50-afa2-83a06bd70b45,1035,C0351,20240806,560.44,26.0
713,04de779f-408d-4f3c-a221-24e68d73609e,1034,C0598,20240809,1584.41,36.0
714,7f6419e8-de5d-48ca-a703-5e2ea3b3f17f,1020,C0461,20241108,488.53,41.0
715,e5c4bdb3-c8a2-4fa9-a907-6820435938d3,1046,C0067,20240701,889.86,9.0
716,9a55e6bf-65f4-4a17-8c2c-e2d3a248f703,1010,C0668,20240705,1015.07,48.0
717,3bf49e92-8e06-4e76-9c89-d6c6d6c79200,1047,C0971,20240725,1720.56,25.0
718,5e1e658c-47dd-42b4-83f3-9326a4cca930,1043,C0613,20241024,1838.36,46.0
719,d979bcb5-cf10-439a-a7a4-37608cf85bb4,1049,C0642,20240629,195.59,44.0
720,1880abc3-3409-4c4d-9315-fc2ba0fbed74,1046,C0799,20241011,1337.22,42.0
721,03e5181e-872a-447d-894b-6366385ad064,1017,C0663,20240822,938.23,44.0
722,d458de8c-632e-4ff8-96a5-e887e22210b8,1014,C0534,20240718,1645.67,20.0
723,a17c81d5-4bc9-474f-858e-6a06c9d31286,1048,C0818,20241024,928.36,25.0
724,ac2347ab-64c8-4967-a3cf-d51fed564120,1006,C0197,20240710,1361.64,20.0
725,c01586a4-9af7-4c2d-87e9-5a9f6ed31ee1,1013,C0490,20241015,499.01,23.0
726,ac3c3394-5730-4dd4-b7d7-4d21494a0c36,1018,C0749,20241124,1183.05,10.0
727,dba408af-0751-4eb2-8a82-d51a50218544,1016,C0129,20240802,120.48,49.0
728,639e87fc-17c9-422b-b327-07b64c8d82cb,1029,C0836,20240930,366.37,39.0
729,ba25dd1b-3e84-4145-8b18-aa7b1f3b2616,1019,C0187,20240731,1662.1,24.0
730,e7e217ee-6d3e-471c-869b-1ed8bd74a3de,1025,C0706,20240926,876.27,30.0
731,bebfab1c-c5cd-42fd-b5e9-85deea648a85,1017,C0533,20240716,1894.36,15.0
732,75cb85cd-ee1e-46b3-ac9f-0f886664fc74,1041,C0062,20240811,1329.03,9.0
733,9c985c08-2a81-4e21-ad2e-3dfda772e031,1027,C0815,20241108,247.87,1.0
734,24f2dd9d-74b5-470c-88f8-5d9d6c820f51,1038,C0878,20241024,1470.34,27.0
735,52b10633-b0c0-4212-ba4d-7cd193a980f1,1037,C0224,20240822,179.9,43.0
736,a7d38328-0eab-4fbc-aa6a-091bc532cab4,1018,C0808,20241019,853.31,28.0
737,acff26f1-6ff2-466c-8664-b141906649ef,1016,C0311,20240718,420.23,6.0
738,3a9a441d-3d24-4a11-97ec-65ea91a3e022,1043,C0873,20241008,1486.05,3.0
739,17ebb606-58d3-4785-8119-cc3f69fe67eb,1028,C0495,20240716,1878.46,7.0
740,840c011e-9969-418e-ba09-490cd329440d,1032,C0855,20241031,1734.73,6.0
741,9a53872a-d485-49ec-839e-7b3d2ddb7f13,1031,C0615,20240722,1656.95,35.0
742,a0a4e82d-04b4-4e14-9680-5de623da21fa,1040,C0542,20241104,968.13,2.0
743,fbd9e3d9-94c0-4695-800f-639ce04b4698,1019,C0358,20240902,1560.6,9.0
744,b2156894-50a6-4353-b85c-5cd977b710ef,1035,C0540,20240830,1741.01,21.0
745,dd3c9a27-9d44-41be-a9fe-bc98065274bc,1010,C0728,20240928,596.56,25.0
746,dcebafa4-fc6b-479d-a51d-b1217288ee89,1020,C0172,20241025,1396.65,18.0
747,2a66a39b-6041-4b1a-9eac-55ab8d0882ee,1020,C0241,20241011,1094.04,19.0
748,a1a8cc32-beda-4e3c-bd4f-2457fb69ed70,1016,C0549,20241108,912.8,16.0
749,7e0dca06-0835-4326-bb7d-6238c62aa935,1018,C0758,20240610,920.31,10.0
750,a908bd71-cb8b-4965-8932-ee07eaf13045,1045,C0209,20241109,1186.63,31.0
751,05dd0158-600a-4733-8bbf-eb93cda0e7f9,1016,C0635,20240902,1313.77,11.0
752,094271fd-7cb3-453b-9fdf-5f1766b89f9a,1019,C0494,20240831,746.71,18.0
753,d307f922-a1aa-4fef-9e94-19f3eb7b2853,1030,C0322,20240828,1987.33,4.0
754,4950d9fc-429e-4ce9-b4f2-7fcc1ee853de,1017,C0663,20240627,1928.56,27.0
755,83570851-6ce5-4c7f-b97c-52f97685b17a,1005,C0902,20240916,703.47,12.0
756,e41ec5a9-d7cb-4ec3-be5f-74ac1e3caa0d,1006,C0118,20240829,1659.27,10.0
757,fa7d86c0-c755-4a59-9c1f-f9043a98586b,1025,C0459,20241029,999.34,2.0
758,6544132a-82d6-433e-9b8f-bcc24fbe1ff1,1004,C0864,20240901,1952.02,49.0
759,a2d6ceaa-6241-43bc-9654-e630aa29aeff,1019,C0131,20240823,1015.07,34.0
760,77b60eb2-666c-48d1-add5-d860e9c11b76,1035,C0327,20241013,474.99,8.0
761,af040594-1a2d-4430-b46d-7d038a983a59,1011,C0433,20241117,1999.85,44.0
762,81f55c8a-c59d-4cdd-a66e-5737f89447fc,1044,C0400,20240721,206.11,49.0
763,8d5a7461-d0fe-4c04-a5d0-35c18bf654e4,1017,C0262,20241008,1671.34,12.0
764,143d1236-5a0c-4d3c-8d86-10ae12644d9e,1025,C0405,20241117,1681.25,5.0
765,4138aad0-79eb-4a28-8152-ba78670c1dc5,1047,C0891,20240912,532.22,27.0
766,dc56f2d1-83e9-414e-ae51-a64eaf061ba1,1013,C0888,20240609,1029.57,37.0
767,0c2c05ad-26ee-4cd6-92aa-50b3bca8089d,1000,C0414,20241115,1392.62,19.0
768,87cb0c8d-4d7c-43ed-8b84-b0f6b57de693,1035,C0251,20241016,379.2,13.0
769,97b7e728-357b-4f4b-8ef5-61b0aa859c39,1033,C0984,20241101,646.1,20.0
770,79d62a38-35fd-4f1c-877a-a193d4790803,1018,C0925,20241110,729.74,43.0
771,afa2101b-fea1-41cd-a837-b512ad978019,1021,C0426,20240612,1413.44,7.0
772,eea0a291-9d2c-441a-aeb5-23f2de27a616,1007,C0442,20240830,1335.6,24.0
773,d8c2f374-49d0-47b6-95c0-7173dc0a78fe,1009,C0989,20240608,1858.66,9.0
774,291eee74-7fe5-42ef-80d3-d519ffcb9f36,1019,C0945,20240827,471.89,17.0
775,916c083e-de3b-430e-8fb7-bb19f756ff69,1037,C0122,20240725,1586.53,27.0
776,ac081763-1ed5-46ca-89a6-3c4764b7ee28,1042,C0434,20240617,165.57,25.0
777,77e12eda-8b71-4d9e-96b7-a3637671f07a,1038,C0663,20240716,847.21,44.0
778,99f1d971-8ccb-4dce-8875-c114bdf8edfb,1026,C0063,20241024,786.79,9.0
779,743759ee-93ca-48e0-bf62-f4db28515d74,1042,C0751,20240615,1517.93,36.0
780,190d2e7e-9061-4f53-af67-438f34a74ce4,1025,C0515,20240915,1899.47,42.0
781,352e748c-cddd-44e5-82dd-24ba7a4588dd,1003,C0622,20241121,1839.98,3.0
782,e80047a8-4983-47ca-95f1-6715c5c9c029,1001,C0804,20241103,627.81,17.0
783,632d7c0c-c6b4-46e3-b310-f6c639be2f0c,1033,C0572,20241113,1601.12,46.0
784,13b568af-d64a-4fec-a8d2-8189b7af5aec,1030,C0199,20241125,1466.61,45.0
785,ab6e59ea-5839-426a-922f-589a7c88e69a,1031,C0093,20240721,409.24,30.0
786,c6798835-580c-4b84-941d-5f5b1c2f5903,1006,C0628,20241012,533.08,28.0
787,cf2cb457-a0d9-4f4d-a8e5-ba8c385d0e05,1000,C0821,20240926,451.42,31.0
788,60337106-faa0-48a5-b55d-75db312c71ab,1004,C0426,20241109,61821.5,15.0
789,b152281d-8e2a-4818-a590-7ad6dc0ee2da,1004,C0771,20240609,149.67,11.0
790,15377a22-3c69-43b2-b62f-f356dc5d0da1,1038,C0461,20240716,1198.5,42.0
791,5b75b832-c799-46b2-a260-ed0c2c49993d,1039,C0839,20240919,1806.84,40.0
792,e6b68629-400d-49e1-8caf-988d3d645dae,1037,C0089,20241107,1294.87,9.0
793,8a77c2dc-d75b-4bd4-8956-5629732a86f3,1048,C0853,20240704,742.73,16.0
794,c2d7228a-1070-43be-81aa-87cf29207d07,1004,C0856,20240701,1015.07,15.0
795,55234916-434e-4852-aefd-a7d7268c8d2b,1000,C0370,20241026,779.08,18.0
796,07d9639f-f547-4ce9-b562-8fd485898621,1032,C0007,20240617,1784.61,14.0
797,8800e90d-5f9f-4d22-828c-1d0a73b9ad5a,1046,C0451,20241110,1709.84,14.0
798,321c5ba0-8d66-482f-9974-9fa7ea76ae93,1049,C0558,20240620,1290.41,21.0
799,4bf7f681-bd96-4778-8593-526bd812ee8b,1043,C0322,20241026,745.45,44.0
800,9a424550-345d-4752-a517-2af1cfadf97e,1033,C0273,20240911,1252.76,48.0
801,58c28c9d-8a28-46a9-bf34-fb0f38bfb917,1024,C0995,20241006,411.84,21.0
802,a1d0dfd4-78a9-43a4-af12-aa7c601f94fe,1008,C0374,20240612,207.48,41.0
803,4efd9431-718a-42a1-9f5d-376018fc8ecb,1040,C0774,20240711,1540.74,29.0
804,a27517fa-4355-47d4-b7ff-b70752b304ba,1008,C0517,20240605,786.25,49.0
805,6b57e909-a983-4329-bde7-9a0ced677058,1024,C0437,20240611,333.49,30.0
806,49018e66-4c65-4a4b-b775-b5cdd3a82dd1,1003,C0642,20240914,319.41,20.0
807,0592fa6a-6ad8-4083-8d87-ebbcb4899f54,1007,C0341,20240717,1992.96,47.0
808,75f5b12f-c10e-45c2-a8cd-2b937f90a846,1038,C0105,20241021,1517.9,12.0
809,4bd456cb-e862-4307-bec7-c0df79288841,1043,C0972,20241019,1257.92,27.0
810,086259ef-dbee-41b7-a69c-39ace31ca2a4,1038,C0983,20240827,59.05,49.0
811,c3b4ef77-7237-49f1-8386-17df32d26a17,1036,C0869,20240722,1417.91,21.0
812,bc6208d7-4d74-446a-a711-ac4c59fd74ed,1032,C0487,20241005,295.59,3.0
813,7607c26f-819b-467f-a71b-812acce9c751,1019,C0221,20240619,1755.86,22.0
814,8433f3b1-b541-4311-984a-caec78b53d20,1017,C0439,20241008,840.0,26.0
815,e5e244fb-eae2-4e7b-b81c-33a393f48a0e,1038,C0555,20240705,739.14,39.0
816,4f388c61-6e3a-435b-bc4f-f9cad162dba7,1014,C0037,20241001,1266.97,16.0
817,57f2ae0e-bda4-4548-8a08-0772527af7c5,1042,C0960,20240620,741.42,17.0
818,47e0f463-6707-4279-a0ac-a1a1f98f788a,1014,C0908,20240912,1015.07,23.0
819,c36cce8b-9cfe-43db-893a-df0bf29de66b,1046,C0049,20241003,1015.07,5.0
820,b2310af8-4f29-4ec8-a0ed-93175d9b7811,1035,C0727,20240801,959.91,34.0
821,fe4b368f-8be8-44df-9ff0-aa22a8424eb1,1035,C0187,20240826,1954.46,9.0
822,ad41839f-b2de-46ad-8e1d-239e19bb42a7,1004,C0821,20240604,913.57,46.0
823,eddb7ba2-5190-47e4-bd1c-1254a3f35944,1044,C0528,20240705,937.61,13.0
824,d063548d-10df-4a64-81b7-a2efa8de893a,1017,C0826,20240926,1015.07,11.0
825,0a8218c3-d53a-42b3-a4e7-dea6d993e13e,1025,C0652,20241001,1554.56,2.0
826,5e3dd6ad-2e20-43c9-be9a-5e695a828761,1029,C0325,20240918,1093.49,2.0
827,0d47127e-2ff2-45e9-89a9-66de31cad700,1004,C0195,20241123,1988.94,6.0
828,4397cf75-539b-4388-915f-c3e58e6bd89b,1029,C0845,20241105,1023.11,24.0
829,d33e3ead-0939-440f-8545-3aa66a4ca841,1035,C0332,20241114,1774.98,34.0
830,e226f636-5d56-49d2-a3ed-5dd720800855,1014,C0273,20240608,1236.56,6.0
831,1719c84e-8735-48a3-9dae-207fe9ee0e6d,1023,C0623,20240919,542.73,48.0
832,8c773f20-fd52-4637-a3a2-27eec7749146,1010,C0901,20241128,1341.32,34.0
833,054c9a74-96a3-4429-868c-fae4b7dbd549,1035,C0989,20241017,1769.94,23.0
834,2c98cdb5-16c7-420c-a45c-af3424d3033d,1002,C0262,20240608,1408.81,15.0
835,7dde946e-8ad2-4a68-a53b-6f273adc4957,1015,C0355,20240701,1458.49,24.0
836,34b06fab-d2c8-4927-be6c-41891cffd793,1000,C0393,20241029,742.07,5.0
837,38acaba5-03c0-4f87-acf7-d1c30fd55fdc,1006,C0621,20240603,1181.23,15.0
838,f335c90f-a724-4994-a3f9-b12259a04647,1017,C0114,20240914,1015.69,2.0
839,b99748b1-93a1-4077-a3ce-eeaf8e698558,1018,C0079,20241011,851.54,2.0
840,62c02de2-bc1a-4ca5-b197-10133c5ed298,1043,C0429,20240811,210.27,19.0
841,dc4aaf66-9eda-4dac-a6cb-358ea517a495,1015,C0844,20240706,1009.48,49.0
842,c8bf0dfe-3e15-41b7-bf7e-698e05e29394,1001,C0538,20240726,611.33,26.0
843,0d7d9d30-6c49-495f-803e-b200aef8b769,1001,C0567,20240729,1413.55,29.0
844,2f278a91-1afb-4d59-b29d-3486c1c865d6,1010,C0200,20240724,1218.29,4.0
845,40d07c26-a066-43ef-8d9f-9e8c804df8e6,1025,C0758,20240908,1449.25,35.0
846,5d33b363-632b-4f3e-8ebc-4bfd1e5bb92a,1008,C0799,20240824,1783.25,39.0
847,c5f425a3-dee4-468f-8db8-4199ee48ded4,1004,C0914,20240815,391.7,11.0
848,0f28d438-8a6f-44f4-868a-ab6ca1ab6ac9,1048,C0909,20241121,1077.51,47.0
849,604d2adf-df32-4301-a93c-12248343d8e3,1018,C0437,20241121,814.59,33.0
850,daf9f466-259e-41f6-a57f-c6d14fc9ce11,1038,C0782,20240616,280.08,23.0
851,c55c115f-dbce-44b9-930e-89a5aa845985,1030,C0691,20240827,1363.58,46.0
852,f69d33ff-0259-4066-bbe7-f983735f30ab,1013,C0972,20240919,1944.7,29.0
853,871f1cde-b7f5-49aa-a412-6304f3ca49ae,1029,C0983,20241020,1380.18,32.0
854,8261c86e-e8a1-46f1-a499-0e41e6d95149,1003,C0991,20240818,1565.9,30.0
855,33196948-9ac1-49b9-abae-0fe315790e61,1039,C0343,20240717,91.74,2.0
856,be6cdd5a-545e-47f0-898d-06ab1ab44ce0,1040,C0237,20241107,1035.44,36.0
857,a6d26947-ab14-4c5a-bb20-a14ebb042c70,1032,C0356,20240827,485.12,7.0
858,ef07dfc7-7810-4ffe-94b9-0ec0215d4c18,1017,C0834,20240801,1015.07,30.0
859,e5cb4f03-9824-4e01-abf9-98f536178bf9,1011,C0852,20241114,1090.03,49.0
860,b7d3c85a-fe98-4dc4-90ae-b975f4403cdf,1028,C0605,20240623,1061.31,28.0
861,6ce175b9-f2f5-46eb-95d2-3976f8617646,1015,C0512,20241108,1463.12,3.0
862,7d004af2-6953-4638-8525-b7b84755185c,1012,C0385,20240704,1451.27,26.0
863,182f639d-e5b7-4cca-a11a-514eaf157982,1037,C0887,20240730,1377.36,29.0
864,495b6544-fc25-42eb-9594-fb7b3268f4bd,1036,C0401,20240715,1457.33,39.0
865,22bd4f0f-de97-47d9-9014-047d78de706e,1028,C0462,20240903,1372.78,8.0
866,35c69a2f-d1dc-4657-8cb0-dd9fc9f76afb,1017,C0398,20240907,1561.2,5.0
867,64859b5a-2762-4f2b-8b0c-ca009e6cf6d7,1048,C0744,20240719,108.05,22.0
868,a3ac9b18-ffc5-41f0-9944-4803aa6aacc9,1027,C0495,20241120,1305.21,47.0
869,427199b7-e4ad-4db0-987d-236728d5ed43,1019,C0592,20241128,70.41,44.0
870,f89d7d21-5ca1-479e-a11d-29f9afe4b42b,1013,C0383,20241004,1317.33,27.0
871,b1c6a90a-3f81-4fbc-980d-138b4fde9b30,1018,C0237,20240603,1967.45,31.0
872,e91a9f68-d02f-4454-8ed7-430ace91c7a5,1004,C0848,20241124,629.34,6.0
873,57649643-0abb-4cf6-a969-54fd8c9da945,1011,C0393,20240707,780.49,3.0
874,1d068824-daaa-41d4-b322-af88442db196,1042,C0082,20241126,1201.68,11.0
875,738fa143-6316-40eb-9fd2-49e370cb47f5,1049,C0440,20240810,119.22,22.0
876,4c400fde-86f1-4494-9914-ce8f09fb0acc,1020,C0199,20241103,882.29,15.0
877,2e42a260-fba8-4d2d-be51-bd8df8428def,1018,C0567,20241022,1258.01,16.0
878,f9aed65b-56b6-48b4-b704-e1f4f74ec253,1000,C0113,20241013,902.43,29.0
879,6948bed9-2c3a-42cd-92b8-9463385162ff,1041,C0894,20240601,665.56,8.0
880,a5227daf-0aa7-49a5-a1f9-4694a5e776d5,1003,C0525,20241011,927.96,34.0
881,26bdc8c7-2969-49df-a58d-433139df854e,1032,C0380,20240721,342.1,16.0
882,ddbb3f09-b16d-4bfc-942b-5fb246a97b5f,1046,C0028,20240703,1466.48,45.0
883,93039a0f-0f33-4904-94c3-3b42cc8888f9,1013,C0721,20240816,1033.63,32.0
884,4eddd913-df7e-4dbd-a59d-8d9753eda030,1040,C0256,20240901,962.94,16.0
885,b0bcd87c-4d56-44c5-98e2-572452436775,1006,C0826,20240611,828.27,24.0
886,b700a5f2-ff08-472b-bf58-bb7ef6581917,1017,C0047,20241122,399.51,46.0
887,d252fe7d-6abd-4a89-95e9-dbba46956c92,1031,C0286,20240910,301.18,49.0
888,6a5e87ba-2d33-475b-a202-373ddf008b43,1033,C0893,20240712,1744.02,48.0
889,319917e8-82f7-4dde-b01a-47651a5fca03,1043,C0842,20240914,136.69,26.0
890,daec1f36-f93a-4230-b8fb-7aeff982b236,1013,C0871,20240615,143.73,49.0
891,fac378ac-50ad-4e37-8dfd-4b53ecbdd9e4,1041,C0407,20240913,437.7,2.0
892,5abc5831-1637-4bb3-a0e7-6e270239da2e,1043,C0228,20241010,229.0,14.0
893,5ef4b931-37ab-4d43-b630-6f98754a0f2c,1019,C0893,20240724,1598.95,9.0
894,2d6fd5f7-9988-4f38-a34e-c1080405f7b7,1012,C0973,20241007,1665.32,9.0
895,a38c2782-1955-4769-8f4e-925ff55b5ef6,1042,C0073,20240720,1189.45,27.0
896,ec3a65f3-8913-4497-b108-36370934eb1f,1004,C0425,20241115,80.16,23.0
897,0a79dac8-c63c-4982-adfc-4ab35bbe43f4,1017,C0074,20240728,1293.51,6.0
898,93bafc8e-1921-4f3e-bdbe-9ea9e64fe545,1003,C0216,20241008,686.24,15.0
899,8f7eac40-a9af-47a4-b6fb-76571b8494bf,1010,C0396,20240914,771.17,9.0
900,95e6d700-b9e4-4317-b2e6-b9c940799af6,1041,C0312,20241110,1665.3,2.0
901,dcfe6b56-5a04-4c24-b297-70bc7534ba96,1007,C0612,20241103,944.93,30.0
902,5f5945f5-d2e5-442d-8da0-6d1d09ed876a,1025,C0187,20240909,1956.67,29.0
903,60b47c3e-74e2-4d16-8ccc-e08b5cfa466c,1007,C0390,20240819,1294.69,41.0
904,ece6ed4c-441c-43f5-ae59-8ae5ed9c8d12,1014,C0858,20240624,1404.62,17.0
905,7e157e8a-9537-493d-8682-cad34f4f26ae,1046,C0966,20241023,1866.26,46.0
906,ad0598aa-2a22-4a54-ad9b-66e11b47405f,1030,C0685,20240730,888.46,34.0
907,5bf52bc3-084e-491c-b00d-374a2988b91b,1022,C0732,20240616,459.92,4.0
908,79d46f46-02d3-4563-be58-bd1796dcf1e8,1032,C0318,20241019,605.96,8.0
909,8830b12b-8b53-47f4-b21d-46f5ec7d3b87,1003,C0400,20241123,404.0,44.0
910,744a6209-6b22-4f4c-b1fe-62c6cecf54cb,1032,C0371,20240624,199.9,42.0
911,64352473-f5e6-4584-9d0d-3cf0f6dbf04b,1036,C0805,20240924,1565.72,22.0
912,cac142db-cedd-41ee-b625-9611efd03ae8,1043,C0882,20241027,1015.07,48.0
913,238bdc95-6eba-45c9-be68-b4f23560de51,1042,C0829,20240717,406.88,19.0
914,00e36e44-33b9-40a9-b408-1fd1f05546c3,1038,C0117,20240624,487.15,17.0
915,0429833c-b089-4eeb-b313-01a85a15c0b0,1044,C0473,20240815,1723.44,45.0
916,13fcc1c6-8852-4d43-b5dd-38139c3629cc,1042,C0794,20240905,437.26,1.0
917,1f8af259-224e-4f57-a1e2-3787581bfa1d,1016,C0574,20240623,219.31,42.0
918,ca22244d-7e6c-42a1-bd55-b75e2fd1c4e9,1046,C0199,20241016,1394.16,7.0
919,38f3cc71-db60-4531-a245-2169bae2a353,1006,C0027,20240829,241.78,4.0
920,82afdb0f-08b2-452f-9371-c42d59301763,1017,C0166,20240921,1396.42,44.0
921,2ad564dc-b398-433b-aeab-f5a86796bbed,1007,C0337,20240802,1841.35,37.0
922,a9ce2cee-b11f-4805-b756-c87379f54121,1014,C0982,20240917,765.88,21.0
923,854eb1b0-d836-4ec9-bc1a-3ed0a4f61c8b,1003,C0864,20240826,1483.63,27.0
924,59a3ba3e-af28-4787-9c90-650edb244f88,1012,C0978,20240724,813.34,17.0
925,8269e96b-25ee-4aaa-b1e5-a6327837c819,1014,C0804,20241104,820.14,20.0
926,661fdba2-ac03-494d-ad03-be2ae6796580,1037,C0843,20241006,964.45,45.0
927,900821ca-2635-4efb-bef2-49787ef9ac4f,1007,C0412,20241113,712.49,28.0
928,0a3bac71-60a0-4d8f-beac-5f566208b4e5,1041,C0816,20241102,27093.6,25.0
929,31e16778-d35d-4712-9eb7-3d93ca7778e3,1017,C0187,20240914,1682.76,4.0
930,ef0bd701-e698-41ac-8106-151240a1ed59,1020,C0411,20241115,556.15,44.0
931,03a614a5-bf3c-4a91-97b0-6d9be66e6ba1,1005,C0636,20240809,1015.07,33.0
932,7f174d4d-e699-4276-9009-81530a5d975e,1002,C0677,20241119,216.34,12.0
933,ce303538-7167-44cf-ac13-f10d1201c3e4,1021,C0555,20241002,1004.83,21.0
934,b5e9f403-f606-4ffe-99d5-8a85784b25cf,1004,C0912,20241003,1318.95,17.0
935,4ebb8ee3-c84d-4092-84bd-b6bf39c01a4d,1036,C0791,20241118,1963.74,39.0
936,fc736fdf-ead1-4761-bcdf-7ed829d40313,1002,C0242,20240925,642.84,27.0
937,38570941-65d1-45f9-9f2d-d38e1c86d28d,1020,C0061,20241117,539.73,31.0
938,4531c681-fe97-4819-82c7-a428c67ddab9,1040,C0091,20240718,1266.1,34.0
939,1409b1d3-6f54-4011-a24e-fd13c64efbe3,1034,C0201,20241108,939.31,30.0
940,41a7b47e-3414-4022-ace9-514da0253ee5,1048,C0712,20241112,1801.48,47.0
941,f759347e-76e6-42c5-b96b-970a500c22bb,1039,C0024,20241005,427.45,46.0
942,41ad652a-39c2-4e36-abac-2731bb6c32a0,1036,C0846,20241029,1903.06,7.0
943,fc2104cf-9a1c-4d32-8000-979452b8b055,1043,C0435,20240927,1015.07,31.0
944,db93b4cb-a00e-43a6-bc73-d83586fb9f71,1035,C0887,20240629,1176.62,19.0
945,4291b9a2-2b67-4590-83c8-4dacce319421,1046,C0344,20240813,482.12,49.0
946,78d772b4-8ec9-4e4b-a846-b46f56055185,1029,C0295,20240822,1004.13,18.0
947,97e526c0-7415-4a3f-aaeb-d06e31c6576a,1007,C0924,20240616,1023.9,24.0
948,3b12b538-b70b-451c-84f1-f751f571f123,1003,C0138,20241124,683.77,13.0
949,ec04b651-5e2f-4975-a670-4023544e817a,1044,C0060,20240920,298.98,34.0
950,bfcc6e48-e94a-4001-99e3-1d80286c4a9d,1025,C0486,20240612,1929.12,31.0
951,eb702f54-21be-4825-b285-61fbe9120dab,1044,C0787,20240815,1303.11,45.0
952,f262b559-6160-4e4d-9552-a0b4d46ef4d1,1044,C0811,20241102,1087.68,9.0
953,c2f3fb69-1819-4c3d-94d0-8a8c5ff38654,1038,C0023,20241003,1378.68,41.0
954,320a689a-1ea9-48e6-be48-f7a4b08788d9,1012,C0024,20240808,1752.12,29.0
955,86da86ab-0c6b-410d-984d-be2bf221b040,1028,C0785,20240727,331.15,42.0
956,708a0156-f2f7-42c2-9f0d-2b27c55a6b2c,1014,C0587,20241106,655.42,25.0
957,a02280a6-fd04-492e-9a07-5477dca31df0,1046,C0362,20241116,218.87,3.0
958,35132466-7416-42bc-8833-9fee4815bf89,1044,C0234,20240805,1591.58,14.0
959,f566e180-da76-46f9-8d75-c92131f412da,1032,C0142,20240813,1732.6,1.0
960,c13296b0-3f4a-48fb-be40-747e0632fe01,1018,C0826,20240727,1204.7,29.0
961,86c57491-2dc8-41e9-ac57-9d03251707cc,1045,C0650,20241104,609.0,19.0
962,8166a26c-a161-4b8d-917b-f8078916313e,1042,C0899,20240724,1962.16,11.0
963,d48f6042-6ba0-404d-a2d6-357a5a506f74,1013,C0308,20240730,1085.22,25.0
964,d5af5fb8-f769-424d-9d61-26d7415bc3cf,1038,C0225,20241014,1818.16,45.0
965,5789608b-62f4-4358-acba-22ffecc81f84,1027,C0913,20240806,1693.52,35.0
966,f3c1b550-f3f6-4fe1-b88a-94edfd94b09b,1032,C0918,20241003,1205.15,16.0
967,c34968e6-34d6-4963-a28c-429956f82d18,1005,C0256,20240831,873.53,6.0
968,0eccc05a-6172-424c-ba39-a828af026ffe,1030,C0261,20241027,861.99,11.0
969,1bbcf069-d809-401e-af03-639cf93b58a0,1020,C0100,20240806,1981.54,36.0
970,bde11e17-620f-48ea-83af-dca5d615305b,1036,C0403,20241118,935.79,9.0
971,867bdd94-0de0-4305-ae8f-180c563d708e,1049,C0736,20240822,121.78,18.0
972,d0ef3f97-6f69-4ab2-a88c-1c89cd3f1446,1004,C0182,20240913,460.56,18.0
973,686c4d34-a14c-495a-9c92-c523127aa24b,1013,C0336,20241115,1280.43,2.0
974,1b94159e-fdb9-4991-b86b-100220e60b83,1045,C0277,20241011,652.44,8.0
975,23e04f68-a9aa-4787-bf82-91a8c46386f1,1015,C0694,20240616,1596.08,7.0
976,ad3ec539-e5e6-450e-bf11-7765a7108caa,1019,C0417,20240901,1651.14,39.0
977,24f31910-b38a-43c1-9d5f-4a066e413547,1004,C0520,20240907,137.57,26.0
978,17a08e68-b836-45c3-a901-5c105f2e88cc,1005,C0489,20240813,1507.52,50.0
979,ce2836fa-c38e-4314-8b60-d2136d868c8e,1009,C0658,20240614,429.97,41.0
980,8a11e4e8-4d5d-43f7-b618-03e2f58e003d,1024,C0781,20240805,1795.96,32.0
981,6bfed44b-1538-4ce9-ba30-bc7f08a91b46,1031,C0312,20240707,1132.38,42.0
982,136a69fd-5c0f-46e3-afd4-2c444f51f0b8,1008,C0043,20241028,1149.64,25.0
983,eef1c0c4-146d-4669-86ca-24fc776ddaa2,1027,C0553,20241009,1748.35,11.0
984,d07af590-154d-4b53-b229-21cbef99ca7b,1010,C0024,20241116,1956.64,24.0
985,acbd8962-95f9-4379-8683-ba2e3c69b7dc,1009,C0650,20240926,1156.94,14.0
986,110c33f0-fbb2-4a3a-ab0d-678575c71990,1005,C0802,20240610,1217.5,15.0
987,b10fffbd-8685-4ba6-aeee-63cf445c6ace,1034,C0342,20240930,186.5,20.0
988,c967560f-6895-487e-8cf0-bf5a333ddff2,1010,C0586,20241017,1015.07,8.0
989,6e6dacf2-7555-4ec7-8950-1904672c90f9,1037,C0976,20240927,1392.01,35.0
990,1805662c-5c20-4635-b226-17c86f45aa09,1011,C0607,20241014,1847.57,25.0
991,213edd24-8427-4cf5-975f-138f0a5ff85a,1026,C0059,20240930,106.71,35.0
992,95ab7f11-dc9a-4ae8-8a26-5b82d7dd91ee,1027,C0472,20240915,1665.44,30.0
993,1f8806d0-64eb-4ff7-aad1-c05307f445a4,1049,C0210,20240722,1015.07,34.0
994,c3113803-dc12-4f78-92f1-581674518df6,1049,C0122,20241116,646.39,38.0
995,69b2ff1b-64c0-4dde-ae0a-43b129023dbe,1012,C0889,20240702,1169.29,20.0
996,c838960a-afba-445f-8bb9-c83b68d5b147,1045,C0568,20240620,511.13,10.0
997,1b644017-3225-49a4-a197-8ccf850bd02b,1031,C0475,20241104,715.07,23.0
998,27574e05-5f3f-4086-9515-ace94150b66c,1028,C0677,20240820,764.5,18.0
999,4075f734-a2ff-4e40-90df-a41755d5a521,1045,C0978,20240809,534.35,34.0
1000,1aca4947-851e-4e2c-a4b2-d6aaf5540691,1027,C0858,20240928,902.18,9.0
1001,73149c7f-70a5-4c8f-bc6d-318cd9e9aa2f,1039,C0266,20240806,911.76,10.0
1002,3dcfbd1d-196e-41c3-82e8-c4402e57a32b,1020,C0864,20240909,71218.31,22.0
1003,a5e3dbf2-5650-46fa-a849-17b928e7b8fc,1021,C0933,20241021,617.0,9.0
1004,45a9d885-06aa-40a3-a9db-17bb9575936e,1046,C0919,20240707,1811.52,5.0
1005,48f03064-cf05-405b-9f23-64307935c4d5,1013,C0813,20241027,1512.62,23.0
1006,40372019-1c74-4f21-b4c9-6e8dbd9315d5,1037,C0059,20240816,959.48,35.0
1007,87329d1d-79fd-4a89-a4f2-d7834210f106,1018,C0751,20240618,734.99,21.0
1008,7489660f-27af-4a06-bcb6-0b1fbb1d01e9,1018,C0985,20240713,392.26,29.0
1009,3ee837ad-1a73-4591-a3ef-5105a0565dbc,1049,C0299,20240801,244.12,46.0
1010,f6f3a452-6c13-4c63-84f8-1c60765a9514,1033,C0960,20241109,1104.15,19.0
1011,a270b032-7e78-4d88-936c-011a2b1f9875,1025,C0410,20240828,1833.73,41.0
1012,49f4451f-b26b-47ee-830a-772f5a2cd19e,1035,C0188,20241018,600.06,4.0
1013,824499ae-8180-44e4-b538-95be15c637d6,1006,C0475,20240914,1849.34,29.0
1014,5bb3655e-ca50-49b9-80cf-5768c228960b,1041,C0412,20240921,377.24,44.0
1015,182a9cc3-037a-4e84-8db9-f59aaab7468a,1010,C0402,20240901,1225.04,40.0
1016,b0556237-954e-42dd-a55a-b083365a118c,1008,C0446,20240609,1944.5,16.0
1017,e79ff3ea-2e78-4a62-8267-ff1b276b6cb5,1007,C0250,20240902,527.81,41.0
1018,7b4a4003-e4be-4f1f-87c2-b45d31c17d5e,1034,C0616,20241113,1220.7,25.0
1019,f298c5dc-da0b-46b5-aa5b-ba508bfb476a,1020,C0904,20240717,463.62,45.0
1020,822d2537-6469-463b-b7f0-e9282df4b174,1021,C0632,20240727,1252.48,10.0
1021,604f642f-5f46-439b-90af-7682156f28e8,1022,C0855,20241105,525.52,19.0
1022,24046a10-4f10-4dcb-af8d-645fdf2388c9,1045,C0578,20240723,1453.08,45.0
1023,df317883-3768-4cce-9a3c-0f636fc128d7,1014,C0808,20240702,555.06,29.0
1024,6082276c-63db-45fb-adb9-3d31c270410f,1049,C0128,20241020,526.25,24.0
1025,780896cc-2319-4233-8d40-07cdbe9ca2f4,1023,C0643,20240709,1547.01,15.0
1026,7f314fb1-d4a3-43ad-8683-d72e33674c93,1022,C0186,20240722,906.71,24.0
1027,91c24e78-d9f6-496f-bee2-eaff010ef380,1032,C0930,20240918,115.22,47.0
1028,7d8c3092-1f1f-40da-87ad-6130258e6a1a,1003,C0992,20241008,1720.23,15.0
1029,e86149c3-1d01-49a1-841d-660ac143a869,1014,C0571,20240825,1291.95,25.0
1030,6170e7c5-c85c-4bca-bdcc-684583a3cb4f,1011,C0325,20240701,1799.24,3.0
1031,b9ffe406-9cc9-4299-bb66-f8f8e8d2fbae,1011,C0120,20240825,1349.8,13.0
1032,06637580-f52c-4075-ab4d-78e3f64ac73f,1038,C0722,20240605,1182.6,25.0
1033,57f3f1a2-651e-4a80-a87b-7e4af905bbac,1013,C0620,20240828,1276.23,27.0
1034,d57c04ed-380d-437e-ab77-d73274f22337,1009,C0509,20241111,759.63,34.0
1035,30498862-16db-49fa-bf46-3577b55c0221,1035,C0263,20240727,1380.48,18.0
1036,e04079db-5048-42d1-91c1-a6483161862f,1016,C0649,20241021,1777.59,45.0
1037,d255508a-6177-4685-8f77-aeb6a8175881,1006,C0924,20241016,1015.07,50.0
1038,e1c40779-48f0-417b-8240-c66df8830d8f,1026,C0672,20241011,1434.23,16.0
1039,e044e084-b6b7-4b64-8124-dccdba73aa94,1047,C0621,20240920,690.21,24.0
1040,889ee641-6703-4ba3-a910-3c877987101e,1010,C0235,20240728,1015.07,19.0
1041,b3fa5371-e5df-4359-9272-b554cf5abe50,1046,C0547,20240718,327.39,3.0
1042,a8c2fd8a-cccc-4cae-8ec0-84ca1637dc57,1014,C0850,20241105,1327.7,14.0
1043,ca09c293-22bf-4228-8bad-7fae2c647476,1013,C0646,20240812,408.61,3.0
1044,940ae03c-4d04-4220-97c3-cc3cbbdfd154,1035,C0127,20240912,1336.79,41.0
1045,2e9d0477-65d0-4165-a383-19830337c9da,1004,C0599,20241003,1718.5,41.0
1046,1f4b57af-6830-48e3-b598-600217065df0,1046,C0476,20240616,1503.76,33.0
1047,88491d8f-d866-4573-9ffe-03855fcb89a5,1006,C0232,20240803,713.47,9.0
1048,0e2a6665-8d07-44e5-be44-25bbd16679c7,1047,C0234,20240922,499.14,25.0
1049,b0246bc2-8955-4b21-82ff-356565237c49,1009,C0261,20240717,161.05,43.0
1050,f25475a7-2423-4b25-a8e6-21908aa8f860,1028,C0998,20240612,265.3,44.0
1051,a171eac2-bec5-4886-8c32-5ba71bc75b9d,1005,C0884,20241003,1725.85,38.0
1052,09593220-6987-4861-be85-5ce6dd91472d,1048,C0295,20241107,950.41,50.0
1053,127cfb54-8673-4c33-8f97-69126766b2ea,1043,C0253,20240807,1260.07,27.0
1054,04f7fbaa-b39c-4b50-b75d-9c88bc065781,1029,C0199,20240801,608.23,40.0
1055,8364b8b0-412f-4594-9684-2086b8d2422c,1037,C0542,20240820,447.78,41.0
1056,7d822389-8822-405d-917e-5d97a69f6276,1021,C0763,20241017,1655.45,10.0
1057,2c2b3197-c5a0-4da0-96b0-5b9ce8776fd7,1033,C0903,20240722,1015.07,25.0
1058,146904c4-daf8-47d5-8cfa-3ed205ba2d83,1003,C0755,20241001,840.68,4.0
1059,e5833896-684e-4bfd-8061-335e9482d406,1003,C0471,20240620,1332.31,42.0
1060,c64f605e-583d-42ff-8bad-a13589198394,1006,C0285,20240616,483.7,39.0
1061,207f5040-fc7d-42fe-a438-9f76357c01eb,1041,C0133,20240713,1930.43,35.0
1062,72fcd6bb-2a3a-49e3-ab0e-a97eb68a4410,1005,C0261,20240606,1136.44,47.0
1063,87139fa9-d282-47ab-8907-eb730dd59d2e,1038,C0748,20240708,1381.88,13.0
1064,891fa925-d494-4dad-a8ce-fca7054953a4,1017,C0500,20240714,1116.07,9.0
1065,db327990-2e7f-45a8-b601-61b4ab797a1c,1013,C0808,20241031,209.03,42.0
1066,33a03fd4-949c-4334-b9fc-9bf982a66a4b,1035,C0281,20241019,447.38,4.0
1067,d56d372e-5d31-48d4-9f6f-8982ee8f3aad,1001,C0735,20240802,877.25,33.0
1068,63bcd63e-0650-49cf-8f02-ecba3d608355,1012,C0100,20240918,1817.87,37.0
1069,03146fc0-be4b-4a42-9cdd-62b0401c4a5e,1046,C0979,20240924,1882.08,6.0
1070,c2988534-02a2-43a9-9b27-15ae7150890d,1049,C0848,20240923,1392.61,38.0
1071,0299aee8-dfc2-48d9-8714-b3cccd5a6ef2,1012,C0527,20240829,439.18,17.0
1072,06b1cf7b-33f8-48eb-9023-757030c9c43d,1037,C0706,20240724,1929.2,25.0
1073,2c3339e4-5644-4dae-bbe0-7b94b144dfbb,1034,C0340,20241015,595.94,1.0
1074,82724f87-d82f-4624-b638-366f9b20f8c6,1034,C0061,20240609,1530.6,38.0
1075,fea5e623-6a9a-4411-9ab9-7463c9418a48,1038,C0685,20240723,486.88,2.0
1076,5697fea8-194c-4bfb-9205-1abe416099ef,1031,C0794,20240817,1283.66,47.0
1077,4082c73d-2eda-4437-bf1d-e70187c8dfee,1044,C0506,20241102,72.93,48.0
1078,22a5c0f3-0e92-4cdf-9e19-c96d56cd6449,1038,C0388,20240919,1422.57,27.0
1079,b45152d3-17f4-4314-a3a0-b38517e2ea66,1020,C0089,20240610,68890.36,5.0
1080,2fde946e-8a90-4b09-a0c7-f643ed243330,1029,C0446,20240803,67.98,28.0
1081,4bff3423-daa8-415e-b207-f16d12ae3258,1042,C0620,20240610,1184.73,35.0
1082,1680151b-2439-4cdb-8e3e-ac55f2299a22,1003,C0737,20240611,1722.31,17.0
1083,f571a16c-7292-4b74-bcc4-af8fc953d6b8,1031,C0195,20240921,1399.99,50.0
1084,c96ae99c-788f-4bdd-93e7-20f82181d819,1011,C0009,20240907,909.46,17.0
1085,563d0f4e-4c66-4968-b71f-ef31bda63a64,1049,C0904,20240705,1421.61,46.0
1086,4edf08c4-a6a1-499b-9298-fb8bb9d5fa58,1021,C0234,20241104,1015.07,6.0
1087,3b6b80ad-2a22-4e37-a59f-0f9589536499,1049,C0420,20240617,124.82,44.0
1088,05734143-7e4b-49e6-9493-1967e5c18cf0,1021,C0949,20240905,1832.77,31.0
1089,e38775a2-4fd1-4cff-b3ff-cd43abee958f,1027,C0148,20240816,223.02,3.0
1090,3b0f1796-dbbe-4704-b06f-966af8104d61,1038,C0010,20240706,844.66,16.0
1091,5bfd64ba-da92-48f0-b38c-fdd760a2af46,1030,C0381,20241008,59612.02,13.0
1092,213c54a7-6a17-431d-8e9c-e441614f368b,1004,C0883,20240923,503.26,33.0
1093,e752f743-bd71-4d74-beb3-ce69d3e9b0e9,1035,C0657,20240924,1572.27,32.0
1094,d11a7ed1-dfd4-494c-963e-28c0760fb3ad,1002,C0798,20241010,739.22,27.0
1095,4ccff004-79cc-4f53-a1d6-ba9948efe606,1037,C0549,20241029,1447.99,33.0
1096,3722e1a2-b1f5-466a-9ed6-5e2f0e888294,1019,C0666,20240905,225.94,14.0
1097,7525777b-e997-479e-a7df-e92ae0039e6b,1036,C0517,20240820,696.89,49.0
1098,28279d6e-d8bb-4608-8378-ae1a7ed2cc11,1021,C0145,20240816,899.34,31.0
1099,6bdaab3e-df26-4919-9762-9f9662424c69,1017,C0674,20240910,337.22,36.0
1100,63ce7dc6-dea6-4a26-a4bc-8a73b034f29c,1005,C0673,20241119,93.15,11.0
1101,f924545c-22be-4ddb-979a-462a9c7095ff,1042,C0042,20240711,1966.15,10.0
1102,54bcd11a-4a4c-4b43-9ea2-3d05a84769cd,1021,C0708,20240720,1749.33,26.0
1103,d783a501-e0ad-458a-ae46-766323f570ba,1033,C0314,20241017,1251.44,9.0
1104,e1f90794-6757-46b6-810c-8ac63ea7d1a5,1010,C0350,20241101,781.27,8.0
1105,a2744c5f-6891-482a-bdc7-122a550b4677,1015,C0213,20241031,426.78,43.0
1106,0fc09b0d-e721-4757-9eb9-3a7ab4271466,1046,C0292,20240903,1000.7,4.0
1107,8b306fc5-e4dc-4ac1-b414-778d306d30d6,1040,C0803,20241117,1487.38,49.0
1108,93f0f461-f5ca-4b4c-9c40-266dce0369db,1038,C0254,20241021,289.34,48.0
1109,952eb54d-d7bf-4533-b1cd-8fae226cb549,1007,C0070,20240920,729.55,9.0
1110,990ca8a7-d2e5-4d7e-89ab-5c2ad1cc1f1f,1002,C0294,20241112,582.08,15.0
1111,16a9580f-3e27-43d0-b94c-1d2f005d5954,1023,C0532,20240616,1192.25,1.0
1112,5a70fc21-ac39-4594-8f2c-79a2e731ab99,1036,C0865,20240725,1747.45,47.0
1113,f16ede57-7740-4cee-8c4e-06f8cf0f13b9,1001,C0786,20241120,931.61,39.0
1114,59233c36-23f7-4b38-a48a-3b3f4d7bf31f,1041,C0975,20240719,300.12,2.0
1115,03971a0c-774c-4621-88e5-9729a17fe58d,1013,C0889,20241027,76.06,23.0
1116,70afefb4-ee10-4145-9463-072273b58695,1006,C0006,20240718,1081.42,29.0
1117,61b4b4ed-5eaa-41be-98a7-8b549cf4a721,1007,C0588,20240729,1530.12,38.0
1118,9417dd0e-7579-495b-a66f-cd9918b4bf70,1045,C0097,20240926,110.13,4.0
1119,6473ff82-99ac-4bd6-a44e-7b25d58ef9f9,1026,C0466,20240922,614.73,8.0
1120,7958737b-d3ad-4e66-9269-4d9ad441e86c,1030,C0267,20241013,587.14,14.0
1121,a8e44084-2b44-460e-8bed-c6c19ba26d9d,1034,C0722,20240604,525.14,49.0
1122,1836ac75-bb57-4810-83ae-6f1b8818d7dc,1004,C0100,20241027,1008.61,16.0
1123,ecdb15a7-5713-47e2-b5b5-619c817b690c,1049,C0885,20241005,972.96,50.0
1124,7e8bcc11-d08c-4aab-b22e-e21b0ab5bb6e,1020,C0846,20241126,1086.52,31.0
1125,2ff47382-1db4-4636-b369-f28f968b96bf,1002,C0133,20240910,216.53,16.0
1126,dbd9a426-e8bd-445d-b743-2d3d5c667070,1045,C0377,20240915,121.29,4.0
1127,3fca74db-0d57-4842-9b47-00aebe89fcd2,1000,C0919,20241024,1580.92,32.0
1128,87ee7a97-b5c2-4aa1-b9f1-a4a895b559f8,1010,C0903,20240821,1041.58,15.0
1129,05c39fc7-14c6-49b1-9b46-ea00fc1cdbf5,1035,C0003,20240928,495.15,17.0
1130,220e8070-3532-4f90-b5fd-f3fff15be236,1043,C0918,20240926,1980.8,43.0
1131,79a8ad45-a1a6-40ba-94d6-47e555c4b4fd,1038,C0091,20241114,1641.28,47.0
1132,f52f3657-845a-476e-aa39-4a8bb2940f31,1029,C0346,20241007,1872.66,46.0
1133,cca4e376-ebf0-45ae-b56b-4fa3e4bb38b0,1005,C0194,20240606,1860.38,18.0
1134,dccf54fe-fa40-4c4d-831a-7b209981798e,1017,C0824,20240807,1046.78,13.0
1135,34757ce5-6bb5-4c0f-9290-8fe47a667d9e,1040,C0393,20240701,869.26,49.0
1136,f9e436ff-6e68-4e6b-ae52-2d2d4b3862d8,1045,C0020,20240601,1959.33,4.0
1137,aca86026-f231-4c06-8dd0-aa834d9b90ad,1021,C0315,20241105,281.93,9.0
1138,e7bb00ba-951e-4981-ab98-b0abd8565928,1042,C0678,20241017,1588.9,4.0
1139,d18a6d00-c3ce-41f4-a7d4-a450260d1837,1042,C0167,20240713,1980.02,21.0
1140,4471f9cf-ae8d-46d4-aa16-0a5542c256ee,1035,C0312,20240629,1252.31,37.0
1141,327a56ea-a792-470d-bc32-e831087da259,1043,C0958,20241019,1015.07,32.0
1142,accd96b2-e3d7-452d-83e5-602aee55cb09,1009,C0241,20240905,1800.42,17.0
1143,1a7f11c5-c40a-4b47-bda8-eb9ae578e749,1029,C0288,20240609,1237.57,29.0
1144,cea65b79-269a-4533-b2b3-98b71c845e60,1019,C0517,20240611,1490.11,37.0
1145,7c500c8c-0075-43f6-afbd-38d261354da6,1010,C0171,20240619,694.36,46.0
1146,2ca4946a-8b13-4398-a25b-1f0a6e7eafc3,1043,C0784,20240625,843.34,30.0
1147,177844fc-ebe7-4490-a81a-501371d3c460,1014,C0241,20240912,229.53,27.0
1148,28b13298-cdee-40c3-8604-a8b2a75daca6,1034,C0826,20240810,892.02,35.0
1149,e5914d86-8cb4-43dc-a77c-ef28eaa709fc,1003,C0270,20240927,1719.26,2.0
1150,2be417e1-2526-4734-b770-bb83f33eb696,1032,C0730,20241007,1238.51,30.0
1151,4ce36e3c-efb9-4b4b-a2e5-8df792f5212b,1009,C0692,20240917,1015.07,10.0
1152,0532d5c7-62fa-488b-ab20-65397d8aa0ed,1029,C0834,20240702,1796.69,27.0
1153,e71815f8-a6f9-4733-ae51-871c00524e12,1000,C0052,20240726,147.39,14.0
1154,7f8ad424-9d2a-4a90-900f-e7559a467b9a,1002,C0266,20241019,1595.77,37.0
1155,0444ec43-a23d-443c-aba6-09394220ab15,1032,C0627,20241023,1582.5,38.0
1156,7d68efe8-5d00-4c32-bc5b-ceb3a2f0bcb1,1033,C0570,20241009,144.18,46.0
1157,f813a071-348f-4182-8132-c959f4ed04ec,1031,C0309,20240606,848.92,25.0
1158,45224fff-0fbd-4c04-8e9d-b11f23a21dd9,1001,C0664,20240628,1077.86,23.0
1159,b23ba310-998d-4b93-b6aa-2104caecc603,1017,C0746,20241009,307.77,23.0
1160,033b178e-a793-417b-aac7-629d520896d6,1022,C0429,20241023,372.81,45.0
1161,2afb1dda-2c12-448b-8a3e-25e8bfaeb5db,1002,C0085,20240923,1404.17,42.0
1162,87f8dd99-8be2-4b30-a1bc-ab7f84492d1f,1002,C0500,20241106,121.76,45.0
1163,7e3f281c-2340-4f4c-948a-34463c1f784c,1038,C0669,20241102,174.83,44.0
1164,580feb85-0f7f-4a00-9db2-d42ce38b7cf3,1027,C0198,20240802,1413.27,4.0
1165,a404255b-6d44-474e-9772-1b24c2c735fa,1008,C0225,20240917,1015.07,30.0
1166,6f00003c-bc13-4f3c-a7c8-ee146bf6ca0f,1021,C0960,20240814,1758.22,46.0
1167,62f9927e-72f0-42c6-9b13-2ec15da2fec1,1042,C0813,20241014,943.71,20.0
1168,1eac5024-259c-42ba-9a95-3a46b1706596,1033,C0255,20241010,58.91,16.0
1169,f4134e7e-deb2-4907-9867-9688eeae09ba,1037,C0697,20240728,59.07,14.0
1170,06eb7e28-08c4-402d-88fc-e29e22e5c23f,1044,C0763,20240911,1015.07,4.0
1171,2c9ccc78-772b-4fd9-b2a4-4cc1b6cc149d,1033,C0535,20241026,1015.07,45.0
1172,41c1417f-9def-4203-8f0a-1a77f9c782cb,1006,C0729,20240603,548.09,21.0
1173,93d280b6-d4cb-42eb-9419-ea39d5054d73,1046,C0605,20240823,1357.65,25.0
1174,25e467ee-87a7-4641-bf49-16dea6587a34,1006,C0419,20241113,1758.81,16.0
1175,62d17c23-e3ba-4591-a416-0592519b0187,1029,C0330,20240602,1962.09,6.0
1176,f0183b63-69cf-467a-be0d-f0a703bb0db2,1025,C0528,20241109,1358.05,23.0
1177,1f89f357-80e8-4e09-8449-0473f686ddb5,1033,C0575,20241012,1512.51,11.0
1178,87a92463-3f7d-45e3-86b7-d3b57b0c2027,1048,C0095,20241125,408.83,42.0
1179,a6a8c9b8-cbe5-4ee6-a659-ef90198b0c64,1004,C0121,20240908,821.17,18.0
1180,7d8d94c9-848e-445d-bce2-a79156ab32fd,1006,C0253,20240822,972.94,23.0
1181,797fc8ae-dcd4-4161-ae90-f05f63340c1a,1039,C0336,20240824,1342.66,3.0
1182,bd396106-f1fe-4437-a544-e208a776c006,1001,C0374,20240805,1657.99,7.0
1183,e05d73d2-5ba2-413c-b680-f0db6ed3303a,1041,C0663,20240803,1374.98,4.0
1184,9d356ecd-0dbd-46b7-84e2-39a832e5966b,1008,C0765,20240710,144.78,24.0
1185,a889a78a-7c35-4c05-92ff-f9177b698381,1041,C0328,20241016,1577.13,22.0
1186,76f6c790-8d65-4662-81d7-cd5bfe62601b,1001,C0273,20241022,989.11,29.0
1187,b472f886-0bc8-4634-a889-d7a2edee96ab,1039,C0634,20241006,710.68,35.0
1188,f0178427-099a-4a0c-8ac8-e437b6f32f3d,1036,C0766,20241120,711.34,34.0
1189,3a8fe5b1-63bc-4115-8f34-1d9628062867,1029,C0981,20241008,1729.52,49.0
1190,b560388d-cb66-46df-92c9-381eff03e20e,1022,C0885,20240909,1188.93,44.0
1191,053e4ffa-a458-41aa-abae-5f1040d59249,1038,C0637,20241111,1165.42,2.0
1192,aa0d179e-83b2-4478-b966-465353c3bfe5,1001,C0886,20240923,1016.42,37.0
1193,4c3340d0-1e8b-48eb-b5e2-f6ac02844524,1011,C0423,20241026,1015.07,31.0
1194,aa5852e6-2348-4c5a-b008-44eba77a1b5e,1047,C0946,20240929,1669.69,20.0
1195,d3119f8f-478e-41bd-8cfd-14dded01ee4f,1033,C0736,20240621,1771.33,1.0
1196,fc238b5c-4c3c-41de-9830-bbb3473c9fcb,1031,C0026,20240624,569.24,37.0
1197,2ea83381-617f-4e8b-9fb9-1e0ee6bf299b,1014,C0237,20240829,1104.97,31.0
1198,67b37a4e-51df-495e-aed3-9fd3f0a90163,1012,C0133,20240821,399.99,7.0
1199,02456997-ad72-4fdc-8eec-0fa93e3080bd,1037,C0626,20240714,1034.32,19.0
1200,abf0f2f6-e78f-41a6-bf0f-e83fb455b94a,1044,C0658,20240908,1724.37,19.0
1201,7c304abf-e5d6-424d-b9d3-67e0353d9c6c,1024,C0939,20240714,1015.07,16.0
1202,e0f3a3c2-be70-497a-b334-a7919cfdb6f9,1038,C0860,20240915,1260.88,7.0
1203,14104b16-06a7-4464-a17f-bd7f6bffde97,1004,C0654,20240918,1733.65,24.0
1204,17db870e-3594-4770-b27a-a56cec7a6c9e,1014,C0340,20240721,1053.97,36.0
1205,67b1775c-98d3-4da5-ab73-58de8f8f7cbd,1019,C0025,20241021,1597.73,37.0
1206,d746483e-7ce5-43c2-a1ab-7d84f2a58fca,1032,C0772,20240630,1090.08,23.0
1207,51a24cd3-ec11-42d3-9509-6d64210447c2,1039,C0549,20240827,940.54,23.0
1208,cc50608b-669d-4451-9ef2-06197871b678,1012,C0375,20240817,1369.61,16.0
1209,d0f3667a-395e-45f9-9530-526e1a8314a3,1037,C0746,20240623,991.53,32.0
1210,8cb14c2b-bdbc-4bda-9462-d58ea9822387,1041,C0723,20240731,1015.07,42.0
1211,c74eaeaf-1d9d-4d9c-9140-4ea58e8b5eee,1011,C0190,20240927,1764.95,5.0
1212,e8237460-d0b8-4a01-9e0e-ba134a2c80f6,1005,C0257,20240908,1015.07,37.0
1213,9804c5a9-cf45-4e24-a3ca-95e41e821054,1039,C0584,20240916,159.0,20.0
1214,11122066-5f5a-4ccc-a0ab-8cfe9b6b7d70,1021,C0519,20240609,632.85,14.0
1215,00ab85b2-f189-4ae7-8d73-3dc02c73acce,1031,C0107,20240707,1191.49,37.0
1216,b0165042-d332-47bd-9c18-11c735be70e7,1007,C0996,20240701,1178.56,19.0
1217,cf0df1aa-a25c-4371-a5bf-5f40bdf7006d,1046,C0067,20240629,484.11,48.0
1218,a14a0afb-55be-4609-a221-1ab88f340034,1042,C0312,20240617,582.79,21.0
1219,e2dedb07-84c2-4b21-a1d4-25b1c956c415,1000,C0127,20241026,890.12,49.0
1220,6e57c765-28c5-45da-8408-52da71685b74,1002,C0399,20241005,1345.6,42.0
1221,8d763be7-b59e-4706-b020-8a454332a5df,1026,C0974,20240925,24318.23,8.0
1222,fa782f6b-96d1-4d70-96e9-832522d53d0e,1022,C0225,20241002,1995.09,43.0
1223,e9be61c9-daa3-412e-a495-4ad18f5ec214,1016,C0200,20240713,1072.18,25.0
1224,8e70733a-a5a6-45c8-9719-d6185ef3d1cd,1032,C0482,20240625,248.59,32.0
1225,2f320731-e72d-4886-801d-0532591d3cee,1029,C0379,20240623,1993.73,24.0
1226,09745a40-159c-4d1d-87ec-a3d946b2a407,1017,C0780,20240804,1674.43,6.0
1227,d6541c35-3f53-43a8-a100-08c1b3d9405a,1015,C0564,20240923,921.77,36.0
1228,952d9884-1e0c-473e-bce2-f2612f29971e,1046,C0865,20240820,1303.9,5.0
1229,f079ffe2-3cf7-4a0f-8715-702b817cbf15,1021,C0450,20240712,515.87,43.0
1230,9ad6ad1b-c2ba-42e8-94a2-266fc2b06f6a,1004,C0608,20240608,229.52,35.0
1231,d46c29e1-bdfc-4dad-9fb2-1f965d2cae61,1018,C0494,20240610,519.33,41.0
1232,8a6055ca-f439-4d5f-aca1-bdcaee4b95da,1019,C0869,20240921,865.28,48.0
1233,698c3e0a-9b63-4a3a-8b18-914f85c023b7,1010,C0174,20240722,1141.07,30.0
1234,f0adc5c9-2f32-4a9d-a35f-fd993d8810ff,1029,C0449,20240827,1672.64,48.0
1235,220f3af9-eefa-4014-9800-7241f754fb3b,1031,C0893,20241012,324.63,16.0
1236,8e180368-16c9-4e2c-9409-c9c21acc0b0c,1034,C0573,20241120,1978.25,44.0
1237,b9af14a1-58cf-4bf7-a958-749bc4623e47,1012,C0927,20240904,244.56,36.0
1238,505e36ba-e55b-4b3a-b0c5-05cfd059fc80,1020,C0660,20240625,673.15,10.0
1239,9ba80c51-54af-497b-92a4-d640777bab58,1032,C0835,20240811,1263.03,37.0
1240,34382953-43bc-4200-b997-ab870ce36403,1037,C0378,20241117,139.69,10.0
1241,23a256e5-909e-45ce-9bbf-7706ee3f3aad,1017,C0148,20240929,1250.07,11.0
1242,99e51e95-09af-4bf3-85b6-2bf56598c218,1034,C0142,20241118,856.18,12.0
1243,75160a55-ce2b-4615-95a9-ffce327b8b00,1048,C0763,20240722,587.37,30.0
1244,93a324d3-f50e-4d16-96df-a2022d1a6827,1047,C0433,20240720,311.54,4.0
1245,5a98a17b-7d1e-4104-a49f-834183ba43b5,1020,C0722,20241028,1370.66,1.0
1246,6eb3c455-8997-409d-baab-3f65d72227a2,1035,C0780,20240723,1152.34,34.0
1247,cf5bc78f-d997-4bd2-9717-36a0dc3a0638,1009,C0520,20240927,1213.33,13.0
1248,6a43574c-9e8a-4f63-bed5-d7c5993e848e,1011,C0155,20240805,1875.11,25.0
1249,cef77de6-8e7b-4c08-a085-b0e88eaeda03,1033,C0825,20240622,918.44,31.0
1250,0fa0e636-dbde-40e9-a677-e5c8912688fa,1047,C0008,20240812,1943.44,23.0
1251,c828ea1e-a7da-4ddd-8e01-d2d14e722303,1044,C0914,20240910,1165.31,27.0
1252,ce52832c-e4e5-498e-ad84-46bdc0e7badf,1006,C0358,20240805,1081.9,16.0
1253,d3d0d11b-6070-4098-a1be-6dca47d5842d,1014,C0588,20240630,1486.34,40.0
1254,a4a3f714-29dd-4566-95f3-3a3ba389a229,1030,C0199,20241124,1057.41,20.0
1255,58ab275a-73c6-47b7-b4ca-33737b89f622,1024,C0253,20240828,665.24,45.0
1256,04ba0189-5c2f-41d7-9d65-419778972699,1039,C0516,20241017,466.51,40.0
1257,5fb35221-0d6d-4b1b-9975-11a243f47aae,1002,C0654,20240605,700.23,49.0
1258,71dbd51a-bbd4-4155-9871-508594beade4,1021,C0098,20240719,139.71,39.0
1259,d988c945-97b2-4e22-8ebb-e691a06e2477,1000,C0032,20240831,362.55,49.0
1260,48e5542a-3c01-432e-b341-7b25ab6536b2,1003,C0069,20240619,1617.12,28.0
1261,b44f973a-5789-45fb-8cbd-c9bd45d8afa0,1044,C0898,20241108,128.45,45.0
1262,abb816ab-2a5e-4519-9d8b-53359b109f2c,1041,C0051,20240808,727.4,2.0
1263,5ec3c1de-a6d4-429e-adfe-4bff7883768a,1036,C0537,20240707,694.31,31.0
1264,f1866b25-f7d8-4d0a-a99e-4066443c3cd7,1035,C0727,20241126,1138.16,30.0
1265,876e7f6e-832e-4ad7-af48-160350864463,1041,C0885,20240620,901.62,15.0
1266,3b710e13-846e-4d2f-a87f-4492bae003f3,1002,C0480,20241013,1237.45,8.0
1267,0fb95781-9e41-4a4c-b909-189b465640f4,1022,C0351,20240908,1487.06,25.0
1268,2b671419-b261-4bfa-99f7-e74bebd46d74,1047,C0113,20240708,1813.83,50.0
1269,ba97f931-20b2-430b-b4d2-9b4dec5601f9,1014,C0653,20240709,712.76,25.0
1270,498d0ee9-4ecd-4ded-8380-80fe04855530,1030,C0187,20240916,1518.71,14.0
1271,2010aba3-b3ec-48a4-ae05-f4aba362c7cd,1006,C0965,20241019,1585.65,22.0
1272,5776f812-5221-4d1f-ab1c-c42b42116ecc,1046,C0551,20240729,105.94,38.0
1273,509212da-58d6-4c32-a4fa-bc4539f49342,1032,C0846,20240812,1870.51,8.0
1274,e4355839-5eec-4917-80f9-c09a21e7619e,1036,C0172,20241123,1227.71,42.0
1275,894967ac-0cb6-474b-84e0-ac898f4cc031,1019,C0571,20240805,243.0,7.0
1276,c5362e99-48e6-4b16-9090-3f7ae9f2eb38,1044,C0380,20240618,1015.07,49.0
1277,5ae5788e-e312-4c2a-b028-184ed31544c9,1007,C0940,20241116,1555.53,34.0
1278,cbbef77d-fa54-4a5a-9103-114a5759f863,1026,C0730,20241015,82.72,40.0
1279,82d1981f-c1b3-4291-b9b9-96397a9ae748,1031,C0504,20240904,199.63,31.0
1280,009cafd1-b627-4336-bde7-ffbb9f043f7d,1018,C0269,20240819,141.2,21.0
1281,51a67534-245a-4d06-aba7-b76c551dd1ba,1025,C0142,20241028,1680.65,25.0
1282,a1ca2861-8cc2-42a5-a78a-365fa28251ea,1049,C0943,20240628,509.0,21.0
1283,4ba31007-868c-4923-8b6f-afa35a9a0a7b,1022,C0927,20241122,361.65,10.0
1284,28fc0d5b-7e38-4298-b7a9-8b772e70263e,1023,C0199,20241120,1963.54,20.0
1285,b66345e2-100b-4b56-ae62-682c27d7a684,1026,C0841,20240918,1015.07,49.0
1286,04436f10-0527-4f45-8564-ad4c597665ba,1012,C0944,20241107,1345.16,24.0
1287,c1cc28da-b7ec-434b-be10-c822896d0474,1022,C0171,20240919,1333.96,6.0
1288,53748a93-35e3-4445-82d2-0813a23074fd,1014,C0044,20240818,942.73,25.0
1289,e16becea-8ec8-4c46-b0af-d753db37c85a,1044,C0953,20240804,277.78,25.0
1290,e9727582-8bc5-4377-8dc1-76f56976eda7,1045,C0143,20241126,1969.76,36.0
1291,8c9dd842-dcbb-4a30-bd27-d8a013a2294f,1007,C0930,20240622,1749.01,40.0
1292,83c9bc68-6411-4bf4-895d-220cde12a190,1028,C0175,20240724,629.01,12.0
1293,ff59bf1e-d0c0-4511-843e-8f1dbbaefb10,1001,C0238,20241118,1603.6,10.0
1294,0cf5fb38-9362-42f1-809b-7a01b4a70f82,1010,C0151,20241121,187.75,12.0
1295,e3586db6-3dd6-4ca0-b94d-e57c41242625,1043,C0153,20241017,1025.04,38.0
1296,612b6b9b-aace-40a1-ab96-15ce4c8c08eb,1037,C0657,20240714,1084.0,46.0
1297,c118ec2a-a49a-4d41-ac70-238e20bc765a,1031,C0889,20240723,974.69,12.0
1298,aad46e49-ddce-47fe-a04c-3e5f1dae0f62,1033,C0338,20240617,68.9,25.0
1299,4233cbf2-9481-47a8-b229-b97009f1bbd5,1012,C0534,20240806,1629.63,41.0
1300,f1f0ad28-50eb-4342-ac66-40c5bf93dec4,1027,C0198,20240629,1896.57,8.0
1301,1cb7fe11-88b7-4fda-bdfb-3357318ba240,1017,C0100,20240826,538.91,24.0
1302,ea74c1fd-a6b8-4112-971a-9e2bf40771a9,1029,C0691,20241116,1696.2,8.0
1303,f0a0b3e6-7fc8-4d53-8f51-23111b29374f,1049,C0659,20241106,1491.83,36.0
1304,b76fb6b9-043c-440c-81ec-9010bc633424,1025,C0596,20240706,1007.28,1.0
1305,fa8fb667-2274-42f9-87f4-7d04a6a1622a,1020,C0645,20241012,1276.88,45.0
1306,3b294532-ee0b-4f55-9557-30bdcc48fd34,1014,C0399,20241111,1015.07,25.0
1307,72e3e769-c642-4bcc-be0b-588e39fba445,1027,C0113,20240718,1708.13,25.0
1308,4515bd20-c961-40c9-8a1a-93f762385f2e,1002,C0251,20241002,652.33,6.0
1309,53ab1a3e-890e-4c2d-af82-e551aa295c5b,1003,C0858,20241018,1369.63,5.0
1310,4401560c-03de-417b-9c3b-f5e7b644c41f,1013,C0971,20241020,298.22,8.0
1311,f9c0bdf6-04ff-4d2a-943a-35cf810bafa4,1030,C0786,20240625,1771.4,14.0
1312,e08ec9b4-7e5b-4a3f-9ea7-809f68e978a0,1036,C0632,20241125,174.46,37.0
1313,4e2eca49-f30c-4e1e-be6d-3a1e625b4f92,1045,C0676,20241008,1745.37,7.0
1314,a9ccf4e4-404a-420d-9756-dfe9deb03846,1022,C0769,20241118,1490.18,49.0
1315,c5476917-5811-4d27-8b24-3f91b5d76c3b,1043,C0303,20240716,427.9,35.0
1316,4e839b9a-749d-49a0-b233-5b84504b6c3b,1024,C0667,20240602,291.73,10.0
1317,ef70f705-9986-4789-bc44-9071a918f289,1048,C0445,20240828,1015.07,35.0
1318,4b40b514-8e4f-4b00-9e65-6e2dbd47d04b,1049,C0541,20240705,550.17,24.0
1319,235d337c-2f4b-489e-98cb-6f729b4f1b36,1006,C0498,20240901,1279.62,45.0
1320,dd8fe8de-9e07-4eac-8ea4-a1ad5d9f5e47,1039,C0317,20241005,993.42,39.0
1321,3eb10b17-925d-4437-a2ba-16d4b006a835,1010,C0893,20240611,1033.6,13.0
1322,8034e49b-ced9-4dfd-8693-ffa4c0ed2799,1029,C0949,20240807,39984.31,45.0
1323,981bf64b-7b80-4e06-af50-045dec6dc0d4,1028,C0252,20240907,1686.8,50.0
1324,2d80b4e0-e496-474d-950f-9578d6b6708c,1014,C0558,20240715,944.87,43.0
1325,57f83e98-a2ba-4353-b145-01efeedfe3c0,1029,C0940,20240907,313.04,46.0
1326,64a0182e-b893-47b0-9472-4f7cf92b0d6a,1014,C0192,20241008,422.19,10.0
1327,2ec8c333-9931-49e0-873b-bf102ac28a9a,1041,C0449,20241004,664.6,33.0
1328,885a398e-e7b9-430e-b720-3a626ab86157,1026,C0714,20240815,1086.08,36.0
1329,d8b0ea42-34e8-471d-a57f-1a2d937f406c,1024,C0368,20241127,83.4,14.0
1330,378ab6b5-181f-4272-9102-78daed556ba8,1012,C0130,20240922,368.32,6.0
1331,1881e325-f1b7-4f9b-81e6-75aaba8a18c4,1003,C0389,20240901,1502.92,9.0
1332,090ca60d-23c3-42b5-836c-cfb0b142da3a,1032,C0145,20240930,697.54,2.0
1333,38a85854-02e7-4877-b363-f367c0a4f987,1003,C0872,20240617,1283.42,40.0
1334,a6c895cd-2e19-4735-b393-3014cdc7e239,1040,C0253,20240927,1098.03,38.0
1335,8b8de82f-449e-403c-ac76-e15414c12ff0,1035,C0711,20240920,1935.61,16.0
1336,73f31beb-8945-47af-a311-9d06a14afc11,1011,C0063,20241004,1075.87,24.0
1337,7170f88c-db28-4b4d-b5f7-60a1766e192d,1015,C0866,20240610,647.32,10.0
1338,838778a5-2fb7-48dd-8d2f-bb7fecb4520d,1047,C0854,20240826,1371.32,4.0
1339,75292d37-6bd7-4e44-a911-0872e4a42ce9,1032,C0961,20240912,1942.03,6.0
1340,d32d764d-2113-4e6b-9ec9-ac97d43f4d76,1042,C0026,20240925,1931.3,11.0
1341,af1cebb7-c8aa-4b9a-bc32-b39e91cbd972,1004,C0915,20240809,1060.15,32.0
1342,f188b824-b62c-44ee-aac5-ebb84172fcff,1029,C0731,20241118,221.42,6.0
1343,2c23796e-2fbe-4ba2-8e9a-0e4930220edd,1013,C0007,20240614,1307.0,4.0
1344,f1fa68bc-cfb2-4a9d-9344-fb9d9ffa7713,1047,C0607,20240916,847.96,37.0
1345,ce75526d-885a-4818-b143-55100416324f,1045,C0223,20240902,1766.31,42.0
1346,2baef466-2961-440b-880d-7b3dc16fb93c,1000,C0737,20240808,1907.04,28.0
1347,3b6346fc-93cd-447e-bd59-f2c79eea2c02,1034,C0124,20240902,1032.92,9.0
1348,3e61fa0e-768c-4d08-a370-afc1644eca7f,1045,C0781,20241109,1624.02,7.0
1349,a0abc491-76ea-4887-83e6-4ded94bcc8d7,1002,C0548,20241023,1162.39,24.0
1350,4bd96e53-2f6b-4b2a-845c-8a72ae9f5cc8,1039,C0702,20241028,582.46,34.0
1351,1a06a3a6-810f-4d23-ae78-10180b95b3b3,1027,C0869,20240929,1434.98,11.0
1352,ba56b047-59ec-4c31-8ae4-9444978d009a,1030,C0126,20240624,151.42,14.0
1353,f8f2aead-bc2d-480f-91e4-30015778ce05,1030,C0264,20240911,949.36,17.0
1354,23882b33-26b6-49d9-9168-03a02fe0d099,1039,C0505,20241120,1911.95,7.0
1355,4fa655af-87a5-4016-81ef-9ab69d743b98,1015,C0456,20240924,1220.41,8.0
1356,3cea8b02-91b1-4397-a7dd-961df5b4d320,1040,C0476,20241113,784.16,30.0
1357,d2ac23ea-699c-4d2a-91ae-328ff9b77132,1001,C0909,20240710,1015.07,12.0
1358,b3df4f22-fc8e-4329-9dd6-1071f5d9d4b8,1001,C0244,20240716,509.6,32.0
1359,5db46d28-cdbd-4ecf-8952-494e689afe12,1024,C0605,20240612,1693.51,5.0
1360,3ee43be3-f0d1-4e86-ab15-682e4325ed3c,1047,C0577,20240831,1117.08,10.0
1361,c41c0ebd-cd91-435e-bbe3-9a73ca12c627,1017,C0075,20240927,392.87,19.0
1362,822f5ce5-a0df-47c4-9768-bd03a85778d2,1027,C0283,20241104,1868.58,26.0
1363,d2e853b3-2f91-45c8-8bcb-5a47561740b7,1004,C0753,20241112,649.29,4.0
1364,933e1fe7-1f21-455f-8373-f1fb8b44d106,1027,C0314,20241120,1041.29,49.0
1365,3b94f04e-dd22-46c7-9492-76abf0dace56,1037,C0126,20240611,833.61,12.0
1366,3f0ddca2-68b0-42bb-96cd-3cc71776aea7,1019,C0141,20240817,1170.46,4.0
1367,12b72a7c-1a01-4332-b4f9-b0468da4e9ba,1035,C0663,20240807,501.75,15.0
1368,a382e9c9-29dc-438c-a2f8-d27c65ab2363,1021,C0947,20240628,1288.91,45.0
1369,e3937ffc-3c13-420e-bff6-c9eef0a58014,1027,C0552,20240624,274.88,43.0
1370,ae5d8314-0c67-404a-b077-bfcd843a16a8,1041,C0215,20240903,689.35,22.0
1371,86a23e22-6292-45b6-b0b7-1430e7c7acca,1043,C0820,20241025,1015.07,42.0
1372,743eb6ae-4b8f-4546-aba3-b97ab70013b8,1038,C0078,20241106,180.2,31.0
1373,1ea692da-0fba-47e9-a547-9cecaaba1238,1040,C0936,20241017,1480.1,27.0
1374,64c35843-8cea-43be-8480-00fbaf5831ae,1046,C0864,20240921,1701.0,8.0
1375,383d8cb4-05a3-4b74-a727-ed5b3223ef97,1037,C0280,20240927,1598.69,21.0
1376,2a6da8bb-3467-4183-8a5b-26ef4f7cc23a,1012,C0755,20240720,1015.07,50.0
1377,71979b05-a65d-43be-9e42-4bcded122e6f,1017,C0373,20241128,219.62,4.0
1378,0e05e14b-9537-4105-bc81-c7ab341c18bb,1038,C0030,20240903,122.47,25.0
1379,4fb0375b-d208-4447-a5c6-4030256be6e9,1017,C0516,20240815,422.23,13.0
1380,5d8d1a1f-cf4a-424c-8d66-c8e675067bee,1047,C0256,20240723,77.7,33.0
1381,304ec671-dc21-46ff-878e-1b24048b8b8a,1036,C0746,20241127,1313.13,16.0
1382,c27b49a1-68da-4d57-9f8d-69eaf74484b7,1030,C0701,20240811,1124.98,3.0
1383,a64152d0-1b2f-4e54-a7ad-5b4110da4e56,1014,C0169,20240618,1852.13,1.0
1384,d76c5107-ef8a-490d-9c22-85ba29735327,1008,C0178,20240806,1429.53,35.0
1385,1d4c3d83-4f63-44be-be91-6e14ee541801,1030,C0333,20241119,51539.45,1.0
1386,1636942c-8c9f-4657-9374-4e5971608a00,1001,C0456,20240819,1786.07,36.0
1387,1b0df781-2e5d-4774-93a5-75758882934e,1032,C0432,20240730,533.71,32.0
1388,c55402d5-c37a-4fbb-a318-121153795fb5,1011,C0078,20241028,641.91,34.0
1389,52d042dd-434d-4ba0-892f-fbb63be0f817,1041,C0856,20240704,816.76,41.0
1390,682c91b4-66b4-4ba2-934d-15bcf8aabffb,1026,C0558,20240802,98.03,31.0
1391,fec05e6f-b303-4502-9b39-4261df0ce41a,1014,C0416,20241004,1015.07,8.0
1392,c73b42ab-2367-4eab-8922-d6552d701775,1040,C0385,20240830,1749.56,2.0
1393,31921c50-fede-4545-bd06-08146f8ea007,1046,C0329,20240713,918.1,37.0
1394,dfd0a417-af69-4255-9cab-afd2547d4cf5,1044,C0673,20240617,1543.43,37.0
1395,cf19f95b-eaa2-4e38-b3d1-28a5266de89b,1006,C0613,20240717,758.1,29.0
1396,c6e081d0-d0bf-4675-9648-a994de9542ab,1006,C0661,20240925,851.72,3.0
1397,e5ef210d-d07f-48df-91f4-aae697ae467a,1048,C0863,20240801,1375.23,1.0
1398,399a448a-dc4a-475d-b5e3-04048757b40b,1040,C0458,20240909,1118.24,4.0
1399,2cb09540-ee8f-406d-beec-69d1631a1d9d,1049,C0689,20240612,1599.4,10.0
1400,517cd496-9eb1-4c5e-b423-85661ce76105,1041,C0119,20240621,326.46,42.0
1401,22472a6e-2bb3-4080-a3f7-366d7f7fc969,1029,C0684,20241117,500.86,23.0
1402,83bffc93-a92d-4d4e-acb2-a11719f7a61a,1033,C0187,20240701,226.83,44.0
1403,01fd4ae7-8ba7-4208-8dfa-1b7f7a885a27,1035,C0395,20241119,1251.71,22.0
1404,089bc59e-8e7a-4d1d-abad-430f640d24aa,1044,C0120,20241018,1015.07,5.0
1405,7a7e7cb7-6843-4922-bcc1-3099b8a79859,1000,C0200,20241008,518.3,9.0
1406,fedc801e-bea9-4137-bd7f-29a40ee5608e,1039,C0732,20240806,986.53,30.0
1407,9faabf06-4665-417f-b566-d77ccde7d1bd,1039,C0876,20240913,165.13,28.0
1408,dc73ac89-76bb-4cd5-8e87-2e1375955d0d,1033,C0350,20240918,1758.77,30.0
1409,2661d2af-9a70-4630-8048-0253dd8ad20d,1047,C0810,20241124,82.06,43.0
1410,95263a48-8283-4766-b452-649130590b44,1043,C0280,20240712,1462.96,37.0
1411,fa889339-eb51-4dbd-b38e-98b4ca00d753,1040,C0166,20241102,1876.74,18.0
1412,a89710c8-591a-4993-8598-ebbe93340ce7,1010,C0372,20241011,1622.7,14.0
1413,96bdeb1c-7a82-493e-993d-65949595a1f9,1008,C0335,20241102,606.5,31.0
1414,7c65e9e1-c2fa-4a49-bce3-12ec9c3553ac,1005,C0721,20240726,1599.99,50.0
1415,dae5b131-e478-4c98-9bbc-de82d7f178ee,1003,C0305,20240926,347.09,26.0
1416,98096455-ba82-432c-b171-7322be506f7d,1001,C0733,20240810,1154.65,19.0
1417,7380ccb7-05ee-453c-a0be-6b98c705bae3,1031,C0755,20241018,1242.45,6.0
1418,1ef4c9af-10db-44ee-8fd2-b8c0ff74c9f4,1008,C0533,20240824,889.99,36.0
1419,c5370693-1e28-4c1a-b470-62f37c378f94,1022,C0908,20240627,152.78,4.0
1420,78d7d543-11ba-49c5-8778-f28c458e6c96,1039,C0675,20240620,300.4,37.0
1421,63675995-c43e-483d-a3a6-97395df1b4f3,1008,C0239,20240602,1412.89,49.0
1422,59ddedfd-d1da-4e33-8592-cbf19716f04c,1028,C0857,20240904,1015.07,47.0
1423,35e97960-5907-439e-a120-de78336d8283,1007,C0441,20241127,794.75,38.0
1424,a8ace11d-7729-4932-9bde-1d3d2360fdf2,1004,C0187,20241025,1015.07,15.0
1425,9d74c061-61db-42dc-8266-f5314525a4f7,1000,C0620,20240728,1948.76,38.0
1426,44bbe10b-522f-4d56-881a-d5a3f55b8eca,1046,C0954,20241012,135.73,28.0
1427,6a42f5c6-4414-4195-91d4-e0c92090e9a8,1011,C0920,20240914,500.6,13.0
1428,2612c1ea-98ca-4e9f-8c7a-924ee0327e67,1015,C0661,20240706,712.13,14.0
1429,88baf78b-7f15-4fd2-8da8-8545842a84e5,1024,C0603,20240815,603.73,24.0
1430,5db60464-d5a9-4d83-9d60-70403d3a73a1,1015,C0515,20240817,225.84,25.0
1431,d2fc3b4b-1f02-49cc-9b40-75e763f633be,1041,C0850,20240618,464.66,12.0
1432,78e776da-a619-41d7-b08c-0e2193b76519,1031,C0914,20241110,420.92,8.0
1433,79a1b0d9-31cf-41c1-bcb0-9d08b0462b4a,1030,C0301,20241006,1068.5,17.0
1434,eb922a2f-0f13-47a4-a9a9-86ad57038b98,1030,C0402,20240619,1331.97,45.0
1435,39d6c098-c327-4696-ac63-736eaf220aa8,1016,C0390,20241013,497.6,17.0
1436,15959cf4-3da9-41a6-b853-a907a8fdab9f,1046,C0424,20240903,1019.74,6.0
1437,9d8f14a7-f944-438a-b75c-4f087aa1b7dc,1030,C0912,20240609,699.66,28.0
1438,7a31698d-f07f-42b4-9c4a-8e26f873bb0c,1043,C0463,20240830,86.32,40.0
1439,9207c5f9-784b-4f9a-af96-80c4a59ccdd2,1036,C0130,20241108,1458.99,7.0
1440,30b12be6-35a1-49d3-a9f3-1ca1617cbcfb,1047,C0297,20240622,927.24,36.0
1441,4d89858c-8c8b-4f43-aa87-97ad1db6e105,1025,C0812,20240902,1472.22,34.0
1442,698f36ec-16f7-486d-a2f4-fc94d48be291,1033,C0802,20240803,1057.3,2.0
1443,829483b3-75fa-48cb-b7d0-e695fea28236,1039,C0799,20240831,1137.79,9.0
1444,8ca24781-addc-4492-beac-4fdff32748c6,1023,C0101,20241111,356.5,12.0
1445,3d9ffef5-e56d-4c83-8b8e-aa353066623b,1031,C0096,20240930,1828.85,49.0
1446,7007178a-2611-48cb-a1d6-aa45a961e56e,1007,C0976,20241103,390.4,26.0
1447,f0a0a1fb-9849-495f-98b9-da67e946b88a,1013,C0256,20240615,1039.3,42.0
1448,dc731d08-47ed-4fa0-b398-3d15cfcbf3b0,1009,C0485,20240929,103.96,24.0
1449,ef3d19be-7387-4fe0-bb3f-186d13446e0c,1032,C0416,20240904,812.42,50.0
1450,74ee46e7-0354-48ea-acff-9a99cc8098a6,1038,C0968,20241023,436.78,10.0
1451,3d1193a0-3efb-4ba4-a490-f14857f9f418,1004,C0605,20240821,1254.52,13.0
1452,dac441c5-5938-417b-bb3b-cbd74fc860f6,1046,C0239,20240601,448.54,44.0
1453,5ee3506d-46c8-43a5-b6bc-094fd7997460,1004,C0295,20240904,1049.66,31.0
1454,efa53aa3-6ca0-4c20-9696-ed2a014c59a7,1008,C0237,20240915,1686.42,26.0
1455,006bb5d1-5ceb-48a0-b3a5-d0abe3345285,1033,C0098,20241114,456.13,12.0
1456,f3575031-12fa-4231-85e9-c8414be7d934,1048,C0913,20241011,1355.55,23.0
1457,42de4855-da07-429f-848a-04a22cdbc845,1021,C0217,20241022,1015.07,26.0
1458,684263f5-b347-4b9e-aaf0-298ea066e776,1007,C0795,20240816,1888.69,11.0
1459,523e9094-87b4-4bf6-b466-d6453ba4d8b9,1020,C0587,20240906,1802.88,18.0
1460,d63fcd67-60a0-4781-8066-87f0317c7cab,1018,C0742,20240618,1612.0,30.0
1461,9ff8ff1d-ef4f-4909-8343-7a6111696782,1001,C0206,20241112,804.05,36.0
1462,7679523d-8dc4-48a5-83ab-3473b0d2d969,1034,C0497,20240831,1304.18,5.0
1463,664c65ce-b23b-4a8f-8107-36f2bdebcb07,1020,C0318,20240806,620.34,16.0
1464,62bdf7ef-ff13-485a-9046-ecb622481306,1028,C0664,20240706,1633.91,11.0
1465,457c343e-ec11-42fb-9b70-3459aa4f8970,1031,C0633,20241028,1635.21,14.0
1466,89079b60-3570-44ed-a316-61afcdc5d004,1004,C0382,20240813,1494.12,10.0
1467,a71859d8-4d9f-4c25-b0cc-85f644ef589e,1008,C0673,20241107,1839.64,3.0
1468,781709e4-e51a-49d6-935b-ec6295381f02,1027,C0705,20240627,501.04,47.0
1469,c0b7cbc4-a34a-4e5e-a689-2a59a310f4d7,1018,C0046,20241019,1196.17,48.0
1470,149055eb-d404-4139-815a-0b071921358d,1032,C0920,20241022,908.16,4.0
1471,8bc12eff-101d-4f5c-95b0-42ca66e8ab8b,1027,C0920,20241006,343.62,4.0
1472,d810de03-47d5-4ba9-855f-c7529b3d1d26,1005,C0409,20240824,508.01,24.0
1473,b4501d3b-f1af-4c10-a676-59ac93715c12,1027,C0855,20240614,754.51,6.0
1474,d4780485-b639-4f3b-8a27-8647473c46eb,1046,C0182,20241009,1766.72,9.0
1475,18fdaf7f-a030-430b-9a50-73a3ca25651d,1016,C0977,20240708,1463.44,30.0
1476,dc2005e7-f0f0-4c35-a6a8-afecfe03206d,1015,C0284,20240728,1123.65,27.0
1477,daf77663-36e3-4853-9f84-ca1a027c3d39,1005,C0181,20240605,1028.6,35.0
1478,507b6db0-daa7-4567-8f9f-687967c2a469,1047,C0785,20241029,566.0,47.0
1479,51210589-f2e6-4b1c-80fc-56c07e189297,1007,C0163,20241030,1344.28,40.0
1480,267ff807-dc3b-4cd4-9459-62b43bccf157,1007,C0680,20240908,1249.72,47.0
1481,d73851e0-b213-4b81-bc7c-be1072941179,1013,C0553,20240926,1249.89,9.0
1482,494d3c13-0b6d-44e4-9c15-1465c3c5f869,1012,C0482,20240728,1722.91,46.0
1483,4b6d47a2-84c5-4514-bebc-60a49558281c,1021,C0904,20240707,1439.71,33.0
1484,8cee0e80-3646-4e42-b2e2-11580da361c8,1042,C0289,20240813,1336.57,8.0
1485,9222e110-e8ae-40bb-b76a-d4edf39685c5,1005,C0071,20241021,1843.56,4.0
1486,26b677f1-7488-40ec-8c18-21228dc79f93,1040,C0044,20240828,1050.09,6.0
1487,8038bdb1-d748-4050-ae10-5a5ff0f8f846,1035,C0716,20241111,813.27,41.0
1488,14a6498a-901b-4855-b1df-93508503984b,1016,C0075,20240622,271.42,17.0
1489,82824a16-3dee-4127-8836-daf293eaa4e7,1039,C0645,20240814,57.18,3.0
1490,e2ced6c2-4425-490e-8312-c2a63acf1eef,1033,C0031,20241003,1007.19,38.0
1491,f7674658-e557-4df8-b937-b329ccaf1fc1,1016,C0304,20241001,410.61,25.0
1492,d0379a76-76f2-451a-a9f0-eb5c5f242897,1018,C0998,20241123,1344.95,6.0
1493,cc7633b0-ff21-4031-99e1-cafe2f90ba50,1045,C0462,20240831,1015.07,7.0
1494,cf861958-bc40-44bf-8f13-6387e9fb64f2,1005,C0931,20241028,748.22,49.0
1495,1a0d624a-3b2f-49fd-a097-f5dfc88f278c,1031,C0176,20240616,1835.88,21.0
1496,442b0b2e-4667-456b-85bc-ef792f5ec96d,1008,C0450,20240726,1729.4,29.0
1497,22d5904c-b80b-45f0-aa62-f6fb083c661b,1044,C0223,20241026,192.54,46.0
1498,963fe616-7b24-4b84-a1b6-e1fe1fc52a39,1045,C0854,20240828,447.44,14.0
1499,90797dff-6f4f-47ef-ad36-52b28dc54526,1046,C0259,20240928,888.83,21.0
1500,17ec38d1-e289-4155-b9bd-fb22b741f017,1023,C0517,20241028,1892.1,9.0
1501,96bd23b7-5eb4-4ffc-a10a-fb2067979d31,1016,C0979,20240817,1015.07,3.0
1502,7a3d6d2c-9b4c-4c0e-8204-8bf9c8489e92,1044,C0416,20240901,80.2,27.0
1503,0f4f64f7-aa25-4c10-9d61-ea58cc6c2ba3,1025,C0595,20241005,1602.04,37.0
1504,6693d31a-17dd-476f-b367-1b01f23cd608,1038,C0550,20241109,1050.31,23.0
1505,cc554ef6-7867-4bd9-892d-6bce7efc55c6,1038,C0777,20240917,369.67,49.0
1506,e8271ca4-55ea-4019-a2ae-77d211bde376,1027,C0900,20240622,839.37,48.0
1507,c0bcea7c-a883-4fe6-83d6-1b33a02f00a7,1020,C0421,20241022,165.05,42.0
1508,9a2a6ca3-5273-46d8-8b6f-6b6477787ec5,1007,C0436,20241024,1902.5,5.0
1509,93dca5c8-98ae-481e-b037-d9ba9f5a01ba,1048,C0031,20240810,1521.42,43.0
1510,01dd46a1-ff0b-4dbf-8a26-55a4117c5fc2,1018,C0344,20240917,1169.91,21.0
1511,c8c51e1f-d1a7-4780-993f-847853e22051,1035,C0184,20240602,1868.36,50.0
1512,c8f32b9e-f325-4257-a777-917ab586931f,1048,C0048,20241027,1260.99,17.0
1513,1aeb95e7-498e-402e-a88a-a30268103404,1044,C0135,20240618,1029.67,3.0
1514,0a96b2d0-541b-4c07-9b35-391f87778b96,1037,C0630,20240611,1892.69,13.0
1515,42beb00c-9493-40a3-a5a3-f0f7e687739e,1006,C0759,20240902,1524.76,5.0
1516,98ad244e-e79f-4618-a5b8-46ac4994488c,1038,C0501,20240711,55.09,17.0
1517,a42c2739-0d47-48e4-8724-52fd8ac88297,1017,C0436,20240809,1592.86,32.0
1518,6c0d0847-37a3-47f5-89fe-bb9c64f913a3,1020,C0610,20240705,570.36,28.0
1519,778300ff-7405-4166-acb8-83a5bdf9b2fd,1040,C0714,20240821,66.05,50.0
1520,6602b66d-bece-4333-bfde-8d7dac579cf5,1031,C0742,20240605,1348.54,32.0
1521,90128eda-8cba-4eb2-b45b-7b8ff1f68cdd,1004,C0876,20240930,151.96,12.0
1522,7fd65860-1b4d-470b-a789-acdf6c11e83b,1021,C0536,20241016,1432.27,1.0
1523,faa8ca4b-ec65-4459-a48b-0383e344db07,1045,C0696,20240706,100.81,19.0
1524,a255e187-3fee-4278-ae2f-1cf4e06d1176,1038,C0243,20241107,1389.57,34.0
1525,a56b5253-be42-4ffd-af4e-800f43448fac,1035,C0214,20240704,1136.21,45.0
1526,dc36a295-59db-491e-8a95-a140f526ab5a,1047,C0253,20240822,620.07,22.0
1527,c5f15538-e533-46c6-b034-5f757e9eb5b8,1037,C0228,20240614,1322.6,49.0
1528,11970647-b7cb-4924-926b-ad530e220c2e,1020,C0960,20240910,1564.09,5.0
1529,58db7fc4-c620-4abf-bc6e-13cde5e695ab,1016,C0449,20240604,1610.97,47.0
1530,5b5700f7-2efd-47e9-b56b-3c63d75a01ca,1049,C0808,20241111,1012.91,1.0
1531,2c1db868-da2a-4a8c-86d8-fe4406e79ef7,1000,C0970,20240704,122.45,26.0
1532,17c5ad00-2e74-4e84-8962-66db84e1fa73,1018,C0525,20240915,917.78,10.0
1533,d6d8ba87-cf43-4a8f-845b-19027b914685,1001,C0235,20240907,618.45,16.0
1534,0aa9042a-e32a-4cb8-b0d0-9bfb1d01c377,1039,C0082,20241020,258.76,14.0
1535,ca62851e-ebce-4cc6-a9a2-b8844b69f8ed,1027,C0832,20240609,329.62,3.0
1536,ad1b39b6-ea7f-45a9-a28e-f2497f986106,1028,C0170,20240903,386.12,29.0
1537,795516ba-f6a2-4181-905e-aaf6b5e2a330,1031,C0113,20240718,794.04,5.0
1538,463ae426-e45d-492f-a4de-bdc20ab02ce7,1027,C0813,20240620,1148.89,26.0
1539,d1b03c12-bd7f-4cbf-a1a2-aa913f3c5833,1025,C0050,20240930,421.96,32.0
1540,51b40207-b0f6-4e2a-acc1-dfa212e6c322,1000,C0283,20240703,803.76,1.0
1541,ac951860-3ae9-4f20-9181-28c9ff110bb5,1009,C0495,20240717,47036.37,19.0
1542,ec6f86ce-ecb9-4e26-8d65-87717a6c2ea7,1045,C0705,20240625,1835.78,15.0
1543,cf99ffa2-9e40-41ed-bdd4-540a93701e7f,1026,C0237,20241016,1671.13,12.0
1544,b33d223a-c9aa-4615-a7e1-cfc1da6cbaa2,1030,C0831,20240626,731.22,37.0
1545,53338079-70ce-43e4-a764-61ba8848d1c2,1004,C0316,20240810,389.88,13.0
1546,bb550325-ff44-4831-a242-fb4295c924fa,1033,C0716,20241107,737.91,34.0
1547,b49af2d1-1044-4a06-ae5e-fff107ff580a,1041,C0476,20240824,285.9,23.0
1548,de782c32-dce4-4903-9dbf-a1321e9430c6,1030,C0733,20240914,1705.18,20.0
1549,c45b819e-8e7b-48ff-b1d4-a863ee71491f,1019,C0443,20240812,1359.44,27.0
1550,af62109d-b541-4985-82fe-2a41c52205b2,1001,C0824,20241108,503.95,15.0
1551,5d9cf9cf-5282-4b5e-a31a-c868ccefd510,1006,C0804,20240724,243.36,2.0
1552,493da57d-56ca-4406-8f8c-d17830d8964f,1019,C0164,20241115,1095.77,33.0
1553,2342d3ab-6a1b-4119-8a6d-d540e8088f99,1001,C0513,20240629,612.04,33.0
1554,790b90ae-76b3-4923-83df-12e2ea1c275a,1038,C0708,20240923,1721.79,17.0
1555,b1bc216f-36db-4d50-a3a8-79c04c07346e,1014,C0233,20240604,759.16,19.0
1556,9d3b3c52-1c40-4b9c-9969-531f8f5b62d7,1037,C0495,20241015,1601.3,13.0
1557,3c956202-78bd-4af3-9554-fddd16679ed5,1026,C0815,20241007,146.92,1.0
1558,373d824d-7442-4d7f-97a4-ba3315adb7d4,1004,C0204,20241121,440.37,35.0
1559,bfd73490-d17a-43f8-8b37-e820cdf4790c,1041,C0828,20241003,1326.91,43.0
1560,edcb16cd-d211-4935-beea-9ea2c6943957,1005,C0094,20240703,418.15,8.0
1561,10cb9210-edab-4d89-a387-5a298d2de307,1042,C0592,20241124,1012.69,31.0
1562,66c73eca-dc31-4d7b-8783-4b6785e11a09,1018,C0470,20241022,1015.07,23.0
1563,c4f5a1a5-7961-4d83-ad91-57f48e29cde8,1001,C0749,20240705,1667.79,35.0
1564,56cba897-8b0a-401b-94a5-e1db746bcc85,1036,C0803,20241003,957.64,49.0
1565,c5ad1567-14e2-4a03-846a-2a0815535d8b,1034,C0005,20241024,1842.52,34.0
1566,1228793e-ffd5-410a-97a1-8cf77da5b75c,1049,C0283,20240909,706.2,47.0
1567,6fade69e-fe48-4e00-ad8b-a2eb4883c7af,1034,C0920,20240819,342.32,47.0
1568,57c69988-73ba-41bf-ae02-af8a17fdd6a4,1035,C0397,20240810,428.02,36.0
1569,ef3aa7de-3b6c-49a9-9d16-a2dd839d7d6d,1006,C0892,20240825,539.74,30.0
1570,cbd17ab6-f2d5-4894-af3c-b1398bd39d77,1022,C0440,20241109,428.47,45.0
1571,d8089140-43fc-434e-9e4e-25d16fc07954,1004,C0800,20240822,1019.89,40.0
1572,72e31e09-2c60-4a19-a751-43957d4c1cf3,1039,C0757,20240716,592.67,1.0
1573,bd52dc25-0397-4a22-b8b1-7a30d212275d,1003,C0598,20240701,550.59,8.0
1574,ce6ef50a-ad28-46f1-8e9e-047ed96a7df4,1029,C0998,20240902,1015.07,23.0
1575,c11e1b37-04f4-495f-9b91-d531a9bdcdbb,1042,C0836,20241004,689.72,25.0
1576,9571d7f2-271f-4ce3-b4ad-a210f7e77d12,1012,C0543,20241109,1972.6,41.0
1577,5ce58d1d-41b7-4b6f-8288-497252939dc6,1044,C0870,20240810,1035.97,46.0
1578,6c813b33-7b21-4c1a-8f73-e76b2d9ae0bc,1044,C0515,20240716,357.47,34.0
1579,25130dce-50e9-486b-8f0b-cd352525fb6c,1002,C0212,20240621,1489.49,24.0
1580,02354bf6-a216-4136-a642-bde510019e8d,1008,C0303,20241025,1376.81,47.0
1581,1274272e-7e45-4d54-b34e-81ccd394314e,1034,C0229,20241023,1323.84,30.0
1582,f2f06e20-6708-46d0-8c55-a79fc5da9838,1003,C0976,20240719,533.73,21.0
1583,efd05f57-cee0-440b-9852-b07d167af925,1000,C0186,20241103,1186.78,44.0
1584,bdf62bec-f294-401f-a3f5-1261dc3a8597,1021,C0970,20240715,66.22,30.0
1585,c3176ee9-f35b-4d66-a19b-9c32a3592e81,1003,C0080,20241109,1269.92,40.0
1586,68ec9e0f-6a07-4ffe-9251-66dee15dbe44,1049,C0164,20240904,349.39,32.0
1587,5c0e80fe-2681-4031-9940-5149f4867043,1002,C0590,20241004,1669.39,4.0
1588,a21e84a1-c694-4e7b-9a08-32ec73defa84,1009,C0296,20241112,1561.51,5.0
1589,22295e8e-488c-4483-b6ca-d7bbb91302d5,1032,C0616,20240909,919.21,24.0
1590,6c189781-b8f1-49a8-9052-1f7b7d5325aa,1025,C0452,20241126,933.84,18.0
1591,3a074c66-89d1-4ac2-bcf3-30e82d3e2d3b,1030,C0862,20240808,325.81,42.0
1592,d970144f-4e39-49c9-ab21-ea9b8b7f177a,1045,C0927,20241108,571.15,42.0
1593,01e0ddf1-2cf2-4467-bb93-0bffdbca2dfe,1012,C0379,20240917,1571.63,39.0
1594,136b558b-c0d2-4652-9347-576d4fd4bc8e,1025,C0116,20241020,451.13,42.0
1595,46933d0a-3f8d-46f7-a3f0-f800bba79fcc,1027,C0681,20241012,454.08,30.0
1596,0e8daf0c-c607-4fd3-acfb-3e430661e806,1017,C0313,20240819,1485.76,31.0
1597,b180bf08-92be-457b-af19-b7a18ab6a4f0,1036,C0115,20240704,187.47,36.0
1598,79ea1509-bd2e-4ec0-a593-bf5fccd37dc9,1027,C0912,20240809,1721.47,25.0
1599,4ebd6782-8648-484c-885e-35cc8b385e5f,1027,C0900,20241107,1493.19,20.0
1600,cc858089-c670-47cc-aca5-f3e631976a20,1008,C0400,20240614,1601.83,32.0
1601,b98f77a8-f8a9-49df-8d18-69d5faf1996e,1027,C0984,20241012,1614.5,11.0
1602,9131a520-604d-4cea-a238-3b77b6b4e59f,1021,C0041,20240624,1304.55,21.0
1603,d0754800-c0dc-42a7-b3ec-98b43234113b,1019,C0615,20240923,717.34,26.0
1604,4409064f-812c-4fb6-8663-212b87f691a2,1016,C0349,20240707,112.69,25.0
1605,75625b98-d06d-4786-ba00-0433ad4fcb96,1000,C0849,20240904,1702.66,34.0
1606,da978b2c-3f14-42ea-a219-5771c07a055b,1010,C0399,20240916,957.58,48.0
1607,7d855481-e8f1-460b-8b6f-bdca981a9487,1030,C0160,20240603,1164.79,9.0
1608,c3eabe89-6974-4706-aa9c-9ecadfb49cc6,1013,C0706,20241005,117.18,35.0
1609,aa1e1baf-e26e-4c4a-a3f3-d5837b75137f,1018,C0675,20240610,1982.59,37.0
1610,f40bd0b2-bcd0-446a-b943-f64bd46a6a0f,1031,C0345,20241016,1612.79,15.0
1611,946fb6d2-a269-491a-8aa7-90227ae00745,1029,C0742,20240815,97.6,23.0
1612,37d2d18c-602b-4f31-94c8-8a1a7da51357,1029,C0338,20240728,430.89,29.0
1613,132854b8-5829-4cae-bbae-35e8390bd48e,1046,C0167,20240823,427.85,13.0
1614,114bc9c5-3d0f-47d6-9dc7-81cae4ff61e7,1028,C0817,20240904,1867.59,25.0
1615,046f4e10-2041-4416-a8fe-4b9d8e289cfe,1021,C0229,20241127,1035.34,25.0
1616,ff0cf2dd-9342-4bc1-bbaf-eb90171301d4,1024,C0138,20241116,279.11,12.0
1617,30e1c39a-396d-4755-a74a-a98e68fd3a3f,1030,C0241,20240610,288.67,26.0
1618,58b1e223-5e85-4e92-b1c9-e732dbfee23b,1047,C0617,20240916,528.95,15.0
1619,06a55248-2c71-4240-bb2b-2ab43ee4daa7,1030,C0747,20240817,907.94,3.0
1620,fa13b363-7906-4c30-959a-7dbb77693cd9,1045,C0577,20241113,424.65,1.0
1621,969cf182-816d-478e-b7fa-73518bab1353,1042,C0900,20240717,1015.07,33.0
1622,2f694e7d-699c-4abb-a57c-46fcbaa4b4c7,1011,C0262,20241031,334.42,25.0
1623,788b12c2-1ef1-4787-8747-e546a9c4b6cc,1010,C0591,20240715,399.5,34.0
1624,531b8d54-6e06-4544-a0c6-00a2893eb7d5,1012,C0950,20241020,974.19,44.0
1625,7d248a61-2898-46a2-adae-547c0a2a5bbd,1019,C0376,20240603,780.0,14.0
1626,649bd3fd-2e03-4e37-9d42-4e3e5eb21695,1011,C0670,20240611,1171.85,27.0
1627,6be368a1-e0f5-42f1-839d-a5ab53121928,1025,C0173,20240913,1436.06,31.0
1628,d8086d0c-6d6b-49db-b931-c5d39748c5d2,1029,C0588,20240625,1994.65,25.0
1629,429561ee-f592-4e02-aefc-9b0abbe650e0,1022,C0606,20240919,739.03,42.0
1630,a7c279dd-469d-4b92-909e-7afa9be4644b,1038,C0603,20240606,1619.34,19.0
1631,5488f109-f03a-4e3f-9e63-16604bf37a7e,1002,C0069,20241103,181.38,5.0
1632,e635db7c-3a67-455e-bd8c-374520a4b15f,1036,C0119,20241027,1857.13,10.0
1633,c9fca191-62ef-4ffa-bd09-851a06ae79e4,1035,C0460,20240826,1122.92,32.0
1634,77a8d4f8-b4a4-4713-b8b2-c80068a0a3b7,1015,C0714,20240703,1015.07,24.0
1635,7c572eab-3e31-473f-815c-255e8fef3cba,1007,C0175,20241014,801.94,17.0
1636,9674ccfe-4ca0-4b6e-921a-c9ba714729f7,1019,C0012,20240803,1159.58,23.0
1637,9fe73757-f4f0-4dd0-a539-67768005bd33,1027,C0063,20241024,490.61,17.0
1638,313cf324-e0d0-4ca7-a58e-f579544c59bc,1015,C0309,20241011,921.73,39.0
1639,2094b887-ff4a-4bb2-b05b-8056ac49f8dd,1038,C0102,20240907,1310.23,35.0
1640,33c47fb1-c649-4f2c-92a0-1b7b9a0e1353,1040,C0906,20240823,375.42,40.0
1641,1ff73212-adfc-4c6b-8a65-cf6bef30d542,1023,C0388,20240703,677.01,14.0
1642,e8821746-7f44-4e9a-ad5c-1580899ea621,1033,C0675,20240919,518.47,27.0
1643,1cfdf618-a220-4aea-b1c3-834e8a2524ee,1014,C0518,20241103,573.56,2.0
1644,af96a8d8-ee38-47ab-b74a-26aaafc327f3,1022,C0446,20240925,951.55,40.0
1645,846e45ed-2eb0-4f51-97fc-200fc153b8cc,1043,C0137,20241008,651.6,25.0
1646,4efe87b4-6f7f-43ea-a8cd-2150a5b3aad4,1012,C0898,20240616,1456.42,34.0
1647,1d74be4f-6d11-4a43-a654-805e52fd5d2b,1014,C0466,20240819,1529.06,36.0
1648,5c3dc239-57e2-4ce2-83c4-a0ddf4a4ef24,1002,C0543,20240710,416.44,2.0
1649,850b6141-0375-4e91-a520-a5fa6e0dd15a,1003,C0964,20240820,253.39,35.0
1650,9d724b30-8112-4198-82a9-6be6b84d66a0,1008,C0783,20241013,89.41,22.0
1651,faccc24b-1c55-4460-ba80-f6ddcac2db71,1012,C0174,20240618,121.08,50.0
1652,1f6ad94e-dd92-4a91-9f6a-9837a5c6764f,1033,C0410,20241111,1015.07,35.0
1653,5ef1a24c-d4e9-49a9-b7e4-e2d22cb7b5e8,1043,C0440,20241030,1015.07,28.0
1654,8d74eb4b-da0b-4066-ad92-dc1fa78b50c5,1022,C0338,20240805,1730.46,40.0
1655,6bcbd940-0ee4-4c7a-9926-9cdca2683ad7,1039,C0760,20241008,108.92,49.0
1656,e3567cb3-3a01-4cb8-bcd4-e2993c364e79,1041,C0679,20241124,1920.77,34.0
1657,eb583e0d-83d7-4451-ab14-8cfd02d0e94a,1001,C0130,20241017,1189.2,18.0
1658,6f2b26ed-6be9-4220-ae38-445531abb20c,1010,C0768,20241107,626.87,36.0
1659,bfe69385-4598-4fd1-af53-48212fbab697,1044,C0516,20240903,1282.99,40.0
1660,cd114f2e-63f3-4c3e-8f0e-441fa4e34a9b,1049,C0067,20240901,1951.04,46.0
1661,a7228b88-9659-44ea-90a7-9934b459156e,1030,C0511,20240708,303.81,6.0
1662,c9deba64-9bd0-4a22-8468-60f6b8d17f7b,1001,C0669,20241005,36387.05,7.0
1663,0aeae576-e0af-4c4b-a313-5bc17b96f838,1043,C0494,20240906,97.75,17.0
1664,7b076a95-601a-4eb2-add6-aa2931277a47,1038,C0126,20240825,1417.6,17.0
1665,80fc4513-f879-4d32-bf84-28e0375216a2,1007,C0820,20241014,105.82,25.0
1666,8ea4bbe1-f395-4b26-ace9-c6dc82f6725d,1024,C0470,20240707,1450.06,15.0
1667,595b985d-cf22-41ef-a0ab-c2c048b6e3a4,1047,C0018,20240929,1607.17,10.0
1668,7e30d1fb-eb73-480d-8084-636e77d762ed,1041,C0409,20240812,1952.75,5.0
1669,91d5ce15-c112-40d2-a0da-fa22dfb0511d,1013,C0594,20240830,843.1,45.0
1670,0673d19b-6f49-4b93-8da6-3d0d464ad1f8,1028,C0134,20241005,1596.24,13.0
1671,1d4f585a-29d4-4f73-9dbf-c4f9bf56dd28,1044,C0346,20240928,1777.43,25.0
1672,0e4e7ed1-3bbf-4cdf-84e6-2a497f402113,1047,C0765,20241109,546.24,29.0
1673,9eae87a5-d1c3-47be-b166-7bd2cb208329,1029,C0409,20241104,1916.56,40.0
1674,644043d5-afe6-4cf9-a803-83400d778730,1048,C0956,20240815,353.75,15.0
1675,4d5765bb-03a7-4fa9-acdc-d5f761484ade,1034,C0918,20240731,338.41,5.0
1676,820a71d1-f9b0-4672-950b-6717cc1c5ebc,1002,C0110,20240907,1343.24,46.0
1677,b8515ebb-a4cd-443b-9bf4-9742669c3b3f,1043,C0066,20240612,446.55,35.0
1678,b84bb017-6455-4ef3-bce7-0c009b941add,1018,C0435,20240904,1213.4,37.0
1679,d27e909d-5425-429e-bb9c-199b140402fb,1038,C0763,20241020,791.46,49.0
1680,ed344960-8bd7-4e1c-abcc-7cc9861af627,1015,C0337,20241117,472.64,4.0
1681,8bd2c143-17b3-44f3-b086-5392c669e4ae,1032,C0877,20240615,1981.82,41.0
1682,ec0a4af4-9d3c-49e2-b4f7-3e0d39e5c1dc,1027,C0334,20240918,1256.49,6.0
1683,67f87a41-bce5-4389-a268-4268954c3181,1012,C0864,20240705,1227.76,24.0
1684,5dfa40de-e0e0-43f0-a7dd-c4d0ac2a2ae2,1002,C0546,20240729,1532.05,10.0
1685,7551a90a-b914-487b-ab2c-9011396e3366,1046,C0267,20240606,1436.36,26.0
1686,e374e448-4469-4689-a293-d869c1dd441e,1048,C0705,20240828,723.92,32.0
1687,9d7607f3-e922-4f5b-8ce4-e3c6dc239fe5,1002,C0609,20240924,1526.18,26.0
1688,c06e1d1d-9b64-4aca-9d3c-43b2dab5d89d,1048,C0013,20240709,1015.07,43.0
1689,a6d44b68-40f0-4c5c-95a6-5a88062eb8a7,1001,C0273,20240814,211.52,3.0
1690,fcec8b36-2407-4ce6-8ba6-6311b4bf6819,1036,C0881,20240710,1705.17,10.0
1691,b70935f3-3c48-4c43-8ece-b7d3e96d5148,1014,C0790,20241122,304.46,28.0
1692,371c6f45-08f9-43b1-bbc1-245897d16508,1026,C0295,20241102,520.07,14.0
1693,c5078b96-61b5-4cb9-b143-ca42debf85a3,1034,C0165,20240817,598.66,7.0
1694,5960d940-e9ed-4d48-b25d-152e6644edda,1002,C0855,20240905,609.03,25.0
1695,ad710ad7-2b34-4950-83ef-2d9860d38912,1009,C0984,20241109,828.05,28.0
1696,190540a0-840e-4214-a2fc-a01490777e94,1002,C0082,20241006,805.38,45.0
1697,349423fc-7c08-41e9-a879-a8ed50d558bb,1012,C0763,20240922,1435.26,50.0
1698,09449386-cb4f-4c96-ac98-7eb62c68d9b5,1006,C0434,20240707,908.86,47.0
1699,4abaabdc-aee2-44b5-bf41-d8e5c06693f8,1048,C0860,20240812,1866.78,10.0
1700,dde33693-21db-4622-ab87-e23545174927,1034,C0021,20240824,588.33,15.0
1701,ac8f437f-9482-4107-a8a0-0c26542df7cb,1049,C0835,20240728,1262.93,41.0
1702,1ef375be-436d-4b9c-b40a-8a0f5c19279f,1047,C0694,20241012,567.54,42.0
1703,8270df30-07f3-4285-998d-31d4468cac3a,1008,C0542,20241005,1248.45,24.0
1704,a7739719-eee4-4334-8e3d-7915f8a1bcc4,1018,C0553,20241110,327.38,21.0
1705,e5f70010-b380-4192-9ffa-f65d54dc1fd9,1031,C0967,20240808,1698.62,31.0
1706,96dab6d0-dbbe-4f47-bd57-f37a91374549,1046,C0303,20240608,1210.95,43.0
1707,340740f5-7abe-4d97-92ac-4708e07affcc,1030,C0665,20240921,167.07,48.0
1708,6a8e5b90-3736-462c-8fb5-d542371ab836,1005,C0701,20240910,446.94,25.0
1709,18013622-dab2-4c0c-a2c7-00025697d02c,1025,C0815,20240908,1693.89,48.0
1710,ddce716a-fee7-443f-ba79-918aed966804,1019,C0308,20240830,273.0,19.0
1711,c745e35c-8d37-4892-998f-a9740b1695ab,1004,C0067,20240925,1499.69,34.0
1712,cca6eefb-bd4e-4126-a050-4dd8f59b4c11,1037,C0993,20241106,215.21,24.0
1713,d44b0873-8357-4be0-b8e5-5e269beb425b,1006,C0724,20241105,63230.03,44.0
1714,a5c05b27-869c-423d-aa27-27da5d98ba33,1006,C0842,20241112,1238.75,14.0
1715,948ea0a3-36cc-412f-aba5-e860bcaf718f,1012,C0386,20241022,1428.64,36.0
1716,3c4c9d96-63e4-4f9a-a921-832edf15b5f5,1020,C0234,20240624,1824.39,7.0
1717,7b281203-2d03-41f2-85c6-3e0288fa21cf,1016,C0817,20240608,507.13,34.0
1718,54287ebd-6495-4418-a906-73c6a80ae6d5,1027,C0371,20240812,1692.48,22.0
1719,c8e9aca1-efb8-4fb1-a48b-fd90758ecec7,1042,C0757,20240911,1024.08,33.0
1720,2771c67d-a4ab-4c7d-aa96-f3e9309a5c93,1034,C0206,20240709,1015.07,50.0
1721,c1b7d241-13d8-43a4-a22a-d82a562dd5de,1016,C0378,20241007,23450.28,13.0
1722,0566f8be-64c7-4fc7-92cc-5d20b4238346,1003,C0938,20240717,1368.22,30.0
1723,e92c56af-0d5d-48e5-a8ed-99b1b23180a7,1020,C0835,20241012,59.61,5.0
1724,1373b581-1199-4558-8571-2993d042b47f,1023,C0695,20240609,987.69,29.0
1725,7193e594-3094-4d13-bf1e-37668e0ca349,1005,C0723,20240905,195.8,36.0
1726,2f83d3d8-7967-4098-bd78-cd98cd1b99a9,1012,C0266,20240627,1263.68,2.0
1727,a4c0b21d-881f-4121-9504-75d149d6c0f9,1024,C0833,20240620,1921.04,23.0
1728,2fed6894-9a05-41d9-97cc-8035f18a9fdd,1046,C0809,20241104,989.76,40.0
1729,29e92285-f243-442a-9828-25d0e7ab9594,1024,C0134,20240715,924.41,49.0
1730,c633e642-d292-46eb-93b6-887764850106,1037,C0685,20240715,1888.16,18.0
1731,fadc01c7-1cd6-4101-bfde-2446a7d6241f,1031,C0477,20240723,572.97,14.0
1732,302828c9-9eae-4192-b989-8ab095f440e0,1041,C0287,20241107,1654.32,6.0
1733,909f07d2-7c53-4a55-8316-f893f1690ee7,1041,C0793,20240923,1839.19,7.0
1734,eeb0028f-7ada-4f99-a18e-d5cb180f856e,1042,C0170,20241017,661.95,22.0
1735,70900291-45a5-48e0-a7a0-092fe02a1cc1,1022,C0435,20240820,522.37,24.0
1736,99b0bbd8-2e22-46f7-8f5f-9910d8086e04,1013,C0937,20240721,173.41,15.0
1737,9267f48a-f7f5-4780-8b4b-eb505b03befc,1004,C0738,20241001,884.99,37.0
1738,ee0686b9-a787-4618-a1fe-072036fc80c9,1028,C0451,20240718,682.06,30.0
1739,24d540eb-3b0d-40ed-ae9f-a75a476e599f,1013,C0905,20241119,1947.26,1.0
1740,25d3be77-c430-41f2-80e9-c657a63a167b,1018,C0300,20240603,365.04,50.0
1741,d8b4ecd9-d775-4122-b7f1-2aec39bd3c62,1004,C0338,20240715,1063.15,24.0
1742,7fd3c0e5-e895-4428-886d-06133fcbe9c4,1008,C0210,20240723,1713.09,46.0
1743,2220ef9c-31f6-4656-90b0-6e7e8337afcc,1012,C0574,20240928,1971.71,39.0
1744,270da0b2-3e05-45f5-b31f-53bb06a9d2e2,1037,C0965,20241028,1096.16,8.0
1745,c0effca1-416b-475e-9cad-a521166cf16b,1022,C0462,20241014,1015.07,39.0
1746,61a55365-7904-4e56-b895-ac8f9fcbd92d,1000,C0233,20241007,1015.07,40.0
1747,79e473b1-2e1e-4739-8117-a130e8f75c66,1047,C0765,20240814,1937.41,17.0
1748,4ab71ed7-c1ed-4d83-883f-35bd9dadaaab,1046,C0606,20240821,1052.18,39.0
1749,76b45195-81f6-4c7b-96c1-c21b3b4b077e,1023,C0435,20240809,1990.64,38.0
1750,28b99afe-a23e-4eb0-a18a-b34c064d235f,1022,C0728,20240627,1092.12,8.0
1751,a333fdec-64d2-49fb-bea3-f45870a040ef,1032,C0070,20240821,1301.77,10.0
1752,610ee1ed-89eb-492f-b266-71e4a407f39c,1023,C0659,20240611,627.65,4.0
1753,ea0bcc32-6ce5-4c6c-8473-2aa858036158,1031,C0630,20240903,226.12,16.0
1754,98551bfb-0920-40a1-8e6f-05758fd3b393,1043,C0809,20240824,1947.15,28.0
1755,f3bbc824-0e84-4469-92ab-5ec9f8ccc1c7,1038,C0178,20240629,1616.99,12.0
1756,5a33e987-ea7f-4770-b779-b8b2dcd7e8ee,1002,C0916,20241003,1235.5,40.0
1757,219e5777-d641-4d17-b3ba-5c001eea2bae,1045,C0875,20240811,1645.47,7.0
1758,f77c6e1d-0f3e-4225-903f-6b5d80906396,1010,C0087,20240612,1924.55,43.0
1759,9182f416-8559-4d53-ba0f-108cb185c08b,1032,C0304,20241026,1711.14,35.0
1760,0308b645-33fa-4cfd-92cd-f83d06c747d6,1046,C0604,20240808,175.05,16.0
1761,84784012-816a-4dff-8470-0856dacca8f9,1032,C0628,20241117,1538.91,7.0
1762,45b22968-c9a9-40ca-8559-4b73dd16c194,1038,C0331,20241111,93.89,40.0
1763,20daf2b1-863a-4f18-9436-e237d6c19f1e,1040,C0236,20241008,1510.1,46.0
1764,9245aa79-309b-4f62-9ddd-bb6bbb44fb4d,1047,C0852,20240612,1532.69,33.0
1765,21b25266-5109-45e5-b312-fc444e3cb316,1037,C0235,20240623,204.84,48.0
1766,bec12d6f-0d8a-4998-ba95-542aa21715b2,1024,C0785,20240723,691.82,30.0
1767,8a1ceb3f-c1ee-4a8f-9fd3-c4b283ea4e6b,1005,C0460,20240722,1340.87,22.0
1768,a5958474-1612-4535-b279-4555c9c98af1,1045,C0128,20240604,1683.75,14.0
1769,cca51aad-1966-4f32-9659-1fb1b75d2d5a,1021,C0709,20240924,1572.25,16.0
1770,053c7be9-2d39-4524-b3e0-c38e6a5d785c,1007,C0707,20240706,1490.22,16.0
1771,35a2d5c4-3eaa-4ff1-8df7-0f6425b8446c,1007,C0515,20240603,1857.62,8.0
1772,0ef4c4c4-e0e0-4bfe-a05c-da0a9009b5bf,1005,C0932,20240919,569.18,36.0
1773,bc8477b2-69e1-42e5-9a09-ace6bbbe0fee,1030,C0033,20241106,1266.11,45.0
1774,ed920df5-b686-4fe6-b807-84ea541097d7,1016,C0477,20240910,1821.4,44.0
1775,b4620efd-ba4a-4495-969a-d1351956e86d,1046,C0963,20240817,1354.29,38.0
1776,48e39611-30bc-48ce-bc08-d36cda662e4c,1035,C0999,20240622,528.99,48.0
1777,bc836e8b-0181-49da-a19f-f6d38190d7bf,1005,C0379,20240809,490.16,7.0
1778,e7c6d4a1-d8ed-4a4d-8394-5f9040ee8f8a,1043,C0547,20240906,522.07,24.0
1779,7ee54896-2099-4fb1-aaf3-9097922d47da,1004,C0079,20240813,55.53,45.0
1780,2498c812-f377-4870-906a-fcc39468be19,1045,C0195,20241006,738.18,13.0
1781,3a5637ca-c9c1-41b9-88d6-7c49c3614a5c,1011,C0211,20241124,463.18,9.0
1782,9a21f391-359f-4073-9f50-d9f9716c41cd,1047,C0526,20240610,58.87,10.0
1783,36dd7a72-5bfe-43ab-b4b1-3ac2129f75c7,1036,C0706,20241008,136.85,36.0
1784,df685a60-c208-42e1-98a5-d946155c0081,1028,C0778,20240811,1364.39,44.0
1785,3f3dae68-4278-4edd-8405-766aff282a5f,1037,C0546,20241112,893.7,50.0
1786,e209612d-fb81-4749-8d02-dba02d4fd7ee,1046,C0133,20240809,104.87,49.0
1787,eb74e345-cb80-4ab2-8694-ebfbd53b7528,1025,C0751,20240901,728.43,49.0
1788,436078a2-08d2-407c-a10e-3a54f7ccee98,1019,C0123,20240807,1526.67,47.0
1789,87e9df01-fe8f-4b17-8c51-66cd95b4a5da,1022,C0393,20240916,662.41,3.0
1790,59fdbfbb-e0a2-4e9d-9bf8-376b48fea07f,1036,C0294,20240801,403.01,43.0
1791,7178cbc6-fe66-43e5-9003-20ff57388aa2,1037,C0400,20240701,1943.04,35.0
1792,84f32e6a-6357-4f58-9601-74e3888dd433,1040,C0415,20241017,1384.23,12.0
1793,24568ebe-56ba-49cd-857b-4d579b42fa42,1013,C0553,20240713,1957.21,37.0
1794,271ee9df-799b-4900-b346-456cf4ed7b7d,1036,C0774,20240903,1513.97,15.0
1795,0742f235-598b-4ec2-be1d-5f078071c163,1002,C0878,20240901,964.57,31.0
1796,19e96f48-60b8-4d19-aec9-e20ae4361b90,1009,C0345,20240725,579.81,10.0
1797,b6934c0a-b056-4d68-8b64-59e46102a91d,1049,C0746,20241123,1139.63,16.0
1798,4f179a49-f5a9-4de4-9ca7-13b3813025f7,1032,C0489,20240926,1491.62,19.0
1799,bb93d26d-9ec4-49f3-a1dd-17cbc263b68f,1016,C0470,20240628,834.73,37.0
1800,5e09f1cf-6bc1-4473-9fe9-e28339932d8a,1003,C0461,20240730,1729.79,50.0
1801,4fb69f88-f2d7-4a3f-be50-d2de1bd53771,1012,C0736,20241113,1109.95,23.0
1802,7c0df55f-7368-4a85-8aec-99ac4a0eb8b1,1009,C0711,20240917,396.17,19.0
1803,fe13c4d0-1771-46d9-8b52-fec9cefd8530,1021,C0495,20240823,817.68,45.0
1804,9d2a8eef-228f-4270-bb09-02718a4317ba,1001,C0837,20241003,187.69,12.0
1805,711bbd73-6465-40eb-836c-c3058ff97e95,1010,C0655,20240711,1656.68,49.0
1806,12b602c1-fe96-4cab-865d-f5361311c280,1035,C0058,20241003,1694.72,31.0
1807,85941fbd-be46-4874-8f31-f10900ede26b,1043,C0174,20241002,1616.98,37.0
1808,9e40e666-4196-4a46-973b-d3f2179de8a1,1008,C0993,20240730,1525.44,15.0
1809,f40d9f08-2c62-444e-b8e1-8fe4b869897b,1010,C0761,20240916,1397.81,4.0
1810,c7f699fc-2ec6-4c8a-adc6-1b1f5fc9de72,1028,C0385,20241022,1212.05,19.0
1811,db42b49e-9f7c-4768-bc08-b2ca64e4a294,1014,C0769,20240628,1481.76,5.0
1812,136f0736-3356-46e5-9a80-6c74ab55a229,1042,C0503,20241019,833.69,16.0
1813,3b4b313c-dc64-4bf6-a225-463440dfe247,1012,C0208,20240824,1871.69,4.0
1814,33f36db2-79d0-4637-9d7c-2a7cdc47c99b,1006,C0305,20240730,1015.07,12.0
1815,a39be854-bb28-4e36-8c2a-5d32a3bc464e,1019,C0038,20240615,729.82,47.0
1816,0cedc560-ddc7-44fb-b270-ca78abbaa746,1017,C0792,20240709,195.07,25.0
1817,29ed4d56-5439-42a9-a774-892973217b88,1044,C0403,20241128,1123.23,33.0
1818,a648b96d-8ef6-4731-af5a-18d15d6d6fe7,1006,C0932,20241027,616.41,16.0
1819,548b050b-334e-4631-ac46-a3817ece501d,1027,C0495,20241114,1171.75,11.0
1820,1f2a826d-08cc-479e-8a0d-a706a0e707e4,1046,C0165,20240806,1452.16,6.0
1821,56efa452-40b5-401a-8b11-bc5fd9903cf1,1032,C0429,20240925,285.0,33.0
1822,6cd41e86-575d-46b0-9d83-85e68cba9194,1007,C0621,20241002,1570.24,50.0
1823,519f817a-7a01-4ed3-8845-6d71e602aefa,1004,C0395,20241115,504.22,17.0
1824,e625ae32-6c6b-4859-8c44-0984514f423b,1006,C0205,20240912,989.69,38.0
1825,6317b5b4-eb45-4af0-82e1-508b9a3ed607,1028,C0457,20240831,821.12,23.0
1826,5dfcc4c3-0975-421a-a8e2-0333009ed17b,1018,C0909,20240615,1530.66,20.0
1827,197244ff-948e-4508-b425-7d29cc6db56f,1004,C0104,20240604,1988.93,11.0
1828,4599806b-9657-4318-a8f1-f77f550a78e3,1029,C0070,20240711,1995.81,26.0
1829,27bcd398-8f42-452e-a3f0-a35db4885173,1017,C0118,20241116,377.32,12.0
1830,f19db6f2-1597-41d4-b70d-4b97953dfec2,1043,C0998,20240627,746.65,2.0
1831,2eb14ac0-1bd8-4290-a748-317ceafc027d,1034,C0767,20240819,352.3,12.0
1832,8b8bda32-353c-478a-ba62-20591005b9b1,1036,C0731,20241106,1072.38,10.0
1833,39cb3efc-732d-4c3c-8de8-411f032834f2,1031,C0393,20240927,171.09,6.0
1834,480f2786-cf82-4940-84c2-92f9ad702034,1028,C0393,20240806,1366.8,21.0
1835,33b84c2f-ef8e-417b-8d9a-291bbe5f265c,1017,C0515,20241017,1635.35,22.0
1836,a9f6c3ad-2ae1-4888-a6f0-a01f05d6498a,1030,C0433,20240714,1055.48,1.0
1837,ed88ef74-6733-41aa-a3c4-945a7a407819,1020,C0144,20241021,1015.07,41.0
1838,b4b64e52-d221-4de5-b0fb-44a817be7b42,1041,C0226,20240924,498.92,19.0
1839,03a5dc34-6c3f-4740-9f6c-edde099d08fa,1011,C0566,20240905,1755.2,12.0
1840,0ae3a1f9-2a88-4eb7-a713-a43d75a3709c,1002,C0244,20241121,1770.82,35.0
1841,59ce8192-4e32-44d0-8ad7-3e49526d9219,1037,C0686,20241128,1842.74,25.0
1842,ef4aff10-9a98-4c0b-b2bf-70ac5edda9fa,1007,C0302,20241013,277.02,35.0
1843,5ec07987-a643-49e8-9f53-8d7d8bb26afa,1038,C0854,20240722,812.33,43.0
1844,e1ef2bcf-7580-43fb-a6f3-a66eec37d66d,1010,C0268,20240908,605.92,48.0
1845,3c3660a1-b8a8-4737-b1a0-f8103df0af92,1033,C0606,20240930,898.77,25.0
1846,ea918ce4-e5ae-4cd6-8b55-ad52fdb9db02,1029,C0038,20240925,853.27,37.0
1847,45fd136d-c76f-4847-98a2-ed759fa8a906,1042,C0826,20240725,1805.21,13.0
1848,6b7334ca-1f09-44d2-b1f4-dc4f5b464233,1028,C0175,20240605,556.44,8.0
1849,aa08bcf5-4c20-41bc-ac37-b6a398cb6d91,1046,C0295,20240605,486.41,27.0
1850,4afa00a2-aad0-4e93-8320-8bf23d7bb3cb,1049,C0479,20241008,1597.74,19.0
1851,1ff04b87-e659-4cc2-942c-8ee39afc6c3a,1013,C0491,20241027,770.71,44.0
1852,27a079fb-c0f8-48eb-88ee-cb996e29379f,1045,C0441,20240915,127.68,14.0
1853,5af8123d-2e1a-44d1-a851-15dfe02ed143,1003,C0996,20240820,1472.26,32.0
1854,fc14e647-e5e3-40b4-bbdd-94a10993c2d8,1044,C0566,20240715,279.0,7.0
1855,82adc744-b53b-41b2-a8d4-e934ed2aa90a,1041,C0523,20241014,40218.96,19.0
1856,ae1a1c41-c01d-41f2-9d86-8309be99e170,1048,C0977,20240903,1298.18,11.0
1857,6afdb737-a34e-4af9-8dde-c36ee8f8e5c0,1022,C0071,20241016,903.3,4.0
1858,e8d95fc1-f088-4c8f-81bd-afcfdb732419,1027,C0192,20241101,245.35,2.0
1859,9723be78-3ba1-472b-9315-7766774740dd,1043,C0034,20240720,1297.44,34.0
1860,d3c9e866-ae21-4efe-a528-4f49e9224798,1010,C0572,20240823,1035.54,28.0
1861,befb8357-20d5-412f-a49e-7c84b8bbc7c5,1049,C0123,20241112,1188.29,31.0
1862,1fe0d6d5-7e08-4bcd-a630-44aa66b3c8ec,1045,C0603,20240614,519.32,24.0
1863,156314b9-e01a-4590-af45-0d43a67bb42e,1018,C0561,20241118,763.2,7.0
1864,984e69d1-3980-49a8-bdf0-b060a2ba30fc,1017,C0404,20240716,1624.88,48.0
1865,89bd01b7-9e08-46e5-b97d-612c0ebe5d0a,1037,C0965,20240822,63435.42,47.0
1866,76a3c61f-9e66-42de-996d-48079ef22cea,1035,C0191,20240718,309.7,1.0
1867,94738e83-4cda-4678-bb35-84900df69158,1002,C0537,20240817,1825.73,27.0
1868,848fc686-91df-4c50-b7e3-0a7c3b01e8ee,1045,C0436,20240902,1850.72,38.0
1869,0b24d353-b44f-4d47-bed5-70164ab7c5b6,1031,C0464,20240824,1491.83,19.0
1870,00bb78f6-a9e6-497c-9de9-eb917be88a2e,1031,C0953,20241125,1483.21,10.0
1871,4912b1fd-b0bb-4ae9-9b1e-50836eb6ef8a,1017,C0735,20241029,757.56,45.0
1872,fbfc3ba6-c22b-4d73-ad92-70e981460613,1014,C0824,20240721,712.67,25.0
1873,5064d5bb-d1c4-4147-82a0-2afbf8da5ee2,1036,C0225,20240708,1660.61,20.0
1874,bebc8288-5211-4efb-977c-29a6279b0158,1012,C0484,20241026,518.25,34.0
1875,263e633b-007a-4b6c-92f8-32944f443346,1032,C0632,20240620,1454.99,16.0
1876,684b35ec-3429-42b3-b371-441cb8215e77,1032,C0280,20240721,1654.93,30.0
1877,f9f52706-6148-45e3-9fcb-903f2b071a5d,1039,C0672,20240817,1285.05,13.0
1878,9fd06b9b-648f-4df9-b52b-ab869609eb10,1017,C0940,20240803,1015.07,7.0
1879,91d2caf9-1c69-4ddb-8f1a-d4b10ba5312a,1036,C0722,20240926,1496.69,36.0
1880,3686fe65-ed93-4397-9d80-da2ca896c8e2,1012,C0987,20240622,1685.76,12.0
1881,52e7fdcf-7962-491b-877c-c787f7fee633,1016,C0454,20240623,833.68,12.0
1882,72fc85a5-d8ff-4e1b-8d44-dc504e143355,1024,C0475,20240719,288.63,49.0
1883,8b65b8b2-4538-436d-ba8b-4ef651d3f47e,1039,C0891,20240904,777.23,41.0
1884,daaf45fc-2ec5-4165-b780-8a67109a7765,1021,C0872,20241013,1918.94,13.0
1885,0691d826-d702-4d72-8f0f-e0daab0e67a4,1027,C0575,20240616,1914.64,43.0
1886,97b3555d-95fb-4027-9745-5e8117fdf493,1001,C0202,20240911,119.74,4.0
1887,20a4922c-bcf5-4610-a4d6-c6d7284c1ddf,1039,C0423,20240802,463.02,13.0
1888,1f03fb27-e0c5-4bfc-a0ac-065899470d5f,1001,C0475,20240917,469.29,27.0
1889,d9016fc7-f061-4872-b1a5-0c4c99818443,1003,C0764,20240626,1482.14,14.0
1890,ca853b6c-a7c1-4d2f-bd99-aec6b6ad591a,1035,C0187,20240808,933.6,11.0
1891,fd9fce66-99f7-44ab-badd-05da2d738136,1048,C0518,20241116,743.82,4.0
1892,5e675331-0c7f-4004-8e50-1a734afed461,1008,C0331,20240924,445.68,36.0
1893,9f595a64-a121-4d51-a8a3-bd2f0000c0ab,1013,C0426,20241017,1995.67,25.0
1894,ba92652b-cfba-402d-aff9-5d6d9e732411,1006,C0967,20240731,93.72,13.0
1895,d1b8a900-a32c-4f92-b25b-96258eac654a,1011,C0120,20240831,1752.23,49.0
1896,5ff31707-6bb4-4d71-a7ed-c5023831367f,1036,C0756,20240707,783.81,37.0
1897,bde28228-acb6-4816-bbc8-601130789326,1020,C0379,20240606,1630.78,38.0
1898,bbfc3772-7916-4725-b76b-dcc0a276732c,1025,C0394,20240704,1053.82,7.0
1899,71d6edc7-006f-4253-bb16-7cf4972ead28,1009,C0168,20240713,1543.87,44.0
1900,f20d979b-ef70-4d13-83f9-6df581d48d2b,1001,C0793,20240621,245.11,36.0
1901,24c24371-2ec9-4f82-9903-df102ecd75e4,1012,C0630,20240826,145.21,11.0
1902,8b0e4142-0360-4ebb-a3d0-296b6f25fb2d,1043,C0059,20240808,1535.72,19.0
1903,2b6c32d7-9dd6-4298-a556-9737d0f4f309,1032,C0194,20240915,1599.25,17.0
1904,5cc77b4c-17ff-4819-be30-19a51fd6feb8,1016,C0311,20240619,619.15,16.0
1905,dddcdcb2-bba8-4fa9-9b29-02593f5391ba,1045,C0097,20240722,538.59,25.0
1906,b0cf7a4c-1edf-48e1-bd65-f67b288656d1,1043,C0187,20240725,630.54,49.0
1907,33f77b3f-afd3-4b78-b1df-54bed9ff04bd,1035,C0940,20240927,664.79,3.0
1908,73b4df54-04b4-4801-ada4-cb9eb20f39dc,1004,C0165,20241016,1015.07,7.0
1909,3f3e1774-64b6-4b2f-9f8f-a1dc33f7c0cc,1047,C0264,20241028,681.72,44.0
1910,bf6d38d4-c936-44f0-b182-fa03099fbf5b,1005,C0863,20240724,1743.4,26.0
1911,ba9707c8-be9e-4949-b636-7aec0f4a0475,1020,C0313,20240605,974.17,49.0
1912,ec6be6c6-5156-4cff-bbdf-c53c7edeba49,1002,C0655,20240727,964.46,25.0
1913,764b5a7c-32d4-45b3-a256-5ce353255c1f,1020,C0873,20240725,72.41,14.0
1914,44fbcd0e-ec2b-4fe3-bc8e-58358380c699,1009,C0562,20240818,1601.56,3.0
1915,3be5c906-feed-4ff7-95a8-9fcc3b6107bf,1007,C0693,20241005,595.69,8.0
1916,992e043e-0ae6-438a-a6b4-78af71af6546,1034,C0368,20240616,1753.36,28.0
1917,97aca328-847b-4945-8717-3b21535206f2,1039,C0306,20241125,1542.87,49.0
1918,b917d69b-6d36-4fef-b4be-f02cbfa62b51,1009,C0137,20240804,1425.39,32.0
1919,4bdc8089-125e-4939-bcf2-79b810d7760e,1001,C0686,20240720,560.36,28.0
1920,59a05a36-a9cc-41af-8ee6-4e8dfa84d33d,1004,C0063,20240926,392.96,24.0
1921,3562a0a6-a4d2-4e3a-a36d-5e00f266068c,1027,C0534,20241117,193.27,46.0
1922,06b939f0-6727-4bf7-8e13-2b1ebfdb314b,1002,C0935,20240603,554.97,30.0
1923,205846b2-94ab-4641-8eb1-4bd804ea2a0c,1026,C0636,20241110,472.3,42.0
1924,d8118465-2c87-4276-9b5f-cf81587b5866,1049,C0314,20240707,205.22,31.0
1925,177ea628-5eee-45dc-8019-611d5103525e,1015,C0067,20241109,351.52,19.0
1926,64f13ea0-c7d1-44bd-9226-0621ce5a660e,1001,C0255,20240826,1898.89,19.0
1927,d3b74554-5ee9-4a34-9de0-f5d91813b5ea,1008,C0586,20241023,1488.42,41.0
1928,099681ae-224c-44d6-b6aa-d30eef1d29cd,1000,C0046,20240801,671.37,5.0
1929,88961758-5b5f-4e4e-a0c4-b4c6572a473c,1020,C0668,20240723,1918.38,27.0
1930,22867b03-7e01-412a-bdc1-cfec11f62ed2,1040,C0374,20240927,674.73,6.0
1931,eed8020b-7cb3-4ff0-a050-5be1b0e566c9,1017,C0593,20240604,1390.38,29.0
1932,1dbd583d-55ff-459f-9734-0c8f6018acd2,1014,C0719,20241012,1078.89,39.0
1933,6bfe09fb-95f2-4297-9687-7a45cd31b1d6,1009,C0947,20240727,139.07,41.0
1934,d084ea12-28a8-41f9-8149-9e58460eecb4,1019,C0526,20240719,278.26,47.0
1935,8a7ce954-04e3-4f00-90be-76fe4637b7dd,1018,C0674,20241107,127.89,35.0
1936,6c9ab0ea-75ab-4e7d-89dc-16e97fb988b5,1007,C0370,20241017,1050.43,9.0
1937,03b84520-64e5-46db-90e4-60271e74c8ef,1019,C0123,20240911,335.53,31.0
1938,30c3cc50-d044-46e2-ab85-63619468485d,1007,C0423,20240701,66.38,45.0
1939,36009ae1-263c-4f7e-a002-2ac73aface81,1046,C0643,20240802,1290.14,50.0
1940,99231a81-6428-4c75-9ef3-d92743b2d6cf,1017,C0558,20241003,133.53,2.0
1941,2c36a574-f878-445a-b024-7c7595559cee,1009,C0846,20241009,810.52,39.0
1942,21b140b3-ef71-4200-aa7f-3bf0ea0c85ea,1045,C0744,20241030,175.8,21.0
1943,b9c228c9-ed98-4652-93f2-5c4531efd2cd,1036,C0946,20240704,1332.22,35.0
1944,46d87723-8142-42e8-89b3-472ceb1314a4,1018,C0746,20240829,1913.43,18.0
1945,d2c10afa-48a9-4d70-b0a8-3df42b2f275d,1022,C0867,20240621,1390.72,28.0
1946,8d85942f-ed7b-4272-82ad-52db86e3a15e,1028,C0228,20240707,1667.34,18.0
1947,f60148e2-0535-474c-9545-0ab002750682,1044,C0837,20240612,1580.63,47.0
1948,680e435d-4421-4222-a65a-8c8f19020015,1040,C0009,20240624,1698.34,30.0
1949,8fb084ad-d013-4ef0-a4f0-6cd61ef86554,1039,C0360,20240907,532.51,29.0
1950,7f2e9139-d062-4da6-a715-8eef6ebfed36,1048,C0026,20240627,833.45,9.0
1951,a61a7b69-b735-43b9-b0c5-bba261400bca,1018,C0531,20240710,105.12,36.0
1952,d392f430-f61a-48f1-918a-a12983aedfcd,1046,C0239,20240904,177.62,37.0
1953,8584f044-11cc-4896-8722-4baa99cf771d,1015,C0362,20240720,1624.23,38.0
1954,d5ba8814-6bfa-4268-ab94-8d50b9f83319,1033,C0363,20241013,289.51,13.0
1955,0681b47d-9238-464e-be26-e148b82dd886,1021,C0607,20240607,612.6,47.0
1956,a7077d5d-336c-4a46-b6ed-7072b9c6eabc,1045,C0111,20240914,952.57,32.0
1957,bfbbdd69-df6d-43b1-9acb-23b81cab5c04,1008,C0926,20241105,1015.07,13.0
1958,3a8de189-756c-427d-8208-425dd0951077,1018,C0801,20240828,464.01,15.0
1959,968ae5ca-bf27-41ab-aed1-9d1514499a8a,1040,C0162,20241027,1406.67,19.0
1960,8cf7d94c-a2ed-486c-bed8-0ebb372bf478,1033,C0300,20240817,1015.3,8.0
1961,eeea57f6-b068-48f4-a53c-7199c7c313b6,1021,C0938,20240821,1895.44,4.0
1962,d3535845-de0e-4670-b832-bf485f800c2a,1021,C0305,20241125,1697.32,34.0
1963,9edd671f-2733-44df-90ca-049fdae40fb9,1008,C0989,20241025,429.55,10.0
1964,5e0ba92d-449a-4b9f-99da-ab2b0df7b5aa,1030,C0822,20241007,1564.77,25.0
1965,558e88db-bd5d-4862-bf5a-0cd1fcc9522b,1006,C0407,20240803,1408.5,27.0
1966,d2ee9d11-fee0-460a-8521-641701324a8d,1003,C0051,20240804,1015.07,32.0
1967,ed6810ca-b5ba-4f8f-b15a-ba39fd9cffe0,1015,C0119,20241114,1910.17,33.0
1968,259a9ce9-e116-4cd7-b1b3-fb9a74596a1d,1032,C0685,20240629,694.45,31.0
1969,9c53654e-6daa-4588-ba0f-619edd6db3c7,1030,C0111,20240614,512.8,30.0
1970,64fb151e-34f4-4ebd-a5d9-01d8842df665,1039,C0129,20240726,1621.58,33.0
1971,9e26003a-a96d-4ffb-921d-0059d8929767,1005,C0246,20241110,1015.07,12.0
1972,3c2f9586-b1ff-4c6d-bcde-ae3eb499f5f2,1040,C0987,20241031,258.41,4.0
1973,5a5440a4-add1-43d7-8ea3-70883013007c,1033,C0341,20240722,1472.73,40.0
1974,4fbd8c49-3352-4ae1-9181-077d8a63783f,1013,C0890,20241028,1516.97,13.0
1975,e7038955-ee5d-4654-88f4-b627b8944e27,1030,C0394,20240711,1265.85,44.0
1976,fff40722-3088-454f-9e9e-3cd6e8f5d73b,1039,C0263,20240916,452.51,20.0
1977,9378be5f-eac8-4311-be54-6cdb4bbf691f,1042,C0672,20241010,1920.15,44.0
1978,2736004d-58fb-4090-a415-0e7821ea532b,1013,C0709,20240815,488.58,16.0
1979,9c4a6a59-765c-4f4e-a0e4-03a7e823ed22,1038,C0107,20241017,1428.17,33.0
1980,e773faa9-250e-40fa-9e66-7d93a8b46a53,1002,C0518,20241020,483.39,14.0
1981,2ff1704c-4d24-4bd0-9a2d-a78cf6636817,1041,C0089,20240811,1611.51,29.0
1982,0dd65d9e-cd85-4448-9f35-f449d225d49e,1010,C0285,20240916,1001.28,32.0
1983,a5b3315b-0427-4a4d-afc9-2327bf24b571,1034,C0372,20240619,1703.35,42.0
1984,265711f7-aedd-4681-a1dc-1ab6506dad92,1026,C0133,20240902,1799.87,22.0
1985,02302bb5-462f-42bb-aa38-d034c050e320,1019,C0191,20240804,1602.74,28.0
1986,1a65d59e-dec8-478c-9820-4089845f23ca,1044,C0006,20241028,922.81,24.0
1987,42f1e894-4acf-48a7-9f1b-5f9634811522,1001,C0983,20241024,1374.09,43.0
1988,6888b8ea-ec9b-4af3-8ab1-b31bf4c379e5,1049,C0258,20241115,1249.91,32.0
1989,e183e74e-0ca9-45bf-af3c-669451c13540,1007,C0441,20240731,1659.65,21.0
1990,72c335a2-b258-4410-bf99-fd5d05f9b277,1035,C0649,20240715,1091.34,17.0
1991,192b99a5-4760-4fcb-92c9-3e2d0913b430,1028,C0747,20241122,1943.5,9.0
1992,e536485b-d696-4bcf-bd28-8123e48447e1,1008,C0023,20240615,1015.07,35.0
1993,a08f040e-4c23-474f-bf6e-8436d17c5654,1025,C0987,20241008,1015.07,24.0
1994,bf1617c5-97b1-4914-abce-f8e781e118e4,1046,C0598,20240729,382.62,22.0
1995,a18c23a6-4691-4fa3-b790-20f0f687dd2a,1024,C0557,20240902,1715.02,11.0
1996,6ddc3e95-03c9-4673-83fa-5c0c719a6154,1019,C0510,20240712,1398.24,23.0
1997,d597b7f1-24d3-4304-b6a4-667888b89282,1011,C0516,20240918,617.74,8.0
1998,c69d7a0c-c153-4ccc-8bb8-51f535b9c3d3,1004,C0044,20241030,1551.96,22.0
1999,8bd187bb-3901-490d-8353-807de354e4ae,1046,C0235,20241028,1702.81,49.0
2000,72b25b3b-ec80-4943-bf81-0410ffc23969,1020,C0217,20240722,1495.13,47.0
2001,04c2c790-f360-449b-bf21-94be2c571069,1010,C0603,20241114,286.52,5.0
2002,512ceadb-a1a9-4d00-8cfb-23faff49900f,1004,C0374,20241107,1421.67,23.0
2003,f63e2961-40a8-47a4-95e4-28d2165b4f08,1046,C0884,20240930,508.0,32.0
2004,a49dc263-d877-41f4-acbd-f0a63c549124,1033,C0031,20240722,1020.71,32.0
2005,8fc29a10-0be0-4814-8a93-d09d8592132a,1006,C0551,20241023,983.67,39.0
2006,31f2dee7-c3d7-4ef3-9f0a-e6e5d191b5da,1031,C0855,20240901,1383.26,13.0
2007,db439600-c207-41c7-bde4-54241011aeda,1031,C0484,20241025,732.12,23.0
2008,ba9c206c-d719-4ea9-8e7e-8cc154ef63b0,1037,C0216,20241104,1902.17,32.0
2009,261440fc-4611-4698-86e0-7ea4efc0419e,1001,C0924,20240702,498.28,25.0
2010,43c554b6-3f6b-4797-b939-520440ab82e3,1002,C0798,20240923,1015.07,4.0
2011,6e263fef-74bd-4a62-bdc0-a498b0de9242,1018,C0780,20240825,996.6,5.0
2012,4b621123-656d-46a5-9323-83b27e45bb64,1006,C0064,20240729,916.81,1.0
2013,412c060e-03fc-47ee-8abc-40eef4ae04ae,1014,C0498,20240914,305.48,46.0
2014,ccadf8ff-0735-4938-ae38-a6f2a207a25b,1041,C0869,20240919,611.97,34.0
2015,4176c52d-4282-4e52-a349-669c40f28bf2,1032,C0524,20241010,1414.68,2.0
2016,35338d82-d6f6-4bd6-8a72-cbc5369a458f,1023,C0728,20241106,1392.71,27.0
2017,ca22a86e-1700-4185-87e9-49204f6f70c7,1007,C0036,20241017,802.3,36.0
2018,53b478b6-8033-4d96-a2b2-faecbbe8dc76,1041,C0938,20241102,206.44,31.0
2019,7ae0ea58-8bd5-4b9d-89cc-e8cb42e40e34,1047,C0863,20241109,914.67,8.0
2020,b28c692f-5287-4621-b074-87a3f21516a6,1014,C0375,20240913,1462.55,19.0
2021,48772f2f-d47e-4b15-8f40-dd531dbda402,1004,C0434,20240708,1935.25,4.0
2022,12782e0d-3397-440f-879f-e5b1fafbaf97,1032,C0152,20240731,835.42,46.0
2023,7b6d24cb-b610-4421-9bf3-4120bd8c9252,1048,C0678,20240613,203.35,39.0
2024,1f712ad3-42b6-41af-9139-a635601254a9,1011,C0666,20240628,1702.41,24.0
2025,2e84f057-7ad3-423f-962b-697bf4ab05cd,1012,C0335,20240817,615.86,22.0
2026,500845f6-1aa8-4c9c-82c0-96908ea1aa00,1000,C0922,20240707,1075.44,5.0
2027,73666b72-bdfe-4ec3-b060-953bf1c73efd,1003,C0642,20241009,891.83,31.0
2028,9c51faaa-dfc4-46ae-9a59-d4c39cf88a2f,1033,C0733,20240622,1520.53,40.0
2029,f52998ed-6755-4b09-92cf-8ef3dcd0bfd4,1014,C0909,20240824,71457.75,39.0
2030,583b8c6b-ad79-423c-90b6-0471ca9cb6b2,1047,C0352,20240616,176.21,29.0
2031,cd5e03e3-d605-427d-9eb9-50a2132ae90b,1037,C0769,20241011,909.33,19.0
2032,d354a1d4-cb4e-4d70-b6d0-f6a2d0f1e90f,1019,C0237,20240914,228.08,20.0
2033,41fda846-02cf-4d58-b91a-c5b32c654787,1007,C0844,20240614,1611.65,28.0
2034,9750b7a4-e84c-4a2c-bccc-2d3485cf5512,1020,C0144,20240710,196.94,28.0
2035,b9b999e7-b34c-4355-99e5-b5f70be2feb7,1002,C0629,20240915,556.29,42.0
2036,945facc6-de1f-4767-ade4-1c508480c851,1031,C0866,20240716,523.06,4.0
2037,f8ca9a9c-6aff-40f1-a36f-aa03c173e033,1034,C0413,20240823,469.89,36.0
2038,c9abf7b1-a5e9-4ac7-b3f0-c1778c3a7880,1011,C0804,20240712,893.2,25.0
2039,f93638dd-2b81-44b7-99de-5dc61ae56017,1021,C0822,20240930,1741.92,49.0
2040,3d21e9b2-c5be-407a-a3cd-d6942e401946,1014,C0671,20241028,243.2,27.0
2041,1300a30b-865d-45b4-96a2-084702607adc,1039,C0183,20241021,1705.67,31.0
2042,b8485629-4755-4ef4-b766-6005c58c1271,1030,C0909,20241125,570.07,35.0
2043,41e9dc7f-cc0c-4c46-9d0e-4fe2e81ebebe,1004,C0022,20241015,1287.26,1.0
2044,48ec7a76-f63c-475d-b803-a1fbe713426d,1005,C0915,20240730,1696.69,19.0
2045,07ab96c2-59ec-4cf9-bb7c-88f64dedc6d7,1000,C0691,20240626,1015.07,24.0
2046,89aa4cd6-477d-4e1e-bea3-9bdbbf7f3f1d,1004,C0119,20240923,378.28,40.0
2047,30a1ecb3-4b33-4657-a966-2634077bf2da,1016,C0213,20240727,553.75,29.0
2048,e3d42ea0-a4b0-4c97-ad9b-10381682620c,1037,C0056,20240730,1723.13,14.0
2049,81735798-2963-4c5e-938d-190c5317fda6,1000,C0996,20240713,1278.33,34.0
2050,8b87214d-e3a2-458b-9716-98a38471c031,1028,C0154,20241127,1147.85,27.0
2051,edc17b02-073e-4bb1-8cb4-5d703f2d3c46,1019,C0672,20240719,698.89,43.0
2052,9d8059ce-7d06-4d70-a3f9-657e7f78d8f6,1002,C0063,20240701,1121.29,34.0
2053,ef35eaf9-0083-476a-91e1-e2ed0f6c6098,1031,C0220,20240612,1836.3,15.0
2054,9c7b605b-ed42-4442-9c75-14d492722e09,1039,C0754,20240906,1440.46,35.0
2055,d4d9ea62-05b2-4e9e-bb43-fe25bb28adc0,1039,C0193,20240709,1065.63,11.0
2056,947c7c24-a166-49d3-a97f-3afcb07ab7bb,1000,C0735,20240906,369.76,25.0
2057,a6532ed3-53ce-434d-9377-bdefb4217b19,1009,C0990,20240731,1601.67,21.0
2058,08995628-2afd-4d9f-850d-ebb8913b277e,1037,C0588,20240706,790.58,42.0
2059,40848210-5d91-44f2-b77c-564aacb27459,1008,C0374,20240925,957.74,33.0
2060,3f1e4741-e74d-430a-8923-dffc7d7be4e8,1005,C0654,20240902,714.61,47.0
2061,9b7f06e9-3868-41fc-875c-1b16db4563d1,1033,C0430,20241125,712.87,33.0
2062,7c96377a-5f68-48c5-b268-7c5d30537a3c,1028,C0999,20240823,555.43,17.0
2063,9d54a7ad-9fe9-4e00-9fa7-90a99e577a96,1044,C0699,20240706,1735.34,8.0
2064,732d7551-0285-4ded-8fd1-d26d04630ffe,1045,C0697,20240703,1416.29,6.0
2065,f83702b4-4e72-4883-be9a-bd48dfd38b3c,1034,C0971,20241007,1827.01,27.0
2066,d9703bcf-89f3-4142-bc27-2e0b1256d531,1035,C0380,20240628,1291.38,16.0
2067,a96cbb51-b915-47f4-9272-836fcb3dd03c,1035,C0797,20240918,1934.54,21.0
2068,19b83370-5c03-4dc1-bb63-c80997fd1b32,1042,C0896,20241026,1724.53,40.0
2069,1adda507-49ae-4be7-8c64-f9e4d9425bd8,1005,C0971,20240620,1609.39,21.0
2070,3a7bac7e-62ef-4ce6-b271-d9b9052e1501,1024,C0530,20240731,883.02,19.0
2071,07ae4ff3-9795-4547-9ed5-b32fd1bff5c0,1019,C0495,20240622,1471.14,50.0
2072,316d91a8-f4eb-4179-a61d-5b2ca94b341d,1037,C0098,20241022,329.29,40.0
2073,7a9f86ae-65a5-4a06-a892-a9ebbb4a5bf9,1033,C0304,20240930,296.19,43.0
2074,3d4f6802-936e-47d2-90e4-cfe4a95c5ccc,1025,C0967,20241016,679.9,3.0
2075,90a1296b-90a0-4985-9e58-80124462d11a,1013,C0021,20240909,1081.76,32.0
2076,ad2eec6b-b2f0-4eba-8693-f56b44289828,1009,C0733,20240929,743.09,11.0
2077,02ff21cc-f67d-4625-8590-0caaaf29d290,1048,C0199,20240911,74.4,32.0
2078,c349f9e0-b3fb-4d2a-bf38-3d5bb0b77a63,1024,C0401,20240608,741.28,34.0
2079,db2f30c6-e9e0-4bf0-b8b5-a2fb674fb1f6,1029,C0309,20240622,361.61,27.0
2080,db46dcf3-adca-455b-8c8c-f3ed7aa3d85f,1006,C0707,20241008,637.35,22.0
2081,60226e23-099c-461a-b618-9c77daee85c4,1049,C0964,20241122,1566.25,20.0
2082,4deeefed-37c1-40c8-b01b-c269991fbeab,1039,C0571,20241018,853.6,21.0
2083,06098a8b-176f-40b3-a330-e8f4ccbf0956,1037,C0882,20241114,834.34,26.0
2084,81174ce6-8f6d-4555-8274-8b0ae8bed55e,1044,C0614,20240901,733.93,17.0
2085,9fc8b385-8010-4f0d-a9f5-932ec87c93f1,1021,C0235,20240824,1644.81,48.0
2086,7457d531-3715-4c7a-9c17-520cd7226ac6,1003,C0889,20240804,181.24,3.0
2087,cba4650b-0770-4a27-b802-1f458434a0a2,1026,C0250,20240818,1279.37,34.0
2088,1fa2ea5f-8741-4f04-b562-72d48ff6c599,1044,C0431,20240802,367.88,2.0
2089,338d5326-a9bd-42a5-80f0-61e399382baa,1038,C0395,20240810,141.15,27.0
2090,6170ab15-bbd1-4514-9b62-a7534fd43f85,1015,C0313,20241122,1598.99,45.0
2091,a5d5bf1e-6d34-4c18-ba93-b587b32733e6,1022,C0243,20240701,808.78,31.0
2092,e7ccebbb-fd6f-4c34-87eb-3f7e1776999c,1047,C0248,20240806,1806.16,26.0
2093,169b47e3-c075-4fe2-a890-b0fc915cd1b8,1016,C0912,20241011,822.74,11.0
2094,16a213f9-d08c-4df4-bb06-d47f9e8741b9,1032,C0123,20240819,1624.12,33.0
2095,134bfce4-400c-4361-a1fb-04fb5510c06c,1025,C0051,20240722,1761.94,14.0
2096,4fac9120-1d92-4a99-8a57-fef4c67191a0,1020,C0464,20240627,802.16,18.0
2097,105c59a7-6a8c-4725-beb1-7a9b61c2d329,1033,C0035,20241127,1015.07,29.0
2098,b72b194a-3330-4fe1-bd7d-cfdb7d4cc3cb,1032,C0408,20240725,1913.47,11.0
2099,e082e6e0-1b92-448a-a021-69fa602145c8,1034,C0885,20241025,587.0,50.0
2100,8a7baa7c-042f-4e4d-8331-dad5ed47a150,1010,C0256,20241018,1015.07,8.0
2101,c4451d4e-37ce-4a1b-82b1-e41a69b50db0,1034,C0569,20240807,345.02,48.0
2102,2c10bd09-2300-45cf-97d2-42e0673e0ade,1004,C0936,20240720,1015.07,17.0
2103,7ff80fd9-82fa-4c33-be68-b652f4237ecb,1039,C0501,20240918,261.44,32.0
2104,889e4c7e-c1e6-4c84-8263-ad162df729dc,1048,C0052,20240723,990.84,27.0
2105,eed42dda-7aa3-4e54-932e-c10a4083710b,1041,C0302,20240619,1060.31,32.0
2106,d1adb80b-6032-4431-9b32-ecdc84679fe3,1034,C0779,20241023,1740.76,19.0
2107,fa9eee70-5373-47c7-8488-bb3218afd10d,1039,C0006,20240605,1019.68,21.0
2108,e7d1daa2-f412-4d55-b061-5c54dd168e34,1009,C0103,20241127,938.3,22.0
2109,9254e5ec-d0fc-4e0a-bdcb-5271812da533,1046,C0631,20240602,327.48,24.0
2110,8275d00e-5f91-41a4-8e16-c04dbd2ec744,1017,C0050,20241024,194.98,9.0
2111,c1cd1516-6e36-4366-8af1-11875f6bbe7a,1009,C0835,20240615,290.75,36.0
2112,7263b663-3968-4b09-ba8e-f21695070b10,1045,C0203,20240702,686.43,36.0
2113,5f27c771-0770-4064-ba3f-c8f943453f3e,1010,C0854,20240728,804.5,22.0
2114,879e5c52-7cf0-4227-8723-f0651706985c,1028,C0316,20241015,506.48,31.0
2115,dee1f894-5a64-4aa3-8333-f514e8f2d69e,1017,C0111,20240630,1015.07,20.0
2116,70c4b26d-3ace-48b3-a12d-f33f9b012c93,1029,C0857,20240724,1053.1,26.0
2117,0aff2ada-0ef8-4c1e-b600-5cae77d2e1ab,1019,C0174,20240729,934.78,24.0
2118,a3230260-6968-4864-b2b3-e773dbec1d98,1041,C0297,20240801,1332.8,47.0
2119,a3fe6e1e-e3d0-48ff-b53f-c819ab339e54,1028,C0870,20241027,1796.73,25.0
2120,2c9e0244-120d-47a5-8985-d7ce7f62663f,1019,C0989,20241005,668.51,43.0
2121,ac6777b8-2874-415b-b306-1f572ead8a71,1000,C0983,20240815,803.1,43.0
2122,abc19ad7-4605-4424-a4c3-373f9fd08f3c,1025,C0313,20241111,478.28,19.0
2123,5c512ea2-3c65-460b-8dae-f165777b7e2b,1012,C0941,20240814,1290.25,37.0
2124,bd56f6d6-4a60-4895-a8fd-500ef8f9c2ff,1035,C0234,20241030,1836.13,48.0
2125,a525f6f6-66da-4c4c-ab14-3ff53deb0365,1027,C0831,20241015,1529.4,44.0
2126,7708fca0-392a-43ea-acf4-9b710e6499fa,1045,C0071,20240908,234.73,36.0
2127,40f408f8-c884-4fd8-8751-5f593f9db064,1032,C0306,20241008,945.32,18.0
2128,035351ee-b6ad-4afc-a631-c0ee3a02bade,1027,C0988,20240910,362.74,33.0
2129,2b88db5a-5b43-4c7b-bd59-ef8419dcb54c,1008,C0016,20240918,501.61,31.0
2130,a8466c0b-ab12-449e-ac91-f611d7d89fbe,1031,C0632,20241124,1921.51,36.0
2131,58636119-d24b-4ec9-8a0a-e7aafa6d5e82,1044,C0547,20240710,1371.04,21.0
2132,4151588e-ee34-4f61-a6d7-c1ee7d81e91c,1012,C0577,20240704,243.64,7.0
2133,aacd5f48-6590-4344-a0f6-4e2a697763fc,1010,C0618,20240812,1254.15,50.0
2134,f156c90e-21d6-4dc6-95f9-0c13c918043f,1045,C0484,20241009,735.98,43.0
2135,ef40ae4a-5d31-4d52-aa7e-bb2e50aa9bb9,1020,C0131,20240821,609.99,27.0
2136,ccf4cb84-0433-4bfb-a266-24c41e5c9ec4,1016,C0693,20240922,1637.36,5.0
2137,1606b67c-8d07-4df2-a4e9-da567a74a259,1010,C0942,20240615,1660.97,3.0
2138,519bedd6-7f33-4e52-bbf9-841e2414f57f,1046,C0320,20240903,82.48,26.0
2139,cd83959d-1ce8-4a77-b1f6-48ae6ad055f1,1011,C0795,20240701,1100.36,47.0
2140,943c3bad-0de8-4cc2-b646-43e28c611f49,1011,C0832,20240707,492.12,16.0
2141,3c61ef91-6c11-4e7b-99ce-e565712efe01,1042,C0052,20240908,96.89,30.0
2142,30b70aeb-f593-4150-8aa6-a57625d58326,1018,C0885,20240713,221.58,36.0
2143,de7fd453-9d1d-4b77-86dd-c002d49b054e,1015,C0106,20241027,1825.87,12.0
2144,6185f7d4-1667-4656-93a0-72b96117941b,1019,C0638,20240729,504.18,27.0
2145,e6f48d9d-610f-46aa-8908-ca9c17ba380f,1012,C0968,20241024,162.37,33.0
2146,89f8c834-7122-4384-9d45-8f119e60a3da,1043,C0310,20240903,360.68,34.0
2147,4747019e-69b9-4a59-a990-7704ba693f9e,1021,C0180,20240828,623.07,26.0
2148,318881e6-ea9b-41c6-b122-69e10a35eeda,1010,C0939,20240913,828.05,24.0
2149,a704b029-7e18-4298-b900-ab8593d71ec7,1025,C0520,20240911,1817.78,33.0
2150,ad1cbdda-bd0d-444f-81a3-fdebea5d010c,1015,C0917,20240928,89.95,16.0
2151,ae9459dd-06d8-460c-aea7-54bd935e50aa,1005,C0226,20240609,52.98,22.0
2152,e7ab3dc9-c0dd-4270-b35f-51fca177db68,1000,C0968,20240824,1527.23,12.0
2153,c39ec4e9-8c6d-40d3-8045-8cf4eba45a69,1035,C0836,20241127,1905.19,43.0
2154,f91f656b-2cff-4ed3-ac3c-b98c36bef09c,1039,C0276,20240819,173.36,9.0
2155,22f38739-43ba-4709-bc1e-9b85a3cbfd2b,1000,C0304,20240613,395.35,4.0
2156,c0e37a87-ff26-4702-852d-0f9d28dfba3d,1049,C0184,20241031,1743.18,47.0
2157,b216b9f6-9e9a-4414-9052-c2facd51bc3f,1008,C0755,20240901,973.43,43.0
2158,4263560f-22d5-4fa2-946a-70c7a87557c9,1029,C0583,20240627,1416.69,50.0
2159,c2a8c578-f361-4c6b-968a-efa398422711,1020,C0594,20241111,1708.41,37.0
2160,28ff2039-611a-498a-a2c6-eac195b3fc69,1017,C0055,20241018,349.21,22.0
2161,278110dd-1472-4afc-ae8a-c660ae19861d,1043,C0769,20240829,1106.47,25.0
2162,1e305999-9d66-49f2-959b-4b19dadd1f6c,1045,C0991,20241103,1665.79,47.0
2163,90bf9dc5-be90-47ac-b8e0-d3269e507023,1017,C0018,20241103,797.72,1.0
2164,eeada66d-462d-43b0-968c-92cfba50b6ab,1045,C0942,20240823,794.17,30.0
2165,7cf04360-0dd5-48df-b61f-1358750e1f81,1004,C0068,20240711,250.81,6.0
2166,8b617de4-7eff-4d25-a54d-fb494f9a3509,1037,C0640,20240902,1037.15,24.0
2167,5bd3a527-f6a7-4689-b349-053da67b1aeb,1018,C0512,20240921,1744.25,12.0
2168,296cacc1-3307-41d0-9758-aa0b4c84b727,1004,C0915,20240930,1148.74,40.0
2169,4d98cd64-a17b-4d8e-838a-fa7934472d8d,1032,C0155,20241123,429.91,25.0
2170,e7334d7f-d57e-450d-b66a-b051719304e5,1048,C0242,20240623,1154.65,32.0
2171,e335d83b-7606-43c5-9057-42f790d4733f,1017,C0676,20241002,1548.87,8.0
2172,aeb40039-2736-424f-826a-be1cb03b1473,1042,C0067,20240828,500.89,38.0
2173,732fb8d2-c806-48ae-89c8-7a59ee20bd58,1033,C0426,20240821,504.14,48.0
2174,3db52a08-706b-4692-a40f-b4eeb9e12676,1048,C0194,20240611,280.11,9.0
2175,586b1f53-ce53-4b4c-8f90-5d6ef5cc52b9,1038,C0380,20240913,609.1,41.0
2176,6b121e9c-a206-48ef-b18c-a861f2cd34f3,1047,C0083,20240724,729.64,46.0
2177,60683914-3263-47e2-abd0-de57b377aef3,1030,C0433,20240703,825.15,9.0
2178,69208058-6c35-4625-b675-8a2e293cee72,1046,C0003,20240708,281.81,17.0
2179,7b5e877d-4871-4b33-9eb1-72d27897eec4,1015,C0861,20240804,318.56,18.0
2180,2fd8a7cd-1525-4ef1-bede-bea4b8d1e48e,1047,C0714,20241118,477.13,42.0
2181,cca993e1-8c5b-4aee-a7fb-157678c12370,1013,C0006,20240713,1330.73,30.0
2182,323e36aa-db9b-49ea-8666-d9b184cb925b,1010,C0707,20241109,1092.36,42.0
2183,36485590-08dc-4509-8768-59a491214d1c,1045,C0853,20240707,1137.07,40.0
2184,a5ef341c-860c-4f50-8b2b-925cae589171,1026,C0359,20240823,1015.07,36.0
2185,433011f4-458e-4b4a-891a-897ff5f4113f,1005,C0464,20240808,851.93,5.0
2186,83407971-0c2e-46c1-a8a5-6cb3f387e91d,1048,C0127,20240602,1678.23,16.0
2187,cbe405f0-8354-4395-8292-7549dad43106,1025,C0980,20240929,349.94,25.0
2188,c643916a-42f9-4d7f-9726-b083961dc0a4,1037,C0895,20240702,1710.36,1.0
2189,2c18f0d7-c206-4d4e-84b9-c3f7a75a0c7e,1007,C0691,20240920,79.33,50.0
2190,7095b0f2-c5de-44fd-95f3-ba83c7c95f26,1014,C0515,20240920,1415.96,24.0
2191,63cc9f98-1482-4bff-be8c-d11a955a9c7c,1026,C0612,20240803,1191.75,11.0
2192,33044465-4de9-4648-9731-5aeb0c94e140,1040,C0023,20240805,145.9,16.0
2193,1882f6a3-7940-4d3e-b297-02f59545c460,1020,C0611,20240711,1171.16,18.0
2194,f3075a6c-1f0f-4213-9c59-f8722b4bf7bb,1024,C0546,20240812,1063.85,3.0
2195,75856ecf-8023-4bb9-bfb4-f498a1a0db10,1023,C0524,20240618,83.1,26.0
2196,ca4222e3-ecc0-4779-a53d-c4819ce45050,1025,C0151,20240830,1632.38,48.0
2197,7eaca8e8-acf4-46ba-9dbe-fa067163e855,1017,C0811,20240601,875.66,43.0
2198,4356d49a-929c-41ba-851e-46a10f455660,1039,C0326,20241017,492.24,47.0
2199,353f1dfa-edf7-4fb0-b3ae-1e3d50045287,1025,C0109,20240906,291.36,5.0
2200,71e013f0-839d-4304-aa4d-774a5085abe0,1029,C0854,20240801,1628.3,17.0
2201,41f5957d-85f0-4d5d-805c-7b501226198c,1010,C0505,20240627,806.89,20.0
2202,cbf3db75-2c8e-455d-beab-2ee3843ae260,1009,C0591,20241128,574.12,24.0
2203,2016969e-9af4-487a-9b4f-1f926cfa6941,1012,C0710,20240814,1825.5,46.0
2204,515c7471-abb0-44c9-888d-8409e70d59c5,1004,C0930,20240602,1695.27,36.0
2205,7acebd57-8790-4682-8e6c-b73175106a93,1022,C0303,20240729,808.39,35.0
2206,8de2c065-eee9-4fcd-a23b-73e160ff4f80,1007,C0858,20240810,1013.31,46.0
2207,334d8673-2d37-4420-95fa-0b84bcfee0d2,1010,C0197,20240714,1776.94,19.0
2208,0589b336-e837-4ea2-9740-5a7bbae67224,1027,C0422,20241108,1015.07,37.0
2209,613a78c4-e30c-497a-a55c-78357d255921,1017,C0847,20240929,1466.17,21.0
2210,c84ace24-232a-4e26-993a-b68f1ac8a6ba,1045,C0044,20240906,316.44,19.0
2211,9c75f656-fc4c-4e95-81c0-26e5b39f8617,1023,C0479,20240710,1504.21,18.0
2212,5c5cfd1c-b31c-4656-abc1-ad52ffd6d6af,1047,C0707,20241124,1597.87,28.0
2213,63485a21-af13-4318-b41c-bb93f2789251,1010,C0582,20241123,1405.73,38.0
2214,01ab2f44-e70b-4736-8e53-96ff891dc05d,1047,C0188,20241103,1491.82,3.0
2215,65a75d7a-9f8a-4164-98c7-3024d7eb00ad,1020,C0557,20240913,384.11,7.0
2216,6596ffa9-5bcc-46e2-9df9-f6e15f94563e,1002,C0909,20240715,750.63,39.0
2217,453fda89-0012-42d0-baf2-944a8342d780,1001,C0945,20240603,425.0,41.0
2218,cdab01b9-5e1d-4f55-bd0e-37a5d950177c,1024,C0793,20240617,1491.32,16.0
2219,ad05174c-5886-4448-847b-aa81d7e0f827,1017,C0416,20240903,360.24,49.0
2220,a9b4897f-4047-49b6-ac6e-11fcbc8bbbf9,1045,C0735,20240728,327.61,2.0
2221,8dac207b-338f-4670-bf64-d0e406873b73,1021,C0038,20241126,1902.59,44.0
2222,ad58e000-f32e-429e-8e5e-c16b8dc4edaf,1022,C0093,20240810,1177.8,1.0
2223,68a6a77a-1528-473a-a0ec-3770d0273463,1027,C0617,20241001,1582.77,19.0
2224,a2100f0f-384a-42ce-a383-b3a9ecf338b2,1012,C0142,20240918,971.27,24.0
2225,3e1035bd-8f16-4887-b25b-ac41027dff7c,1047,C0887,20240810,1829.13,30.0
2226,7d9daef1-543d-427d-96a9-bf14fe9346ed,1001,C0995,20240726,235.33,18.0
2227,e63d052b-cbe5-400f-bb73-5316df5c5cd1,1035,C0767,20241112,788.84,49.0
2228,065e6bbf-53cd-463c-a536-d4a12729d6bd,1033,C0330,20240616,613.96,16.0
2229,9a6d4a8f-d249-4342-9712-ab782beab45b,1038,C0479,20240907,92.99,44.0
2230,e1bf85a9-0c04-40f0-a539-ba25d0a564ac,1040,C0996,20240818,1776.9,26.0
2231,0c2db599-dcb7-4429-a8b7-ea7acd3aac61,1041,C0092,20241012,709.79,14.0
2232,edb84e4a-3f44-4d08-bff5-baefc708b4ef,1003,C0063,20240915,1442.35,49.0
2233,75f525f4-59b9-4e4f-8ef9-97c40f3fc0aa,1040,C0803,20241024,1087.08,15.0
2234,7cbfd309-e6ba-40b9-9b33-385c2e61d331,1046,C0561,20240604,1807.81,15.0
2235,09130c1e-f8b1-4333-a3cd-4d1f78707a44,1047,C0680,20241127,66.74,27.0
2236,215be693-5807-423a-b491-fe16cc21e2d8,1041,C0116,20240923,1189.77,39.0
2237,2fd5c3c3-fc96-4582-bf59-a659f7d6905e,1006,C0680,20240829,1648.27,30.0
2238,23021ad5-8a0e-4cca-a3bd-2b8b051deb38,1005,C0862,20241110,977.57,22.0
2239,97d8475a-9700-4a21-9a13-26754eca8786,1003,C0294,20241027,1052.85,48.0
2240,2e3f981f-c2a6-4373-9503-f0b92c1d5372,1034,C0125,20240819,151.86,3.0
2241,52218384-3276-4601-ba06-07967730c87a,1001,C0931,20240717,551.61,42.0
2242,03d4dc1e-7fa8-43c0-a661-1eae4f0ea777,1002,C0852,20240704,1822.17,39.0
2243,6401a1c8-716d-43c2-b3c0-3007a0a2f219,1035,C0854,20240724,530.5,22.0
2244,e7b2a33d-577d-4c84-b35c-30b49817f867,1033,C0076,20240920,1757.05,42.0
2245,90b60bbd-8d29-485b-8d55-fa711ab40381,1004,C0914,20241115,1769.94,16.0
2246,bb89a661-2f98-49d3-907b-1968d65f3202,1039,C0461,20240914,727.94,40.0
2247,fac42cb2-fa07-41a3-aae6-0c90ad4801fc,1029,C0097,20241127,832.32,16.0
2248,8cf43726-2285-43a7-90cc-da9bec5d96a5,1003,C0302,20240905,294.89,50.0
2249,409a461b-1c5f-4a98-80b4-df209f673192,1014,C0654,20240919,1684.41,47.0
2250,b0fbf3c3-65d0-43d6-93de-53fb64d377bb,1041,C0536,20240602,1015.07,43.0
2251,252af265-7355-4be3-9a41-5a71650f4925,1046,C0896,20240812,1269.88,7.0
2252,fc3c8cc3-8c1b-410d-9eca-8af488aaea66,1027,C0405,20240905,1015.07,21.0
2253,265c629f-ccd5-44d7-afdd-80fddcb7d0f1,1038,C0865,20240816,215.12,32.0
2254,d07fbf4e-071e-498d-bcda-cf2e9001182b,1017,C0256,20241003,254.66,38.0
2255,0a827c2f-7c9d-4408-98bc-6b8561f57eab,1039,C0328,20240802,900.75,43.0
2256,58727773-874f-48de-b7b4-2a4a0010f39e,1010,C0593,20241019,764.92,32.0
2257,bcba8aaa-be0a-46ac-acf2-232b55cf6238,1020,C0338,20241021,1663.33,11.0
2258,56db27f9-a253-429b-b623-0eee13bfec6b,1006,C0641,20240814,991.95,5.0
2259,4b3e2ce9-a656-41cf-ab78-e3a65d12c7a0,1029,C0543,20240802,337.88,16.0
2260,821b4d9c-31df-4180-a3b8-3d172a3a59c1,1002,C0756,20240919,1015.26,18.0
2261,8a6263fb-ba67-4c48-adfb-0d6c668a8d28,1034,C0345,20240622,328.09,15.0
2262,df51c278-64a5-41b4-b31e-60ff2ed43b5e,1048,C0027,20240802,937.41,41.0
2263,74cbf227-3f70-416a-be8c-76997fced0dd,1036,C0446,20240731,1015.07,24.0
2264,1454c734-9847-4dd3-b705-738d92446e04,1030,C0070,20240922,81.4,20.0
2265,3c511cbb-e087-4689-a0e1-f18496f0711f,1032,C0507,20241107,1198.23,42.0
2266,a278e10f-03c3-49ba-80cc-12aa5640885f,1004,C0854,20240701,532.41,30.0
2267,ff8a367a-d9bd-41ab-a574-a64d231e6d5b,1023,C0084,20240921,502.64,21.0
2268,7d173828-a18a-4094-9c84-c0ceea87aa67,1034,C0702,20241025,131.93,19.0
2269,76eb6db2-8bdc-49e9-99b0-2021e92b4353,1029,C0872,20240909,198.03,33.0
2270,5c397e8c-b2af-488b-85b2-0eb41e1c2085,1034,C0119,20241015,1379.57,43.0
2271,113d80f1-c8e8-4382-937f-00b654d9cbf8,1028,C0485,20240702,1348.08,16.0
2272,9e0df8fe-4eea-4587-abd2-4a3b0ef95058,1018,C0798,20240731,1261.55,18.0
2273,a4796676-0ae5-4c4e-9b05-5c493fa89f62,1040,C0080,20240929,1142.66,45.0
2274,afca21df-4a14-4417-9b5c-e5d5bbebf16a,1041,C0300,20240810,1770.62,25.0
2275,59a2be84-bf73-4376-b285-64b6f064abd4,1034,C0017,20240624,802.8,34.0
2276,ed1eceb8-5798-459a-b0e9-a640a8e812b2,1014,C0469,20241030,915.28,41.0
2277,33ea8705-ef3d-4ecd-bc2e-228ffe87ac44,1007,C0979,20240621,1137.67,6.0
2278,ba5bd9bb-c435-43ce-b59c-44664949b6e1,1020,C0188,20241007,1783.53,40.0
2279,3d41e11a-d690-4ae0-937a-aa829478af65,1019,C0676,20241118,1367.89,3.0
2280,984e531b-c0d7-4167-9cbc-0c502c03485a,1013,C0047,20240807,445.14,36.0
2281,27aa56b1-6942-4a8d-b6c3-8711ff0dea12,1006,C0771,20241026,75.74,1.0
2282,27803ae1-b5e4-4f71-aa31-5f1e22972c1d,1043,C0294,20240728,630.74,18.0
2283,87b80547-97c4-4945-a9f6-dafa4f3a2776,1039,C0179,20241114,1421.38,27.0
2284,53b3fec6-7adf-4347-9561-bc8cc3862c53,1008,C0738,20240627,1269.12,40.0
2285,d22ccf0e-4c01-48bd-bea6-a8f385d61070,1047,C0404,20240928,1379.14,35.0
2286,6197dcac-7605-4351-b999-37523a7d33f9,1036,C0153,20240813,1015.07,2.0
2287,e0cf4122-a30e-4ec5-8948-7d07158cbc9c,1027,C0432,20241013,1264.99,40.0
2288,0b01737d-8874-412b-8b0b-1ff92cadc6d8,1004,C0885,20240808,971.29,50.0
2289,5430245c-7235-4add-b031-968cce4b884b,1015,C0726,20240704,303.96,36.0
2290,8d6d2db2-69ba-4c8a-8639-62ffc681ad65,1020,C0801,20240825,670.12,26.0
2291,33bf8597-6a4b-48f9-a4e2-c5e9771fda86,1041,C0414,20240831,1125.7,44.0
2292,cd97589e-347f-4359-9ff0-ef1193f69736,1027,C0343,20241013,1580.15,44.0
2293,c83d2850-dcd5-4d4e-accd-e1d8f7438b1d,1036,C0371,20240715,1102.34,39.0
2294,23e9612e-ee9e-4349-9a75-5c3cb728847c,1039,C0087,20240709,1238.29,13.0
2295,6773f2c9-9446-493a-92ee-a05d1225e40d,1029,C0962,20240811,119.71,5.0
2296,827a194e-0bb4-4790-8f5d-0aa3ff61e199,1002,C0197,20240911,229.19,36.0
2297,813bd158-9388-423f-a164-19b50686251a,1015,C0524,20240603,606.01,8.0
2298,a6c31d30-2914-4ae3-b1af-20a40d981c5e,1010,C0429,20241014,589.19,31.0
2299,e151e483-9e62-4b95-83bf-ab94e48546c4,1024,C0837,20240714,1862.89,8.0
2300,daf77b26-c64b-4689-b410-b7f3768bd374,1026,C0163,20240612,1974.95,46.0
2301,b373ae18-337f-4157-82e7-fb9f339f516b,1033,C0871,20240920,1465.68,11.0
2302,05fd1a21-9238-4ebb-8d2b-bebd7ddd2a73,1032,C0279,20241012,1102.33,5.0
2303,7a3df7ca-06f3-40d8-b9be-ccc88f3ead40,1049,C0298,20241128,266.25,46.0
2304,bf7013f7-d113-4185-8467-36c21dcf7bce,1044,C0158,20240919,1015.07,8.0
2305,452fde0d-666c-4974-9b41-8b90564dd099,1018,C0633,20240705,1085.53,37.0
2306,69f1738d-0019-4835-9b65-5a99d928920f,1001,C0499,20240920,1803.48,29.0
2307,1a19c23a-75a5-47a8-87e0-2c07ca8d4a6c,1040,C0759,20240704,1972.0,29.0
2308,cac73ff4-2cb8-4f99-8a4a-4d4770b35bd1,1002,C0457,20240826,1065.04,47.0
2309,7f0eea46-8102-480b-aa35-a162dceb554e,1009,C0533,20240821,673.63,19.0
2310,84e776f7-d7df-4f20-aa0b-46960e8bd929,1040,C0166,20241016,1962.89,9.0
2311,53e57fe3-a085-45f2-9802-cc79e79a5e76,1023,C0944,20240625,1576.21,13.0
2312,62558133-3e04-4991-ae53-39576c5ddc56,1046,C0212,20240727,479.34,16.0
2313,cb455b39-5412-475b-9051-e509065454c5,1029,C0649,20240915,1193.66,22.0
2314,af0ea387-75e1-4b3e-862d-a6ee41e58a89,1036,C0381,20241114,658.84,48.0
2315,6468443c-eb54-43ba-b300-671f08cc4c15,1048,C0236,20240816,1059.97,1.0
2316,bbef3af0-4182-4ac5-8fed-4f0ea73870c7,1013,C0830,20240927,908.99,11.0
2317,ee826f07-f3c4-4035-aceb-5474f93705d5,1021,C0797,20241013,1298.43,50.0
2318,6d1698fc-147d-4e36-bf16-32811ff9a313,1029,C0922,20241123,57392.45,14.0
2319,ce0e483b-60d4-49ec-9968-4f8a431947f1,1038,C0708,20241006,1095.34,7.0
2320,8da48d54-bfc6-4f87-a6a5-e78b39eb4df6,1012,C0826,20240920,1429.81,47.0
2321,e0dc6623-623b-4181-8968-9984ef720276,1033,C0294,20240715,1368.74,35.0
2322,f1e0454d-9ff6-46cc-8914-01204ea4e2d1,1006,C0909,20240917,1239.87,43.0
2323,083d3410-11ca-4583-babd-073cb90bd1ec,1007,C0157,20241027,1359.9,12.0
2324,be110a0c-2768-478f-ae88-aeae60d78d8b,1009,C0721,20241110,1463.86,11.0
2325,f8df1e67-343e-40aa-8d9b-ed78e9084169,1002,C0305,20241008,322.1,49.0
2326,4ab18be2-cf86-4570-9228-2e74cc4f037b,1040,C0479,20241116,720.13,22.0
2327,085b7da6-9271-45ac-b990-712fb8719235,1036,C0100,20240823,1348.83,49.0
2328,9962d79f-7c58-4b62-b3b9-b817430e9720,1007,C0769,20241023,203.33,15.0
2329,b71338cb-95b9-4916-95a5-828a5be3b7ab,1039,C0238,20241002,436.36,6.0
2330,8cf06e80-632d-4918-86fd-ef4584160972,1022,C0813,20240813,213.09,8.0
2331,1300072d-c3f2-4b7c-8104-03f616fee978,1009,C0517,20240625,1556.12,45.0
2332,9925031f-a3a7-4629-b281-b1bd0723135e,1007,C0266,20240722,499.03,8.0
2333,4eab0a58-d8f4-478c-a05f-e956e9ce2fd1,1009,C0588,20240705,1899.6,13.0
2334,b09a68a5-bcc3-488e-94aa-0bf57cc758e5,1014,C0106,20240904,910.3,19.0
2335,26c99f5d-5eb1-419d-a4c9-f3ef01998e58,1048,C0905,20240827,1063.38,37.0
2336,a369a520-8a44-434f-ab34-3455d5e98f6f,1007,C0523,20240804,102.61,46.0
2337,0ad07691-a95a-4ffb-80e3-e4dfbd647f2b,1025,C0800,20240606,1306.25,37.0
2338,638708ba-b426-4600-8a8b-59b0da4af027,1023,C0684,20240926,357.63,18.0
2339,5b5566de-bdf6-40fd-a948-b30cc7d26dd9,1034,C0782,20241113,1900.78,12.0
2340,2d3e115c-9103-42d3-a62b-43de2a29ea8f,1041,C0640,20241016,957.82,25.0
2341,6c0768b3-972f-437d-89b2-72c87f52afdc,1049,C0977,20240610,1207.43,34.0
2342,cce4940f-22b6-47b8-8271-2c0d3807f3df,1026,C0629,20240604,255.24,25.0
2343,d975c0ba-3e7d-4092-aa20-38b191694ed8,1044,C0567,20240828,1537.63,11.0
2344,d2b88389-c632-4460-bf48-a77420335d7c,1042,C0243,20240711,76.01,17.0
2345,8217cc7f-8084-4d7d-b213-5ddca64be985,1000,C0131,20240703,1973.09,24.0
2346,76ce9563-84aa-4698-ac1a-471332072c3e,1006,C0912,20240706,906.28,10.0
2347,18eb5c40-c4f3-44a0-9f93-d6e640fefd1b,1038,C0800,20240608,631.92,45.0
2348,f070130f-2c1e-4f2d-8064-f92234392f8c,1003,C0896,20240620,523.59,17.0
2349,badbcbc6-0b0e-41b9-8d21-a0705caaa1a6,1036,C0229,20241103,138.24,16.0
2350,94cca939-fb0f-4e8a-9079-fdc4abda5eaf,1006,C0937,20240904,1714.39,47.0
2351,b85f8d67-0bd5-4e3f-a5be-7d50dd80553b,1001,C0750,20241010,289.65,10.0
2352,0c790619-188e-49cf-8a83-55a6633b3b4f,1046,C0811,20241025,871.29,44.0
2353,cc8f2449-66cb-4e4a-bfad-0595b628020a,1009,C0511,20241124,1597.61,15.0
2354,9e64ef2b-ac79-49ef-8844-364b7c9d91f1,1045,C0056,20240710,1808.91,14.0
2355,c05a151a-adf1-4ae6-abd9-a43f011ac52b,1028,C0884,20240823,1833.49,45.0
2356,5d0bb656-8704-4f9b-accc-960f43af593c,1046,C0548,20240702,82.61,5.0
2357,0c7366a7-f5ba-473c-b126-204b26e22a65,1011,C0210,20240709,1104.45,48.0
2358,4a652362-aa18-4cc6-9848-946c00bdeea4,1029,C0051,20240728,1460.02,33.0
2359,e7e106f4-beaf-4a31-9129-50dcca89b6fc,1005,C0338,20241008,1776.34,27.0
2360,0332125a-215d-4dc8-9838-3938979824d4,1033,C0742,20240801,624.92,23.0
2361,2858fc4a-2386-4c38-a882-45d2270144ce,1016,C0759,20240622,403.77,5.0
2362,3ecc9540-2873-4194-8765-fecdf0976512,1036,C0655,20240626,1815.44,37.0
2363,86497253-0ad2-435c-a721-a70dcbf19808,1030,C0122,20240930,1678.08,25.0
2364,9439d9c7-daf0-4e2a-8f47-62871e3a5564,1003,C0611,20240901,749.07,35.0
2365,b430ca35-8f25-4b00-a332-b0e70d2bc9e7,1011,C0619,20240630,1259.32,33.0
2366,01da3385-d2dc-42a9-bfb1-38983a20dd47,1020,C0208,20241114,1917.24,48.0
2367,ff87785c-e0bd-4784-96b8-4e3abc51a843,1008,C0286,20240713,1533.5,16.0
2368,972aa42c-c836-499b-91b2-e5fe2fba6ac6,1018,C0800,20240918,199.13,15.0
2369,5aa6b674-771a-4c90-b912-113a59dfafb7,1030,C0530,20240627,1159.33,5.0
2370,58cd63a8-ddc4-45c7-b228-2cafc888694a,1020,C0084,20240909,1924.84,23.0
2371,cd720957-708e-47e7-8872-7bd097db3cd9,1017,C0654,20240906,880.21,3.0
2372,f8b29dc4-6cb5-4124-8d9e-b6409a361d14,1012,C0123,20240603,970.46,28.0
2373,5008a247-b3b3-4c84-b9b9-55e809dce330,1033,C0838,20240714,398.01,18.0
2374,ce5ea455-5abb-4fa0-8eb4-3780a09f729a,1026,C0133,20240610,1469.53,9.0
2375,0290893e-308f-40dc-8439-b61addecba30,1011,C0404,20240707,753.06,22.0
2376,2a56e0f0-b1b8-42df-ba04-a24b6fbc5e8c,1007,C0572,20240726,1015.07,8.0
2377,4848ac1e-ae7e-402a-9e48-7b2402a7311c,1047,C0931,20241028,1015.07,22.0
2378,ac7f42d2-1b0f-48fc-9533-d629bacaf112,1037,C0718,20240821,1073.69,24.0
2379,ae833449-e145-4b0d-9b46-8ad89aafafe2,1043,C0439,20240726,934.53,3.0
2380,17b33763-205d-4d0d-a7ff-0e29a3ceb484,1044,C0645,20240912,973.26,7.0
2381,e4cb8efd-2b0f-4e17-b0be-da120df7b693,1009,C0122,20240630,834.18,29.0
2382,8db26707-c7d3-49a6-bb6c-6447b4900be5,1010,C0116,20240912,1034.06,10.0
2383,128a2af0-e794-47f9-a329-12a0e1ec31a9,1048,C0531,20240911,869.4,36.0
2384,dd79e7ad-06ee-431f-9579-0980ec805b9d,1039,C0566,20241022,690.37,9.0
2385,f0803471-1c4b-45df-a970-69c0e0a7d68e,1028,C0423,20240709,837.62,47.0
2386,44781f3e-3717-47a9-b28f-bd6312d6d76a,1027,C0151,20240803,150.18,23.0
2387,6ad408ed-eb25-4df5-bacf-d7e2b3dcd2af,1004,C0190,20240930,233.94,26.0
2388,438a4fcf-1fcd-478c-a0eb-d3df5d0d7fb4,1007,C0231,20240807,742.02,38.0
2389,2ee4fa0f-e8f5-436f-9251-56049a0e986a,1043,C0465,20241024,1748.2,47.0
2390,797caaee-1a90-458c-8a5e-526dfc706515,1025,C0231,20241114,945.23,2.0
2391,b11aebd9-444a-4375-baf4-aa4c1f65eaf0,1033,C0463,20240701,106.42,13.0
2392,01c8a472-e1f7-48b0-94c1-2895ccfd4cfb,1000,C0892,20240807,1143.66,41.0
2393,2c8d93ae-f4fc-495e-8463-b91cd2d3bf2b,1006,C0838,20240615,183.47,7.0
2394,171d5121-215b-4570-afc7-89389a3422d8,1040,C0843,20240731,1558.25,26.0
2395,0ddbce21-314a-445f-bc33-a6fc9f2ed0e1,1006,C0646,20240811,65364.17,7.0
2396,0d6b314d-8149-48d8-96c6-b2150c5d1cf5,1034,C0408,20240619,1492.69,15.0
2397,fbdf2cec-a70f-4956-a908-f9d6bbff0de0,1036,C0407,20240826,336.02,21.0
2398,fff0837a-30bf-4928-8a16-0fef92507762,1005,C0199,20240930,723.55,46.0
2399,7b0f56b9-ecfe-406d-a916-1edc54f60a17,1009,C0859,20240817,694.06,9.0
2400,8f603d3e-0dbd-49e9-8032-f225934be553,1037,C0023,20240703,685.75,43.0
2401,5256c741-e455-4dfa-a598-0d4277d938c2,1008,C0485,20240706,662.21,42.0
2402,1247cdb0-f206-41b3-b9f2-0233cbe9b099,1018,C0279,20240807,1889.8,47.0
2403,66199bb2-d8fc-472e-b3ec-3911eff94cbf,1000,C0405,20240910,452.19,9.0
2404,a15ab131-cec5-4706-836d-340d3a685d85,1037,C0371,20241114,503.52,22.0
2405,f2303c87-fb2f-42cf-85da-725b7715ea38,1022,C0251,20240920,1477.68,9.0
2406,8284e54b-5a39-4140-8203-d362b8c82ac5,1012,C0157,20240918,177.32,10.0
2407,39f9cc4a-b8b2-4671-8f5f-d0cca6635e72,1018,C0273,20240920,1018.24,12.0
2408,117a7478-ccc7-4dee-bc9f-176199306550,1038,C0045,20241106,1761.83,8.0
2409,367a94cb-f44d-4d90-91b4-40f04c0ff900,1022,C0285,20240628,342.57,13.0
2410,1f0a0fff-e291-4b6f-8629-5f9e5aebad81,1032,C0041,20240902,833.46,10.0
2411,96c928db-2f49-48ae-b14c-1af529704053,1027,C0077,20240916,524.24,8.0
2412,098080d2-8fa2-4f93-ad52-b241836ad400,1046,C0905,20241023,914.91,1.0
2413,a1bedef0-4758-4649-9c45-f915fdfd4ec1,1009,C0965,20241030,1957.94,29.0
2414,d82a5cba-b2cf-41ef-86d7-4a6904f6c50c,1033,C0292,20241031,772.53,46.0
2415,9cca2e42-9fa6-45c8-b6cd-7b5eabca8030,1008,C0304,20240611,1290.28,46.0
2416,8b9a9c58-e4ad-4163-8e8f-150257d90fdc,1007,C0331,20240819,1657.5,6.0
2417,4a948a57-28c3-40d7-9f45-5a2f0a9e4751,1048,C0023,20240703,1015.07,21.0
2418,ea834d80-faf9-4b34-b44c-1d8d5004b4a6,1018,C0225,20241004,1613.76,22.0
2419,d4ecbfc5-5799-4896-8e0b-6f9897ea5fba,1030,C0331,20241015,1015.07,21.0
2420,bfa58adb-8f4b-4943-8aac-0b6b9527c0e3,1033,C0480,20241021,1406.24,21.0
2421,cc48e698-95ef-4cec-b121-cb8af5a720a8,1012,C0671,20240914,801.39,18.0
2422,bd957e2d-541a-42b7-a21e-046b13e75497,1005,C0663,20241010,323.32,41.0
2423,e85c91ea-4ea9-4095-b9a4-a7dcdf2d0337,1025,C0094,20241101,991.5,19.0
2424,a5a9908e-dd0a-4f40-ad8f-c53314ab7c89,1046,C0490,20240704,85.94,40.0
2425,7991f4a5-1b50-4a7f-a2af-fb3226ec2f06,1045,C0489,20240711,1019.89,32.0
2426,043051ca-5fd0-4368-b7fd-a6b9ef7d6f4d,1032,C0986,20240830,504.31,35.0
2427,aec6e2ed-b891-4129-9aac-78c1ab07a090,1002,C0261,20240919,1049.51,28.0
2428,ee6dbd0f-7b5b-4623-8466-e483b6fd809d,1048,C0790,20240826,1015.07,9.0
2429,5938a988-469c-4dfb-a388-30508f3e0bac,1033,C0853,20241002,1553.75,10.0
2430,0c3b965c-6de9-4420-a54a-53ba87f0b632,1045,C0382,20240718,949.16,47.0
2431,7f357b8b-f01c-46b3-ab5f-c04545b1b48a,1026,C0763,20240729,1335.88,42.0
2432,a976ff8c-90c2-4a95-8456-00d40e2b7d23,1009,C0005,20240629,789.45,30.0
2433,16d83fd3-d96c-4401-a566-85e9f4a0fe20,1006,C0780,20240720,478.81,14.0
2434,141f7613-7acc-4269-8b34-30d95c8c2755,1032,C0222,20240701,627.71,26.0
2435,377a71ba-32a5-42c1-bfeb-922e40218143,1000,C0260,20241017,440.43,19.0
2436,f3541e0a-30a3-4c0c-865d-3bab5047d867,1021,C0748,20240920,783.93,34.0
2437,7a9fc05c-fea0-464a-b7d6-b088151cd781,1020,C0383,20240701,952.02,46.0
2438,f026f9dd-e78c-42a5-9962-fec1115df16a,1010,C0485,20240614,442.32,13.0
2439,52d13fbf-d74e-4bac-beb9-d9ef24d9e760,1029,C0203,20241022,836.99,14.0
2440,d5f22c03-9b3e-4041-8ada-331bd81168cd,1035,C0176,20241120,1251.2,21.0
2441,4fda3a62-62e3-4180-a47e-0e6c8ac62142,1007,C0964,20240626,934.4,10.0
2442,17c00259-8cd3-4941-bf5f-a6722e2c7cc4,1039,C0245,20241120,882.7,9.0
2443,f54bac7a-2006-4ba0-b941-86bf63bb068d,1041,C0578,20240727,392.58,31.0
2444,5caef670-4069-47dc-bafd-a8d1979c0eeb,1014,C0926,20240917,123.81,19.0
2445,98d292b6-499e-41e2-b9cb-c925e7e13f5d,1012,C0479,20240827,1369.09,33.0
2446,c2c82c12-e570-47de-b00e-726ab3de4ed6,1036,C0555,20240923,784.41,44.0
2447,8ec912f7-b192-4520-ae55-f14829b130be,1048,C0305,20241113,368.77,44.0
2448,0e4a6339-88b0-49c7-9eae-8b6fa317c102,1019,C0414,20240726,1860.03,44.0
2449,f2108e40-aa89-464d-b464-6160dbfdc6ef,1032,C0513,20241009,1310.03,23.0
2450,60b01872-f2c1-409e-8c50-7282d563284c,1017,C0533,20241013,576.0,24.0
2451,5123e94b-3594-4c00-900d-2ab96369e1e0,1020,C0391,20241029,1785.51,40.0
2452,97fa2481-d1cf-4485-b602-9f3a4d92732e,1048,C0478,20241126,1767.01,34.0
2453,a3aa9d20-7303-43dc-9b80-4044ae4dfdc1,1038,C0034,20240902,1837.18,39.0
2454,7eb67fa0-260e-41d8-805b-2419fea3a6d2,1031,C0259,20241004,157.42,47.0
2455,2674c45c-d207-43ac-8792-eeec6c37bf1a,1016,C0322,20240911,101.16,43.0
2456,af2f258c-a18a-4215-ac3f-cf10f8c6975a,1001,C0160,20241012,1341.83,43.0
2457,caa11957-1a40-4814-8b27-53c2e1ba6e54,1035,C0349,20241116,1726.75,37.0
2458,252a18e7-efe7-4002-be46-f324ac5d4941,1032,C0515,20240617,337.46,24.0
2459,3ca1cb77-197a-4a9d-bf69-d61306f47d61,1047,C0920,20240809,49516.53,2.0
2460,89a1063b-9b6c-4773-86d5-5a0409ac05e5,1002,C0507,20240802,156.47,16.0
2461,e72f781d-c7a9-4be7-8305-a88833e7ae8f,1029,C0305,20240920,1596.32,9.0
2462,266a7583-f7fe-454c-ba7d-7242c672cc91,1011,C0552,20241004,1024.24,35.0
2463,738f95b7-f212-4379-986e-59bc0394a038,1046,C0526,20240605,329.98,8.0
2464,0b4738be-de96-473a-bca3-f8eebbc5bf40,1045,C0735,20240602,1930.53,22.0
2465,b50fff8c-4764-4a7d-90ac-1e11ac596a2e,1015,C0452,20240803,1015.07,26.0
2466,7b15277f-cae0-418a-815d-d87f6bb10832,1011,C0112,20240720,1296.2,5.0
2467,b076f5f2-d9ae-4f5b-b622-4923568e22cb,1024,C0412,20240921,1908.4,31.0
2468,57c34acb-792f-4338-a577-4529f0127e4a,1047,C0845,20240910,1318.73,49.0
2469,2d8e5eec-659f-4268-94c1-d8ed4e571f4e,1007,C0745,20241107,59279.62,35.0
2470,04c3eb92-c20d-4677-8d46-4b2484fd9080,1039,C0136,20240801,833.28,7.0
2471,4c5cf511-8d4d-4ef0-9a91-03c629b7dcd7,1019,C0555,20241126,236.66,45.0
2472,96f4c65b-51ed-47ce-9a73-7de60904f796,1030,C0463,20241013,1655.07,10.0
2473,7efc4436-f82a-4327-abcb-8091b821d68e,1038,C0654,20240723,1858.83,3.0
2474,3f52bc61-cc93-464a-b968-7c2072d2f3a1,1019,C0120,20241114,384.53,40.0
2475,b8be94a9-e422-4ff4-8838-de61fb41abef,1004,C0020,20240615,1916.76,2.0
2476,74fb5988-df01-4760-b938-33ccf9bc78ad,1048,C0446,20240616,1015.07,27.0
2477,20c1314d-cddc-4c4f-86bd-86791ad8e250,1043,C0821,20240909,799.15,5.0
2478,a5a1ef51-e520-4851-b1b0-d123ac256170,1005,C0939,20240624,1506.63,28.0
2479,499381c7-0949-489c-8eec-05fbf9b907c2,1028,C0705,20241105,448.11,41.0
2480,1a6d2a6d-34f3-414c-a085-943dc5c98b41,1033,C0466,20241027,1025.23,48.0
2481,68d469f5-b2d5-4430-8f01-8919812ae9dc,1038,C0133,20240828,1015.07,4.0
2482,d1e843f5-c83d-40a0-bb0f-b560d7ccd695,1029,C0128,20240902,669.52,16.0
2483,77408cb0-872c-479c-8663-44d53b7fc2fc,1036,C0024,20240831,252.72,46.0
2484,edf83235-2a31-4fba-bc17-f27bde74afcb,1027,C0630,20241001,876.72,5.0
2485,c9ea33e2-28a2-42b2-9f26-8849dff44156,1013,C0420,20240926,768.28,44.0
2486,9e54d7f8-95f0-442d-9476-95686f2715cf,1045,C0527,20241020,696.95,9.0
2487,2842d674-3e92-4240-9b3d-c91cd8a520da,1033,C0080,20240921,1041.26,47.0
2488,19341ab5-54e2-4655-b75d-1803bc285656,1002,C0724,20240731,687.38,38.0
2489,316619bb-b7dd-485f-b91b-113291d9ad57,1024,C0348,20241006,1393.83,7.0
2490,e4b0168c-486d-4aff-a4f0-1d39e34b4b84,1041,C0019,20240807,320.06,26.0
2491,0f7dbf97-32a5-4843-af17-6d0e0347faeb,1038,C0085,20241127,780.07,24.0
2492,fb3e1349-b207-4fd1-89ea-c97d5947a8c9,1031,C0990,20241109,1695.87,45.0
2493,94334c99-7e3d-4e02-b510-6bbf846a1ddc,1011,C0338,20240906,1746.77,12.0
2494,8ca80408-bd1f-4818-9931-2a6a55dabc4b,1000,C0225,20240712,91.56,10.0
2495,9573cf01-17c4-48e0-a552-a89b5da9dedc,1040,C0433,20240614,1951.67,1.0
2496,468fc227-8698-4364-8923-fbbecaacb189,1037,C0106,20240921,1252.42,43.0
2497,370a855e-f682-44cf-b1e3-21641635d83b,1005,C0175,20240918,1109.41,23.0
2498,c76d061c-ea52-4852-9707-063322688de1,1002,C0921,20240609,1424.76,39.0
2499,493efa94-d0b4-447e-9441-a4ea3dcc5ec3,1022,C0494,20241004,377.75,22.0
2500,0054eed2-ccf9-450c-8019-c518fb2906bf,1026,C0053,20241022,1152.03,10.0
2501,620f83b9-9c63-4cbe-959b-0447f8604cda,1005,C0570,20240921,604.69,1.0
2502,7b124377-15b4-44ce-8fa8-9a7fd849fa0f,1001,C0291,20240723,545.57,40.0
2503,d34a6a88-0663-4c85-aabc-8be3ab3fc4a7,1006,C0333,20240726,913.74,46.0
2504,ee447d59-b730-4a89-a775-9a0cbf9e002e,1024,C0472,20240905,333.93,7.0
2505,0d9cfd1b-4b0c-4999-a1f3-96aa97121c9c,1010,C0978,20241127,50662.51,20.0
2506,5678d82e-6f1c-4f86-ab21-230ade811efd,1034,C0808,20241113,146.2,41.0
2507,285c22ad-75a4-45c6-98d6-c9b712d5afb5,1019,C0619,20240927,409.38,21.0
2508,6dbc0ce5-6146-4611-9650-3207899dcede,1018,C0814,20241023,611.94,6.0
2509,cc5c17ae-9b75-4497-9926-e943d804f94d,1013,C0162,20240630,1170.21,37.0
2510,fd186883-8649-49c8-9da4-b0043971831c,1003,C0094,20240627,1308.85,20.0
2511,1f888797-5b85-4023-99aa-127cf5bde644,1030,C0883,20241124,749.61,31.0
2512,b285142d-2454-415e-bc4c-aedae0dbe4a0,1029,C0012,20241014,614.82,35.0
2513,d42941fc-2a7d-4f8c-aa0e-4c14a8f935e9,1032,C0174,20241029,1015.07,19.0
2514,007cb5e6-f360-4653-8f44-e67506f1c941,1049,C0205,20240817,81.44,13.0
2515,ef740b18-acd1-441f-bef3-57430a2094bf,1013,C0385,20240601,584.66,5.0
2516,10e031f8-1752-4809-9726-6b4c0ead7530,1035,C0270,20240804,1288.08,33.0
2517,7d6b7c77-6027-473d-920b-7b06bb7a1e16,1038,C0475,20241113,831.28,8.0
2518,1802c63e-340f-4d6c-9f85-8561c6883b61,1017,C0964,20241004,1067.84,46.0
2519,b9f64a1c-63e9-480a-8f37-9b8aec796ca8,1029,C0966,20240801,1107.19,6.0
2520,035ca839-471e-43fe-a682-32dfce877c64,1043,C0915,20240707,738.69,42.0
2521,9a185f99-16ec-4541-ae81-ea52e9c88961,1043,C0438,20241009,210.35,42.0
2522,4be4b64c-af99-4959-84f0-d95ea979e6de,1049,C0433,20241118,962.85,3.0
2523,7ccb50ce-646b-4e3e-a573-00326b26922b,1020,C0129,20241103,1765.54,5.0
2524,c6f80a59-f9a5-4bbc-9372-cda784a08c83,1047,C0071,20240722,1526.18,25.0
2525,aa968683-ac15-4110-b07f-3c4721a6d36b,1000,C0534,20241029,1983.39,38.0
2526,c754b074-010b-4e89-9218-a352bb530f12,1024,C0330,20241128,827.88,37.0
2527,e79d6398-023f-42a1-92c9-4ea40d4be388,1005,C0224,20240717,1341.04,7.0
2528,ea8bce16-3d02-45fb-ae3d-e3684d30e034,1022,C0735,20240607,127.54,34.0
2529,17468800-405e-4cda-839c-6b66ebcc9dca,1037,C0693,20240615,1480.42,30.0
2530,5dc91b4b-b003-4ce8-9b13-c3a7fc1f6b7b,1031,C0003,20240602,1010.18,22.0
2531,0b4018d7-c844-41e9-bfac-ec73d551f9a4,1018,C0041,20240806,1717.55,40.0
2532,47428288-95a9-46d7-895f-eafa0068aa90,1022,C0524,20240720,319.45,26.0
2533,4aa024d7-48f4-488d-b2a9-c49037e4fee9,1030,C0509,20240705,1527.0,30.0
2534,cec8cd2f-014d-4c88-9f94-2202ec12f169,1035,C0345,20240609,1015.07,9.0
2535,0a3e9d91-f4dd-49f3-8300-583e9b3e788d,1035,C0942,20240726,1608.15,49.0
2536,63e301bc-d9a3-4d4c-8fac-0a6170eeec10,1033,C0712,20240701,1490.33,25.0
2537,4f42d966-335e-4f4f-8456-c7461ae009b3,1036,C0343,20240804,1015.07,5.0
2538,75d35b32-8b52-4ea8-9aea-6e965f07601f,1035,C0224,20241007,1502.13,33.0
2539,8002d13d-a7f4-4892-8e6f-4673d246efce,1025,C0187,20240606,73.7,27.0
2540,9e6b9416-bb3f-4e5f-91fa-4a7bfe370c66,1030,C0119,20240923,674.9,9.0
2541,d0ddabfa-daa6-4f8a-853a-6117d3829d50,1013,C0029,20241121,496.57,15.0
2542,35f76857-3ed4-413d-8815-bbe08166d270,1020,C0173,20241124,369.76,7.0
2543,8ecb49b3-8dad-4b63-9877-c9d25928eb9e,1026,C0294,20240817,1567.72,50.0
2544,dc3adc2f-7b0c-4471-b539-4555bcd36455,1043,C0943,20240831,183.66,18.0
2545,177c54f3-3503-44e3-94fe-3e7b8459a18a,1004,C0532,20240710,201.74,39.0
2546,394c3698-3e43-4923-959d-695b64d802bf,1048,C0862,20240802,1227.69,39.0
2547,ef8dda72-1de8-4ed5-b699-2db1ce11acf0,1047,C0140,20240706,1487.84,11.0
2548,d2e90a2d-2b26-41c8-ae70-3319865cb8ce,1033,C0062,20240927,1391.04,45.0
2549,fcf2e1d9-86e4-4470-8d71-0a7c72701299,1027,C0947,20240721,53.64,36.0
2550,a0bdb207-aa43-45bf-9b73-9842f6e4472f,1007,C0512,20240709,683.24,8.0
2551,4b62f956-d93d-474f-8db6-543db2b6b873,1036,C0700,20241124,1148.05,9.0
2552,6b866d8c-891b-44d0-ab85-167c25a09275,1013,C0807,20240614,733.75,10.0
2553,61789193-69b4-4424-8292-df6ce33530b8,1047,C0874,20240824,676.53,38.0
2554,79d9dc18-3d3e-4d59-b39b-038325bdaf0f,1036,C0247,20240830,1339.3,44.0
2555,fc661b60-1bab-4cd9-b4fb-9ed15f281a34,1022,C0591,20241116,968.65,11.0
2556,c45703b3-3d6a-443b-9e01-ab10b767383e,1044,C0946,20241017,1747.89,32.0
2557,45ec9a48-d0fa-4613-9e15-5f49fcdcc93b,1049,C0024,20241027,244.91,47.0
2558,8fbd2412-f319-4e65-a101-e4b6c92ef9c4,1018,C0786,20240917,1430.34,46.0
2559,d1469676-4e3b-4227-84fe-2454b82ee5eb,1024,C0758,20240725,1676.28,41.0
2560,620991f5-468b-4fc2-80eb-dff5ac7f15b8,1046,C0540,20240817,898.4,10.0
2561,3f8cfc49-e89b-4962-ac8b-a62ca411d203,1035,C0837,20240912,701.49,24.0
2562,7c50f53c-9c09-4642-b5ee-090f58ade4c5,1020,C0791,20240918,1596.65,21.0
2563,ad58e4d8-362e-4968-bbf2-83d3426aa415,1017,C0788,20240724,1965.76,14.0
2564,35703424-90af-484b-8a30-d08cd6c5aad9,1016,C0437,20240919,334.91,50.0
2565,7310b79c-33a1-47c1-b887-5da994b715b0,1016,C0752,20240730,1501.86,46.0
2566,131d5809-054e-4cb4-8d4d-283c59b29e25,1014,C0061,20240624,811.83,33.0
2567,63cc8d35-74f9-4146-9c7f-26b2e07385a2,1013,C0043,20241126,1864.06,12.0
2568,2248015b-b583-4585-8c92-df1b842bc99f,1033,C0220,20240711,391.39,9.0
2569,ef266a46-6887-4c22-8c12-f809125d535c,1028,C0864,20240723,132.82,48.0
2570,aa5152c1-739a-4148-9ea5-9114c65d4aa7,1009,C0067,20240705,1264.57,49.0
2571,f3862f43-b19f-4126-9f8c-b97116848f7a,1021,C0201,20240607,1015.07,10.0
2572,9e98db0f-f26e-4e81-ad1a-9d002e14f06a,1043,C0758,20240812,292.17,16.0
2573,08396b55-abfc-4fc6-9cc0-965ef37c7c6c,1049,C0423,20241016,1459.23,39.0
2574,cce714da-b4b2-4d91-a23b-55ffca5860dd,1023,C0723,20241109,1129.08,45.0
2575,32bd1405-47bc-4c67-9c62-5086bec9eaf6,1025,C0333,20240911,401.59,30.0
2576,34694936-8b48-48aa-a3e2-d1003053c0b3,1032,C0943,20240906,1015.07,23.0
2577,9675f270-d438-47a5-b13e-0f7d42cd65e4,1018,C0046,20241001,1031.01,46.0
2578,e84d84a4-faca-4f09-9e7d-c8fd8c3dc58b,1038,C0530,20240712,1049.31,28.0
2579,3416a4bf-98c5-4a3a-8717-526c5aba021f,1002,C0345,20241007,471.93,46.0
2580,e76c5f27-dd0c-4d4d-ada3-25847b9519ea,1047,C0416,20240705,1062.26,35.0
2581,057c5494-05bd-4ae1-ae5f-70d7e0b17cdb,1006,C0532,20240615,1207.28,47.0
2582,a466f9b7-d870-4690-9ed8-12ed91e2a003,1012,C0625,20240831,1839.41,14.0
2583,2e57755e-7f88-4fed-ad40-a35d18836b08,1043,C0425,20240827,954.79,17.0
2584,4a7dcd16-11be-485a-bc15-e4118c3e5754,1036,C0663,20241022,1585.0,22.0
2585,076d9c85-b74c-4704-bfc4-eb2d6e87f39f,1022,C0972,20240928,1848.15,38.0
2586,52013ec6-3fb7-4c15-9efc-985f1704b67d,1045,C0815,20240810,997.64,29.0
2587,a2698637-f30a-4358-800a-30b064e5e8da,1036,C0694,20240829,1484.04,8.0
2588,4f0098ce-dcf0-46da-8ba6-cf03aab06cdd,1034,C0666,20240901,153.34,22.0
2589,98e7d092-e1aa-4a09-85f4-9a246ded7cc7,1024,C0394,20240826,727.61,4.0
2590,5dedb03a-3b32-4439-8a7b-cf8a503ed83f,1034,C0816,20240802,434.74,26.0
2591,3feaaa03-d6e6-4c16-a9aa-fccc11697f1e,1038,C0568,20240728,976.0,42.0
2592,09be7fee-8b66-4c21-a42d-3cdd9121dca8,1014,C0364,20240815,1752.39,31.0
2593,3e63974d-2ded-44cb-8591-5631f36fcbe6,1029,C0959,20240819,947.17,37.0
2594,4c148670-264b-4187-9244-de637a7198c3,1002,C0522,20240907,921.45,4.0
2595,cee3828a-1e7e-41d5-93a5-7f2309094c47,1003,C0881,20241119,1573.53,13.0
2596,2c2fb090-2eb3-4ea7-860d-5762b034d53a,1000,C0494,20240910,1907.66,21.0
2597,ce42050e-eaa6-4da6-b4c0-5d3c38192f7a,1031,C0849,20240902,1331.07,39.0
2598,7f695a02-4682-40b0-a1ff-346f141ec0cc,1006,C0051,20240831,1897.14,49.0
2599,877a5dc5-0665-416e-9d7f-70479efe53ed,1000,C0051,20240724,1560.07,15.0
2600,f79529df-aee7-409c-9bd8-8c9d67ffc9ce,1023,C0515,20240812,320.88,25.0
2601,903ebdc3-da8b-4742-aa6a-d8aa8139fe3e,1022,C0735,20241120,831.04,27.0
2602,617eaa3f-8fbd-41da-a046-c33a7573296c,1011,C0338,20240718,1733.15,6.0
2603,81d6cf6b-4a39-43a7-afae-45b371a88078,1029,C0040,20240823,1091.2,46.0
2604,de09879a-0fcf-4fbe-8775-d80e6b555da0,1030,C0686,20240829,1392.1,18.0
2605,e946ffde-476f-4267-9a9e-7f58cbd3e544,1032,C0910,20240817,1514.9,25.0
2606,6f26d142-07ef-4ab1-a9e7-f027b33468a6,1000,C0139,20240810,572.75,18.0
2607,41afa410-f7ce-499a-a707-a255620b05c1,1013,C0332,20241024,673.94,21.0
2608,836d9126-bb42-4821-a03f-ccf49df4d8b9,1021,C0732,20240622,1683.9,3.0
2609,0c154e04-751c-4506-acaa-1a7bdef3c43a,1032,C0296,20240603,119.87,19.0
2610,22c48c53-7c35-42cf-bf45-0175f76659d6,1000,C0184,20241109,1874.22,28.0
2611,2a26fe4b-16f9-4170-9823-1b81987ff3b7,1048,C0620,20240921,1313.44,22.0
2612,926e16e1-e52a-4bd0-8c91-21ec089e834e,1004,C0542,20241116,1208.63,34.0
2613,d538b2a0-6bff-452f-93de-8c9db1cd95ef,1044,C0196,20240625,1015.07,2.0
2614,e5ec2cd3-20d8-4293-8aef-19ab31a93fbc,1006,C0706,20240810,1636.47,13.0
2615,741661eb-341f-485c-a05e-dc152caf6379,1003,C0653,20240609,459.77,9.0
2616,def610e8-ed55-4ad2-bbad-e7969baafa19,1048,C0532,20241028,925.14,23.0
2617,1314354d-06ec-48ee-b97c-6c79c45b1abd,1043,C0154,20241001,1746.47,24.0
2618,0f62b418-18a0-4a87-8dba-e8b3ea823c80,1006,C0901,20241015,1961.26,49.0
2619,4213f5da-53a7-4a22-b500-cbf7e522532f,1027,C0824,20240603,1995.84,23.0
2620,1d62a1e5-c3b7-4edd-93b8-b58271f5de78,1035,C0139,20240807,1467.93,9.0
2621,068d5898-232e-4914-bba9-5b111fbf393b,1017,C0126,20240731,1853.61,14.0
2622,d47dfee2-b1e4-477c-8c12-507ddd1ba8da,1009,C0479,20240831,729.06,43.0
2623,85a3ac71-76f5-4444-afb8-f3d8fba43713,1037,C0565,20240623,389.28,1.0
2624,68e66001-1474-46cf-b8a8-b02b8253aa03,1037,C0194,20240706,976.99,19.0
2625,42f90723-d47e-47d1-a2b7-ac0f9ce578a8,1008,C0657,20240706,234.78,42.0
2626,2edd6213-c812-4b13-b23b-09bef4a10a16,1021,C0083,20240608,1555.78,48.0
2627,335ba926-3d99-40f9-915e-97e85ba55265,1038,C0045,20240711,820.68,2.0
2628,b94f087f-cbbd-493e-8cfb-97ac706343b7,1005,C0082,20240930,1544.61,40.0
2629,5f2d90fb-50d4-4518-a8c8-6ffeb1929a9a,1003,C0330,20241016,1015.07,50.0
2630,008df537-478a-496a-a45c-df19f3b75d77,1045,C0930,20240825,1015.07,8.0
2631,f3e83f16-c863-4938-a981-41ea5e4c0515,1013,C0034,20240812,555.95,16.0
2632,e976bd09-9e25-40f8-9aa3-6e39798417be,1044,C0565,20240730,516.53,12.0
2633,0dd1ef5f-6889-4ab9-9a80-e744677ea305,1012,C0827,20240821,1594.13,11.0
2634,4eda00e4-af16-463d-ad33-20625b8d1ab6,1047,C0278,20241112,156.54,18.0
2635,dbb706cc-3844-41b7-848a-d937b894372e,1014,C0814,20240924,1799.07,40.0
2636,5ac710f5-01c8-477a-9f1a-41f58ae56757,1014,C0479,20240803,727.0,48.0
2637,54b1aca1-a02e-4717-9875-391146ba3b27,1018,C0330,20240623,1747.94,44.0
2638,b220b36b-ea66-401c-b9e2-fd615d850479,1016,C0128,20240602,317.87,41.0
2639,6bd62e76-d979-4309-ba3c-95a15668cb27,1014,C0757,20240916,881.46,30.0
2640,452383cf-dc6e-48fc-80d5-57217e2bd1f1,1027,C0673,20241030,465.47,19.0
2641,a7409224-8f3c-488a-9d31-f3b46114fc91,1031,C0508,20240817,617.56,36.0
2642,e03a1c0b-0c6e-4f33-8ba0-8cd722429936,1013,C0452,20240627,1848.84,45.0
2643,3679409a-cb93-4f90-8f7d-0fd509a3dbe8,1031,C0570,20240801,72139.19,32.0
2644,69f92596-71c5-40a0-aec2-acdcf499f27e,1041,C0855,20240915,1431.78,25.0
2645,40024ede-3e4b-46ed-ab26-31fb663bdb97,1027,C0983,20240925,1809.9,36.0
2646,1e633a35-1585-4c1a-b130-2e140195b07e,1030,C0047,20240729,1015.07,28.0
2647,8ac377f1-4f71-4ab9-989f-ab6e73084a73,1047,C0965,20240711,534.19,37.0
2648,e8703856-388e-4c99-a661-2d9f522b1b26,1018,C0543,20240730,477.48,19.0
2649,1da21cc2-968f-4ce1-8c51-a46a5dd1251f,1005,C0401,20240623,815.72,10.0
2650,b7ea22fe-947f-46db-ab00-5e569ad5233a,1037,C0819,20240726,224.91,3.0
2651,893f655b-be9d-4ff5-b338-bb5a1fb32970,1032,C0110,20240913,93.33,38.0
2652,5d696d36-f2b2-4015-bddd-8d957cfbf58f,1029,C0519,20241111,1438.57,37.0
2653,52510b95-e73d-431a-bd29-0f36e473bc73,1020,C0936,20240812,932.26,19.0
2654,7fdc9ee4-f602-4474-8f46-443d5e2057b4,1031,C0278,20240926,898.75,45.0
2655,e675ecb5-60b7-4811-951b-ddf66083804d,1010,C0087,20240614,1962.27,3.0
2656,49a7cbb9-d303-4e78-92d2-4693a006d816,1039,C0629,20240812,502.81,2.0
2657,53addc9c-1de3-4716-b5b2-9f53c31aa734,1020,C0533,20240816,1648.74,50.0
2658,4fc91dbf-b0de-42ab-a531-f8bda82634fa,1004,C0361,20241117,1611.78,25.0
2659,235a0629-8605-484c-88a4-d69b7d39cdc3,1046,C0756,20240922,786.49,31.0
2660,bacdf423-aed4-47cf-8507-3fc3a38f1e5a,1002,C0400,20240818,1015.07,2.0
2661,c68c07fd-3767-4ab6-bf98-9fcfceccfdc2,1010,C0085,20240808,1306.78,38.0
2662,4274c176-4fe3-49e6-9b56-3a40ba7cb301,1028,C0219,20241027,160.9,23.0
2663,534426c7-8ae1-45a7-86d9-2a22c9d91220,1002,C0318,20240924,303.67,42.0
2664,725a00bd-7d9e-4510-99e7-2d3014d41ce1,1011,C0613,20240801,948.42,29.0
2665,7f617afe-d1f0-4ed4-8617-8b982bc10c47,1037,C0482,20240722,586.3,32.0
2666,badacfec-1aa8-4109-a676-2171b0decad9,1031,C0822,20240809,1856.0,2.0
2667,8542ea7a-99aa-4abb-ae28-70e0f55d2c78,1049,C0555,20240723,990.95,48.0
2668,338d57a1-6c57-4291-b106-0123789afe42,1004,C0372,20240903,1929.96,33.0
2669,aaaa6a08-4280-4068-8d40-4783506b1059,1017,C0201,20240929,1523.55,18.0
2670,4c5b9352-cb95-46fe-9c2d-055eab75b965,1004,C0125,20240602,1015.07,18.0
2671,258ddebc-6fe8-4239-aa4d-9a2a03698a75,1037,C0940,20240607,620.42,5.0
2672,83a7d47e-9a56-409b-9f19-593373e113b1,1022,C0773,20241003,476.1,5.0
2673,c6e2dafb-89c2-4df3-8576-b7099f0b307d,1049,C0673,20240622,1740.88,19.0
2674,a8dbea4d-4ee8-4fad-a8a5-c7c211314263,1006,C0822,20240602,394.44,29.0
2675,14454c9d-1019-49b6-b178-84894cd2350a,1041,C0871,20241015,1583.54,40.0
2676,7b65e195-fc79-42fe-8203-3e5ea29e966f,1025,C0858,20240901,441.28,8.0
2677,229e257a-2a21-457a-9c8d-edee9223ecd4,1001,C0404,20240721,1285.28,17.0
2678,f65adefb-14ed-4653-b79f-70a770ab3d60,1003,C0526,20240610,393.61,34.0
2679,bd21edee-ea28-4ec0-9fff-1b210e6885d4,1028,C0357,20240911,1146.94,8.0
2680,9ee55566-85bc-4845-bf02-b993fc780a1c,1002,C0684,20240707,1860.64,1.0
2681,21b5b69f-89d9-4294-8661-0a004484e645,1016,C0856,20240827,1230.79,28.0
2682,27c0fa23-38c4-4475-ae9e-1385ed394c4f,1047,C0658,20240729,677.51,39.0
2683,0e0962b2-445c-484c-8dcc-d2f37608b839,1034,C0120,20240711,315.93,24.0
2684,7fb17f9f-f00c-4be0-8b69-0991708c9766,1037,C0030,20240805,548.46,47.0
2685,53081502-186a-429e-b221-387fff9033bf,1046,C0717,20240831,1678.33,34.0
2686,fe86510a-1d40-4f75-b5e2-d1682d3e31bb,1011,C0142,20240908,1662.66,16.0
2687,eab588a7-ece1-47a6-89b4-9f1925190fcd,1018,C0640,20241104,1574.18,24.0
2688,71d5fd6b-577a-4ed7-bd9a-98d8b8bda8b3,1024,C0977,20241122,134.9,20.0
2689,4fd4f559-f1e4-489b-82fe-63df2f1e5e82,1027,C0746,20240618,1962.01,7.0
2690,745ffbaa-b4a2-4b0d-b771-b7eacc2391df,1009,C0380,20240714,1456.39,1.0
2691,4e0b5a5c-d6b5-49b9-8e79-3d046ed42164,1036,C0254,20241003,1145.75,31.0
2692,4d58e4b4-11c5-49f2-8989-141f522e80db,1012,C0740,20240908,769.96,26.0
2693,f34b0d7d-523e-4f59-a2cb-92769edd166d,1007,C0326,20240903,1483.37,23.0
2694,67dec7c9-5c16-4962-b720-51ea739326fe,1013,C0952,20241102,1059.3,45.0
2695,599309ec-331b-43b2-8fe5-f00b4e750a70,1038,C0006,20241025,1719.53,48.0
2696,2a74fc3e-8972-4e19-a1ed-242dadd55b50,1004,C0114,20241008,963.13,47.0
2697,ed0f8ec3-044e-4d32-99ef-8dcdc75b9fe7,1047,C0121,20240824,1280.5,18.0
2698,69d18038-6df4-4fd5-abfb-53b6f1a7a06a,1042,C0101,20240622,1257.93,6.0
2699,06dfd08e-164a-419e-b92d-bb2e1c48070a,1020,C0230,20240924,1159.05,44.0
2700,77a037fe-a1c6-48a5-a243-243d45a79dae,1016,C0652,20240825,1422.52,13.0
2701,707d9382-fec9-4485-a231-8d05f636fe43,1016,C0437,20241115,1793.67,21.0
2702,7325eb21-1dce-4508-9939-fde1226065fd,1047,C0534,20240730,445.49,33.0
2703,7587a675-c4b1-4809-bf12-eba81cb665f7,1041,C0744,20241029,249.35,49.0
2704,0497fd82-2cd0-44fe-b470-09b9aa8cb2e8,1021,C0810,20241018,1367.29,40.0
2705,8453defd-0f92-479c-a34b-7585f5dbfde1,1049,C0499,20241020,198.17,23.0
2706,25cca65a-f449-46e5-87ea-73a633a8b412,1008,C0292,20240608,1954.81,30.0
2707,a95c2c05-900f-4a09-83f9-13ba364f3ead,1013,C0593,20240911,1015.07,30.0
2708,01765396-76e2-4d13-8662-fa48e74ae801,1041,C0084,20240730,1015.07,7.0
2709,378d43bc-c7d6-4e3f-9562-f685b416b803,1008,C0023,20241018,1040.27,42.0
2710,cfc308b3-5d5b-45a9-b06f-f2458577efd3,1034,C0511,20240713,1497.26,20.0
2711,ec4ea504-5573-4a33-ae11-83a9c46d2389,1032,C0378,20240912,1200.36,17.0
2712,28c65569-c9a7-4792-bd07-47c481052ab9,1016,C0919,20240914,993.89,44.0
2713,3ec1690c-a3b0-4d2c-b4d7-77db52f3dbfd,1020,C0235,20240615,332.79,24.0
2714,58b3152f-ae5e-4d5e-a03f-91f02c7d42db,1011,C0822,20241022,557.59,15.0
2715,e5ed7d65-7c9b-49b8-a44b-871ad3968f61,1002,C0773,20240930,775.93,32.0
2716,4aecb841-3921-49cc-9875-bda9d60a4717,1001,C0005,20240615,965.79,27.0
2717,de4cec5c-b1dc-42fb-ba30-5a5421367c81,1019,C0653,20240716,331.63,41.0
2718,281f1957-f296-47ef-9d63-c897667d5bc5,1008,C0650,20240924,1357.67,47.0
2719,9b919106-dc04-45e4-932c-5c644ac3f43b,1010,C0288,20240811,72.96,22.0
2720,022a8450-3ff2-4d56-a49b-0540bff16568,1042,C0065,20241015,1830.77,48.0
2721,8faa5139-5363-4c16-9c6c-b8b8d19b23a2,1029,C0052,20240611,194.03,48.0
2722,d4a7b5d1-ff8c-4522-bbbc-3b74e97db17c,1029,C0846,20240910,1458.02,27.0
2723,4040257c-6665-43a0-a4ca-bcad1c7f0b2c,1011,C0200,20240602,1612.11,43.0
2724,f753f3dc-7a4c-411d-a857-66bf10860494,1025,C0538,20240806,717.37,44.0
2725,9b53d30f-e2e7-4afc-b743-32dcebac134f,1001,C0301,20241003,822.21,43.0
2726,85e63625-401a-4c87-97a6-3a761417a7c8,1021,C0500,20241025,1579.59,10.0
2727,cfaf483a-beff-4be3-a1f0-fa878dbd6af3,1037,C0031,20241020,1015.07,40.0
2728,67b4ef74-9a4c-4211-ac94-12229621e792,1040,C0146,20241009,1359.95,47.0
2729,776f1381-f3fd-4805-ada4-63bb34878faa,1049,C0771,20241117,1996.26,18.0
2730,1efb277a-3de6-4a42-8016-9a980bed5e57,1002,C0063,20240620,1756.16,46.0
2731,c328f967-26f7-4d13-8214-1a565b71a578,1003,C0829,20240612,189.16,49.0
2732,60b5698e-f1ff-4bac-958b-f9ee24906446,1017,C0635,20240917,633.12,19.0
2733,21a3c73f-72d9-4405-8f25-27bc79505d93,1019,C0158,20240912,1996.91,22.0
2734,cd5a1404-5af7-49fb-8e17-15231dc14a8c,1012,C0611,20240920,623.7,36.0
2735,696cab1b-5587-4e51-bf62-ff3c54ac99ff,1018,C0532,20241119,1568.25,17.0
2736,845dabae-18ba-4af6-a54a-5cd6399d84cf,1009,C0640,20240910,1887.01,10.0
2737,11818df9-deb4-4a1e-b411-306966b74a5e,1041,C0341,20240704,1578.1,32.0
2738,257d5583-234f-47f6-bcc8-ee96d45168e1,1011,C0518,20240906,1230.73,40.0
2739,d844480e-e719-45b0-b0ee-5af17c92af09,1005,C0671,20240806,262.32,16.0
2740,60afbfb8-1e2d-493f-8434-bb0c1f66a39a,1022,C0549,20240828,1523.43,24.0
2741,7498f0ea-8368-4b86-b1fd-e337e08e7c06,1041,C0546,20241111,581.57,37.0
2742,d4837aac-c1dc-405d-8792-35d5c3daeeb8,1028,C0892,20240706,848.81,18.0
2743,d2d2f80e-23b9-4853-9813-fd6c578c3863,1037,C0596,20240901,888.57,12.0
2744,b46e7559-17c9-46b6-b6d0-1059a3a5abe8,1027,C0583,20240713,1029.03,31.0
2745,eb28d0de-dfe9-4038-8df0-14cdb8c1452b,1004,C0933,20240723,757.42,28.0
2746,61845614-9612-40c8-9f7d-fe4e2a74da77,1032,C0349,20240730,1959.93,6.0
2747,2746f770-76b9-40e6-aa02-a9b29ffa3a52,1042,C0306,20240821,332.26,15.0
2748,07340343-9cf9-4529-b43f-3f2e598d22db,1022,C0502,20240806,1393.36,6.0
2749,3890c911-dbee-4833-9192-cf766fd33e2a,1014,C0650,20240913,908.34,35.0
2750,601ca45f-44e3-4224-aa13-f55147380fba,1040,C0561,20240624,1401.08,34.0
2751,ac0823b4-c4dc-4e59-ab6e-32501990a723,1017,C0066,20241030,589.88,1.0
2752,12dcb92c-4ed5-4079-a915-4a3dc3d35036,1025,C0899,20241026,1336.4,5.0
2753,e38ca4f7-04a8-4946-a067-2b522c03d319,1026,C0766,20240602,874.25,15.0
2754,83934707-ef97-4889-858b-59cbb19e15d9,1042,C0643,20240822,570.18,23.0
2755,2a13cec4-1a3d-4347-9334-e097df4f4c5e,1008,C0258,20240919,1015.07,3.0
2756,2292a212-3b51-4970-8315-1552bc2c0ad2,1035,C0551,20240912,1022.6,17.0
2757,2c948bba-062c-467b-888c-374e8d55afa9,1031,C0517,20240815,96.04,29.0
2758,2745fb74-69fd-419b-8cb5-b1092f6f564e,1038,C0654,20241002,1388.99,41.0
2759,80119c24-9831-43eb-b56d-0abd65ef04b1,1026,C0416,20240720,816.43,37.0
2760,7de900e9-91af-4373-a25a-e39c48fe7e7a,1012,C0406,20240901,1986.26,14.0
2761,0c960c0e-3a7a-4477-adfa-586a665fb944,1027,C0835,20241122,1127.34,12.0
2762,af776d44-488d-4d06-a39f-c9bab24f896b,1010,C0685,20241101,575.58,34.0
2763,b021c49d-ff70-4341-9736-244ee6feeb29,1025,C0053,20240804,1090.29,18.0
2764,36f2442c-3270-4a39-b9b5-6216d132e9b5,1002,C0888,20241109,906.21,5.0
2765,c364b618-b77e-48d4-865e-a55ca63453fc,1007,C0802,20240721,964.1,24.0
2766,fbc072aa-6db7-4fc3-95a6-bcc2506484df,1039,C0826,20240624,563.62,34.0
2767,d205cbae-a387-4c0a-8366-c9c13843cb83,1041,C0025,20240624,691.46,20.0
2768,c8635467-0b2a-4c29-8aa5-154261fecc7f,1015,C0376,20240731,1815.76,42.0
2769,46cde7d0-c19c-4001-a271-6bc6690a1e72,1014,C0081,20240615,1166.73,29.0
2770,1463393c-aa07-4ee9-a6cf-4061a92eb12d,1043,C0603,20240910,523.92,16.0
2771,a90a3636-e753-4d20-a212-3d69077f07e8,1022,C0981,20241114,784.77,8.0
2772,18cda9b3-f90b-4cb6-87f7-1b2982b2175a,1019,C0290,20240831,637.23,38.0
2773,d2f74b61-47c9-4685-bcf7-7c1af30d4aad,1049,C0023,20241003,1958.83,47.0
2774,03274e60-3b65-4ef6-9f70-db8e2aed9b84,1008,C0273,20240902,555.96,4.0
2775,f7101b0d-7ee3-4bc7-b010-75a261b6b139,1037,C0123,20241024,427.85,31.0
2776,e699d958-a232-4439-8de6-27cd93d945ef,1044,C0094,20240922,1541.49,14.0
2777,4989af68-b42a-498d-82b8-672b1033fe57,1011,C0285,20240614,297.87,8.0
2778,69d9e928-5a83-4ccd-9705-5484f976294b,1005,C0616,20241025,330.48,20.0
2779,da99fa1e-f0c8-4e06-b5c0-1f0dad88a22b,1024,C0547,20241001,1752.15,45.0
2780,eacad18f-bfa5-4b99-870b-ee9271a4f6b6,1010,C0571,20240916,118.2,25.0
2781,fab9c115-cf95-462a-8692-9ecd324b47a0,1007,C0846,20240602,1986.5,24.0
2782,037bf41c-4a89-4fe2-b321-47c66adac322,1007,C0443,20240713,571.54,50.0
2783,0577aed6-7edf-4613-861e-4240af53dd1d,1039,C0051,20240909,1205.86,18.0
2784,e3aa4946-f116-48cb-9b98-0e5bcb5916e4,1019,C0858,20241022,696.21,39.0
2785,dd2fb4c4-6f06-42c0-8617-44d1cbd94817,1030,C0158,20240910,1185.4,34.0
2786,25ba7d01-0c14-42d5-8aa2-7216016ce747,1033,C0858,20241003,609.95,8.0
2787,22433f52-0a3e-4abd-bc45-2fbafcbc50f7,1028,C0767,20240613,1015.07,24.0
2788,aa66fb5f-f2a1-46e6-bc4e-290cfa6c5109,1025,C0085,20241022,1015.07,28.0
2789,9889d68f-12a8-4e95-8ec7-b8ef225500a2,1026,C0164,20240706,250.87,31.0
2790,26d1280d-8695-4692-88d4-a07a6be01fd3,1043,C0780,20240917,89.78,15.0
2791,abb77d4e-538e-46a8-9031-685097fd5a13,1002,C0177,20240719,527.82,41.0
2792,fefd755a-e319-4eed-8ac4-274c36bc3fdb,1009,C0238,20240610,1199.95,19.0
2793,2c799561-aa99-48d0-9fb5-5cf29a738d9e,1048,C0880,20240624,841.41,24.0
2794,6b722537-cb44-4930-b11c-bdf68d4c03f2,1013,C0254,20240815,1480.18,50.0
2795,99694d8a-65e9-4a6e-b1ae-0c25d6221d72,1000,C0749,20240919,512.69,38.0
2796,967e13ff-ac1c-4d9b-b7fd-77ba01064548,1045,C0728,20241115,389.73,19.0
2797,557e7029-aa87-4881-bd80-fd36dd37b679,1030,C0677,20240814,1971.16,43.0
2798,64894bac-708b-47e5-86e5-bcf15a52bb03,1004,C0160,20240721,1378.64,17.0
2799,6f6950bf-68a4-4227-a11d-6e9e9766b76d,1001,C0437,20240726,268.45,10.0
2800,7f8b8ce6-fa8b-40a5-935d-5e424a4c1604,1016,C0755,20240728,1001.01,40.0
2801,4ae85025-5c88-458f-969c-32d5dd1aa6fb,1010,C0174,20240910,796.43,26.0
2802,53cce301-8cba-4eac-bc55-40aa1a640404,1010,C0323,20241119,1925.55,14.0
2803,8654d2ef-ce65-470c-a836-47fade8850d7,1015,C0190,20241109,153.04,8.0
2804,26359cc0-f4a9-4767-94a5-b8f5ad6b3bab,1022,C0883,20240607,648.71,43.0
2805,3c4f3c83-fd17-489e-95f3-ce0317ed44ac,1036,C0692,20240816,358.51,8.0
2806,525eb8ad-50e6-458e-ae58-95bc1ce81eaa,1029,C0436,20241002,1015.07,43.0
2807,fc7b6741-9516-4f97-92c9-23077b050a97,1019,C0993,20240801,1263.73,50.0
2808,0e1bd833-44a7-4da9-8b84-02da78d0cf4e,1014,C0206,20240816,1580.98,25.0
2809,120ef184-f279-4b8c-8dc3-4ddff08cf165,1009,C0777,20240725,535.6,16.0
2810,8d6cef93-2d16-4318-8e1e-82113f6d6e66,1029,C0174,20241012,1906.27,40.0
2811,2c3ef800-6e06-4bbf-8579-b72cc680a951,1010,C0758,20240601,1761.41,2.0
2812,9beae113-a646-4539-a50a-fdd67e9cdb2e,1009,C0598,20240903,533.68,11.0
2813,39374441-512b-4707-84e6-1a63a0ae9c2a,1013,C0301,20240831,567.44,48.0
2814,d0e281ab-2ff4-484d-ad63-fbaf34008cd5,1041,C0694,20240814,632.12,9.0
2815,ac8ca1f5-7c07-471b-a963-615313343d79,1008,C0304,20240728,544.71,41.0
2816,db21d4bc-f1e6-4c58-8c2d-8451291cb260,1022,C0319,20240930,150.19,24.0
2817,62a9467f-9ce2-4604-b4cd-b05c62394e99,1046,C0745,20240711,1535.87,14.0
2818,b879db04-2b63-408f-8944-b037e0f65023,1029,C0529,20240715,438.1,6.0
2819,fa3440b8-6507-461a-b2a8-85c09153c88a,1048,C0430,20240820,1505.11,11.0
2820,ba28a8a1-e541-4259-8b60-86be3ec0169e,1042,C0161,20240729,1279.14,13.0
2821,6e9a2b20-598c-41a9-b835-b8b55709a1f7,1032,C0877,20240709,271.74,11.0
2822,9c9b56b7-456a-46ff-8442-f70a604954e6,1034,C0891,20240725,858.3,12.0
2823,10b7a88c-1b9b-47a9-8a53-c15b4277094a,1027,C0837,20240811,39702.15,40.0
2824,57137325-8d06-4406-9b98-a28625b0630c,1027,C0389,20241031,1015.07,26.0
2825,9aa48745-2741-4237-95d5-8ebb60eefc30,1010,C0393,20241117,343.12,8.0
2826,a8d17dc5-84d6-433d-8e8d-f841f1ed1602,1048,C0885,20240812,1125.81,9.0
2827,bc020b9a-28f8-4835-a6a1-29e10d725bdb,1014,C0635,20240803,74.61,42.0
2828,bcdadedf-e50c-4abc-862e-dab178364493,1039,C0903,20240618,1567.76,4.0
2829,164b2c62-e0c9-479a-8238-3d7b047688aa,1002,C0731,20240731,188.19,22.0
2830,2fde511e-497e-417e-9965-dfacb1680401,1036,C0458,20241024,231.59,8.0
2831,e56bff6a-42b9-4e88-8e77-616ac683ac59,1000,C0571,20240612,372.51,15.0
2832,bee86ac4-2999-4209-8562-b69e8be6c9b0,1008,C0062,20240928,415.78,34.0
2833,cbae0895-38ee-4822-9464-9ad598241bd2,1005,C0523,20240828,1450.95,2.0
2834,9bb4b615-d70d-403f-aaf3-3ac6b1725830,1009,C0626,20241003,1176.2,41.0
2835,956b235b-0f9f-4d23-b4e7-b5f1839a0705,1028,C0835,20241111,1894.07,7.0
2836,66dfd1da-7b01-4b9e-bdfb-c416362aad57,1045,C0617,20240809,1224.72,14.0
2837,4640542b-6c4e-43d7-ad01-efc1149acef3,1023,C0087,20240617,420.23,11.0
2838,6e92dc2d-a792-4e3f-9fcc-a61eed8075d1,1000,C0251,20240814,558.17,11.0
2839,792edc60-fe6b-47c0-b156-1c31c0cf43fd,1047,C0959,20241103,1699.03,39.0
2840,fec7296e-1074-4226-b799-9f7383676332,1022,C0966,20241028,753.47,49.0
2841,8df179e7-8a81-46a5-b59a-12aa36e5babf,1002,C0837,20240716,168.66,2.0
2842,808044b9-9709-4c91-921a-fd9c7f502888,1013,C0462,20241119,1929.33,40.0
2843,0a685e45-9a88-4b48-828c-e7f55ac090fd,1014,C0134,20240912,1015.07,29.0
2844,6af5fb84-4e43-4414-b9be-b6d08bcac94f,1001,C0703,20240914,890.79,50.0
2845,1689c93e-178d-4e73-9f3b-1f712236b26b,1036,C0677,20240718,22891.41,43.0
2846,d8ac3a28-82ac-4b51-b6d7-c091e0187bc3,1044,C0585,20240717,89.62,47.0
2847,754e3c97-a933-4a9a-816f-412f7309e009,1032,C0025,20240703,328.86,4.0
2848,dbaee8f2-3b53-4a06-a73e-cd850d7f2434,1048,C0485,20240816,1264.69,25.0
2849,51ebf3bc-9626-4b32-b4d9-d3760ea5077f,1006,C0065,20240824,452.31,16.0
2850,c755c4c2-5e69-4b7a-9c79-939b85e881bd,1029,C0263,20241118,544.4,16.0
2851,0dc1bad8-7101-4c6f-95c1-796289aa16a2,1028,C0673,20240906,710.32,25.0
2852,43827bf8-6b94-47ed-827c-21a0571f9e22,1043,C0937,20241105,1251.11,14.0
2853,a7164630-63fe-4116-8036-5d88af4a2c85,1036,C0893,20241114,664.84,24.0
2854,bbe5522b-ffbd-46bf-986d-266f26e71f4b,1037,C0264,20241111,1367.36,47.0
2855,93e1b4a6-0342-4682-8ea0-ce200bd5f906,1008,C0156,20240810,1379.08,23.0
2856,6309d97b-a569-47fd-a5ea-bc1e189fe7e8,1026,C0288,20240711,1873.74,31.0
2857,d5b63e6b-22ba-4924-8807-8114b74dc5c2,1006,C0347,20240808,1675.21,33.0
2858,2c4cd92a-a9e5-4e5b-9aa3-61f86cc4451d,1021,C0411,20240610,312.3,27.0
2859,02bc1b3f-bf37-45fc-8dd9-8326fc6d3b92,1039,C0553,20240611,1599.49,17.0
2860,79c43e42-f653-4c34-9ed8-610fe8b8b182,1012,C0091,20240625,1652.13,48.0
2861,9e2f06a0-5086-46d8-a0f4-144cb250876a,1016,C0654,20240616,864.49,39.0
2862,059519a3-6d04-424c-a854-b5f52f0439d9,1038,C0918,20241126,1741.88,48.0
2863,cce3ce0e-252b-4790-b18c-9f182532aa8d,1004,C0114,20240912,1828.75,30.0
2864,813afa37-f8a7-4a1a-8520-ee4616e9ceae,1026,C0380,20240902,55214.75,16.0
2865,dd63e990-cc9a-4a7c-a831-34a06837dbd1,1024,C0363,20240817,917.68,8.0
2866,1e2fcbff-f8a2-4307-a7ae-df0f380b8202,1040,C0985,20240926,124.28,26.0
2867,9b340740-9323-4782-8fc3-d093972d790b,1007,C0971,20240621,1561.88,18.0
2868,44d89716-11cb-4cd1-ae29-f58907deefce,1045,C0249,20240620,1489.33,4.0
2869,f62c8921-5daf-4edc-bd39-e44ffe1582af,1001,C0469,20240916,689.71,37.0
2870,e75084c3-4b29-4cce-b43b-b02e3da16844,1021,C0583,20240617,1986.41,41.0
2871,b28c291d-5cd6-4060-a4c3-a10621e42f8a,1003,C0617,20241009,1171.93,12.0
2872,05b96766-f43b-4b6c-a419-be97fdd911ee,1018,C0016,20240923,1727.59,25.0
2873,23cc3e00-c95c-4c04-92a4-4f872e8e77dc,1017,C0182,20240629,1015.07,41.0
2874,a2d86664-dd22-4435-a2ec-b9eb46a73ae1,1007,C0995,20240805,903.82,44.0
2875,2713b019-7b76-4dff-9a40-c4f5713e7ef7,1028,C0315,20240603,1336.86,12.0
2876,5423238d-dc62-4a89-a716-974b93b1d77c,1035,C0467,20240720,655.23,34.0
2877,e952f679-bf01-4442-aaa4-210e2314abb2,1030,C0435,20241112,712.29,5.0
2878,823f13eb-26ca-4001-98c7-c992b98feed6,1011,C0151,20240605,1716.94,5.0
2879,1b99122b-732d-4ba5-8be1-61488f7d3f83,1024,C0086,20241101,770.6,45.0
2880,6c5d0ca5-efa4-404c-b979-841f1d05a712,1024,C0068,20241115,888.78,7.0
2881,3a6c2ab6-11f9-49fb-abe4-65dc76b2674a,1020,C0990,20240825,1671.37,21.0
2882,521cff30-9e45-4d9a-ac71-5bb2997e32d7,1007,C0067,20240712,789.09,36.0
2883,9516984f-1727-4ed9-b3bb-b481bbbe65f9,1017,C0809,20240622,20634.53,29.0
2884,b6bdb6b4-c3cc-4b65-b8be-96e59eb86aa4,1037,C0922,20240723,1179.87,4.0
2885,2c3cd0a7-1aa3-44ec-9c86-62237c92dcf7,1012,C0646,20240911,1735.41,17.0
2886,b4c1b5b9-df87-4f73-90d6-5dc0212398fa,1022,C0253,20240719,1973.28,27.0
2887,d90e10c2-94ce-4705-84ec-29cd58960b30,1003,C0287,20240921,166.13,26.0
2888,b1a86249-f849-4833-a73d-6d8940399dbf,1031,C0163,20240701,496.01,27.0
2889,54742671-15de-4262-91bb-7c98757ac0ab,1037,C0893,20240826,1217.58,11.0
2890,873b26c8-2358-40c8-b366-d4e35201c4d6,1040,C0862,20240930,37745.85,36.0
2891,8a46e826-64b5-443c-b1e7-ed54a1cb497a,1046,C0723,20240620,697.18,26.0
2892,2a855f45-9043-4b0d-8f4c-bf7bf8e3d532,1044,C0081,20240723,1946.89,11.0
2893,458d290c-a686-4409-8892-602a65e02de6,1027,C0523,20240902,899.01,6.0
2894,64eff395-b14e-47cf-add5-602a4f6cce88,1015,C0758,20240914,568.14,27.0
2895,1a8c178c-b160-4457-b3d6-5ddc315bae5e,1008,C0560,20240830,1619.92,30.0
2896,9836bbfd-70b5-490f-b372-cedcd37e71fb,1012,C0138,20240715,1005.88,46.0
2897,5ffbde5f-e288-499b-b3ff-d26a225d05a6,1024,C0747,20240930,1015.07,7.0
2898,2eac4a37-431b-4c9b-96a0-24714e50ef49,1048,C0254,20241010,1500.43,3.0
2899,54b5e7e9-87b0-4ae1-9fd0-8bb97a3e8f68,1046,C0343,20240908,1674.05,29.0
2900,077bee67-988d-465d-89ea-8a7b13cf9c13,1034,C0143,20241116,1015.07,41.0
2901,ab4cc0c0-b8c9-4a48-9bf7-c218e3fd2291,1009,C0419,20240916,1680.36,26.0
2902,73c9eda8-7a4c-4875-a515-e173a69b8991,1014,C0891,20240611,1185.62,44.0
2903,396c9185-1795-4ef6-a365-c8ce2d3ad373,1010,C0084,20240814,661.54,41.0
2904,1d63c75c-9c3a-4344-af22-3fd5c0773d70,1041,C0439,20240720,1889.99,26.0
2905,5aa1d50d-0d54-46df-af81-ad1fa69e29ad,1042,C0965,20240622,1084.36,17.0
2906,d7ce611e-1c5c-4fb4-ab75-3da198d09f97,1008,C0164,20241108,1718.55,48.0
2907,f8ab8a03-022e-4c47-876c-fb0c22248889,1043,C0520,20240813,1641.66,21.0
2908,91b867c7-6be9-495f-a842-02d91d5fd779,1034,C0669,20241128,563.29,6.0
2909,ce724594-4ef4-46e6-8b64-77ae849ff97d,1017,C0503,20240616,790.4,8.0
2910,b4f3c748-442f-45cf-a6a4-88f65cde23ef,1032,C0183,20240808,448.53,25.0
2911,a1e79526-3254-4267-a01c-aefa4b835439,1018,C0463,20240610,351.6,38.0
2912,e9bdf597-1b7f-4e5a-aec3-3f301c4f2d90,1024,C0641,20241016,490.46,20.0
2913,9645260a-a706-4df7-a5dc-2561fd2a3c91,1011,C0331,20240914,1015.07,6.0
2914,cd5e4657-659a-473b-82e8-208be57c6258,1035,C0571,20240927,1884.59,18.0
2915,a40effa1-5bf1-479c-8fa4-9cf8e96c9778,1033,C0380,20240920,1015.07,8.0
2916,20c4927d-9f2e-4752-8b74-7f60760eb8d6,1024,C0332,20240601,369.83,36.0
2917,49e3177a-585d-4971-a3c4-e4653a27f9f3,1018,C0685,20240716,1502.24,14.0
2918,cbb64c3e-e5b7-4a03-84cb-fd1973014016,1030,C0219,20241024,795.8,41.0
2919,9daa635e-680d-4686-96b3-a7af3827e9e8,1018,C0242,20240823,512.32,36.0
2920,d7f5ff91-1ea3-4f1f-92bd-9d2e30102582,1033,C0775,20240713,204.1,32.0
2921,8b549aea-171f-49d7-93e8-da8c7e586774,1014,C0519,20240620,117.95,47.0
2922,a869d55a-ead5-46d0-982f-19cf25b7f69d,1047,C0861,20240602,689.02,25.0
2923,58f5f5b4-ca46-48b2-bba1-19722babe482,1031,C0543,20240702,1015.07,49.0
2924,71d7fc54-3ac8-41c0-a1db-a1c436f11dea,1022,C0332,20240601,1770.43,10.0
2925,3efe73ef-64de-4ce6-b66c-f48b0cdad551,1038,C0992,20241119,339.5,37.0
2926,29cbc385-6196-4bdd-8224-e30aec27d528,1036,C0026,20240716,840.11,19.0
2927,e8d7aef4-c4cd-4a57-b03d-cd715493ebb2,1034,C0999,20240912,1273.43,7.0
2928,160e89ac-aa67-4dae-8c71-9d7a3710c0d1,1006,C0980,20241028,271.03,20.0
2929,0b85dbc1-a7f2-4053-ad82-d379dfa3702a,1023,C0063,20240707,1139.83,50.0
2930,ae4cd438-5f72-4b72-9887-39a55062359f,1018,C0480,20240818,600.42,43.0
2931,d1de8203-c878-4fe8-b1a6-48ebdb8fc2e0,1032,C0678,20240614,1015.07,38.0
2932,0b4638ac-ed85-4a0a-8f5f-66a61d0eda7c,1013,C0087,20241120,1453.58,34.0
2933,54f52d08-2212-454d-8486-ff33c47bcd12,1021,C0531,20240812,1015.07,12.0
2934,8579d50f-c054-455e-88eb-75ce24b01e20,1016,C0571,20241111,681.11,1.0
2935,ce6f9a21-ad7d-4267-be34-df6dd93add93,1003,C0048,20240811,1475.05,25.0
2936,67fe50b5-3acc-47e9-a5f3-702a43450580,1013,C0985,20240614,824.48,20.0
2937,4ac7b4d4-c7c0-4016-a23f-f80d928a8917,1006,C0378,20240910,484.1,50.0
2938,e3d81213-ab19-440a-bb10-58a8d2b062c7,1042,C0602,20240630,1015.07,26.0
2939,3ac10e76-7d65-43eb-b52e-67db088f02ae,1047,C0437,20240713,57274.48,28.0
2940,6c6ef321-f5fd-44ea-8fca-866cfccf530b,1002,C0855,20240703,1784.81,38.0
2941,ae860bb5-eaeb-41a6-8acd-25e566287eea,1034,C0250,20241031,923.97,42.0
2942,fa5bedc8-53b7-49fb-972a-be2f82a5bd3d,1015,C0360,20241014,480.26,27.0
2943,e751a2c1-0718-422e-b4d1-707654032929,1006,C0091,20240729,242.58,16.0
2944,bfdbded5-73f4-431f-9b4a-e50aca1e2cbe,1035,C0312,20240721,661.34,40.0
2945,37daba56-76fd-428a-a95a-0ca87fb1cb85,1012,C0574,20240629,1525.17,23.0
2946,1043c7f9-50af-4e92-994e-da540da03b79,1001,C0966,20240711,115.92,40.0
2947,fb905bd6-3710-49d3-aec8-4700fdfe8922,1026,C0090,20240805,116.98,11.0
2948,8c305d07-e90b-4cc7-b0ce-67beea376157,1020,C0695,20240628,1670.5,2.0
2949,d4f1ccfb-9a51-44c6-9b7a-057853d16813,1030,C0058,20240923,1841.21,40.0
2950,348bf88c-94de-4a6d-bd16-ff5d8b187c50,1032,C0658,20240814,1845.46,25.0
2951,ffcf0a76-e7e2-47f7-8b00-609fbbcb740a,1044,C0256,20240617,1337.67,30.0
2952,d840feae-38ac-497d-87ec-b2f374b42d2f,1048,C0405,20241113,1260.55,9.0
2953,60b30616-efcb-4c70-b46e-e929dfcf9158,1043,C0030,20240802,1143.42,34.0
2954,8276b81a-5641-41bf-9fb9-07bd4baf52da,1017,C0886,20241102,615.13,3.0
2955,24e24a1d-ce84-4b86-80b5-0cbea412a7f1,1000,C0972,20240805,1015.07,49.0
2956,4ccf8e4d-cbd1-48b2-a31e-0d09ee4137d7,1031,C0357,20240710,744.07,42.0
2957,127dcfb6-cded-4d04-b7f0-559463e0c7c0,1026,C0228,20241110,1246.14,28.0
2958,c54d0ad7-b7e6-4093-876e-1be05aa22052,1018,C0631,20240927,1015.07,48.0
2959,09bc9b23-6c00-4a2e-a6e4-d51c45664f1d,1018,C0504,20241013,1049.51,15.0
2960,a6ccf1b5-3ed0-4ec5-adda-ec037a287d73,1006,C0111,20240625,461.28,42.0
2961,3143b1db-a8f8-47f2-804d-1374b7ab44c1,1048,C0746,20240706,1085.21,26.0
2962,2c172d0d-e868-4322-be75-e24526c7f8db,1001,C0007,20240823,1635.8,1.0
2963,cfaf529f-5da3-4f23-9e31-46c67eab3305,1034,C0826,20240605,800.06,22.0
2964,e1fd0a3b-e4a6-48d3-b8e7-34b512650fda,1019,C0231,20240726,563.43,26.0
2965,1f8bf76f-1bc9-4b51-982e-c7eed2588ac8,1047,C0897,20240725,1208.87,45.0
2966,1a07b728-e959-4f73-99c0-9a454b2197bd,1019,C0142,20241119,1260.53,17.0
2967,32d52868-609a-4f5c-b5e9-bc2182e39317,1006,C0897,20240701,252.43,38.0
2968,fb37bb47-ef15-4867-8e4a-5e7d028b3c5c,1047,C0807,20240704,54.12,14.0
2969,1d2f113a-1a22-483f-bcf4-ca1719765bf0,1007,C0681,20240830,355.97,5.0
2970,d2d91e6b-686f-42c0-8df0-9a92df2f2b2f,1003,C0594,20241115,961.08,47.0
2971,3791d514-4747-443a-baf8-05276e0433bc,1019,C0604,20240612,1847.68,30.0
2972,2bc0f427-9da3-4df0-bcba-861e2dd62349,1001,C0804,20241126,957.45,36.0
2973,4183d695-6430-4c23-984d-465d10f62bbe,1044,C0470,20240930,1258.72,29.0
2974,53f85e8e-043c-4f49-b49c-47e3a29869c8,1029,C0083,20240719,845.22,47.0
2975,5304b637-6cab-47a3-b8ca-de312562240f,1018,C0394,20241020,1015.07,26.0
2976,2d3600d8-7b59-447e-9220-2080fbfd3206,1044,C0367,20241008,1097.15,2.0
2977,efcc0d22-86d6-4753-aa92-f43f6624b21d,1037,C0596,20240819,1015.07,50.0
2978,ac6b0dc1-6bad-4e5c-b18c-f7a8c8a25e9a,1026,C0444,20240801,1645.31,17.0
2979,d0fe222e-002f-4412-ae4e-d3d892487e38,1014,C0575,20240619,1535.66,34.0
2980,0866408a-f1cc-44ca-89b3-a765544d50b9,1011,C0592,20240904,1781.33,26.0
2981,9da58d3b-b40b-419c-8c23-38499afdd623,1038,C0164,20241014,999.35,27.0
2982,b96dedf9-6a35-442c-9692-ec3835604939,1043,C0983,20240718,78319.28,31.0
2983,6d67ed00-96a9-4fd9-a69a-4bdbccfb8d90,1015,C0838,20240821,519.08,2.0
2984,11ecc075-bfb5-4ed1-9016-435ebc431a3a,1049,C0699,20240812,539.84,3.0
2985,29deb811-c00a-419c-9eb6-4207cedd0b22,1028,C0927,20240603,202.91,22.0
2986,33326abe-43d8-4ce2-bef5-5fc29b2f5f68,1043,C0115,20241025,1972.49,3.0
2987,454935fc-64da-4ccc-97ea-3a8ebcde4941,1045,C0274,20241125,214.47,30.0
2988,5aed54e0-db60-4ada-94cf-b53211ce4a92,1019,C0117,20241125,329.25,3.0
2989,e3c43282-51c1-4bfb-bf76-91fa18e1b8e6,1030,C0241,20240703,1621.72,45.0
2990,91957858-39ac-476b-831e-0fb99aa4814f,1035,C0028,20241010,845.29,1.0
2991,17aaab19-9d5c-4046-8118-536f2f95453c,1020,C0199,20240724,566.45,8.0
2992,de08c730-8e34-4208-b598-6b71ee7b5eca,1028,C0533,20240610,415.01,4.0
2993,dbe3651c-8f3d-41d1-bcc7-1640b363b78e,1035,C0837,20240814,1015.07,31.0
2994,8636bf81-dc1e-42e6-afed-3d30b34f00ae,1028,C0742,20240702,733.71,37.0
2995,c95b1ea7-f538-4b37-88e2-4c596eada1bc,1014,C0547,20241124,1432.38,38.0
2996,a2430be2-f3d0-47d4-bb33-05a3b4efbba1,1030,C0399,20240610,887.67,3.0
2997,1212f803-7ee8-4e0d-9803-119ecbbcc197,1026,C0931,20240817,1015.07,44.0
2998,72fcf34d-65fa-4f66-9021-cf7d07a9ebf8,1019,C0558,20240926,694.43,3.0
2999,af792f69-2518-41b7-aaa9-29c92b11a70a,1044,C0555,20240929,1262.74,2.0
3000,0fde793d-3a0f-494a-9298-ad8ca556c8c1,1016,C0112,20241106,1515.0,43.0
3001,e1849caa-3090-4e49-8c2c-bd2158afa925,1010,C0008,20240724,1614.03,11.0
3002,cee13045-9dd6-4614-9ee5-89f19482ac4c,1002,C0894,20240714,1788.38,33.0
3003,cb916fcc-495d-405c-ba6c-0c80e6fbc54a,1035,C0950,20241024,956.0,34.0
3004,c8870b59-01e9-4e04-b25d-566909a7047e,1009,C0027,20240815,345.69,26.0
3005,6dfbf373-160c-49eb-9d71-af0d4190acc9,1036,C0533,20241009,366.17,1.0
3006,64eab881-5a3e-4003-98f0-67572fd8261b,1018,C0551,20240623,1488.45,7.0
3007,96583695-e4ee-4d08-83a0-4b2cd8a064b9,1001,C0261,20240611,1225.64,24.0
3008,1bc44098-5a07-47c1-9d8d-1aa196630298,1013,C0476,20241127,1994.07,19.0
3009,43480180-15eb-4237-b6e1-be5a7ddb0eb5,1010,C0736,20241127,804.37,47.0
3010,f81bdf0e-93b8-4574-88a4-484a37caa9b3,1042,C0411,20241124,1229.73,16.0
3011,ce8c1c71-687c-4a7e-a183-26af30e30aaf,1022,C0882,20241001,852.51,13.0
3012,c7563893-b67a-4227-9973-b0e85a7edcf7,1009,C0129,20240731,1974.54,10.0
3013,1499fc08-f840-4224-91e3-c3327e374bc0,1033,C0776,20240812,304.57,49.0
3014,1c2b66bd-407f-4e6a-b6c0-7417a2359f4d,1028,C0413,20240615,519.92,43.0
3015,852953d8-3625-4fc5-a2cb-248005313216,1030,C0994,20240907,1526.2,12.0
3016,f9c8a0bd-6802-4f95-a7a1-8816e6230778,1002,C0656,20240831,1086.82,21.0
3017,6c2d6f2c-3f9c-4afd-803f-d442d929060e,1048,C0039,20241016,817.09,19.0
3018,c4d6c1ff-edf2-4b14-a951-2a5ecae2f366,1047,C0650,20240913,1544.94,29.0
3019,10e0881d-e599-4c75-be1b-25537c5832fa,1032,C0349,20241105,1844.96,20.0
3020,b664667d-179c-45ef-808b-3bf91a4d8497,1015,C0432,20240806,960.6,49.0
3021,3760a0cf-6f51-43bd-80a2-54b670c480eb,1026,C0242,20240728,1015.07,45.0
3022,48950930-f0bc-42d1-9573-a7a83aef7865,1019,C0396,20241010,1015.07,20.0
3023,b03511b7-6fb4-4bc2-9718-39c614c90076,1047,C0925,20240702,984.29,31.0
3024,ea74453f-3a0e-4407-a9b5-c186ff9f617d,1007,C0336,20241013,1280.09,2.0
3025,3cb7a816-24e6-4b2f-9faa-601a6ff4d3d2,1044,C0248,20240610,1506.9,5.0
3026,d02eb29f-6d67-432a-983a-d3f277d4ab06,1012,C0703,20240726,1358.14,4.0
3027,664157a8-c775-4116-ada1-f559467651e8,1004,C0971,20240717,756.42,34.0
3028,6b563116-ea5d-4163-bf9a-99bcfcf8b32f,1004,C0314,20241112,1921.68,32.0
3029,a8b01542-85d5-4d52-89f4-86455e2c0fe5,1001,C0430,20241112,718.4,2.0
3030,ee34b2f6-f316-4c90-9d8b-3bfa0088998d,1032,C0602,20240831,1015.07,1.0
3031,3a216b5e-0a61-440f-b0f0-9e221d951dd3,1009,C0150,20241019,1198.46,3.0
3032,3595f8ae-a3bc-401b-b30c-5ac2f892b0e0,1036,C0584,20240903,138.24,12.0
3033,397e48d1-61ab-49e0-998b-798b2d869e33,1000,C0648,20241120,1289.49,30.0
3034,5013e398-495a-4435-b055-5aea32235502,1031,C0357,20240723,128.19,21.0
3035,65297240-7c8e-42de-a24a-d612cc581505,1038,C0371,20240629,1132.11,30.0
3036,eef77ae4-03a4-41a1-ab51-6716315fdc35,1024,C0134,20241027,68.99,34.0
3037,d6f2ef64-c949-4b97-9813-b13feedd2d25,1021,C0009,20240803,440.41,4.0
3038,62f7e99e-206b-4f1a-9ce4-4b2be5728bca,1046,C0695,20241017,825.04,35.0
3039,4f621e3a-6293-404a-a5af-430bafbc2f84,1006,C0111,20240913,936.42,33.0
3040,6cd61b36-9147-4b45-bfb7-b89ce317065d,1030,C0025,20240705,1121.79,12.0
3041,b60f2486-24f8-48e4-a27d-d9816f852ebb,1039,C0081,20241023,552.89,15.0
3042,17f31795-71bc-420d-b917-6f12c2623c88,1034,C0129,20240818,1149.12,14.0
3043,915b1df1-041d-4475-accd-5ef52263bc55,1007,C0457,20241125,769.69,34.0
3044,d6e448e2-88df-4948-82ee-56119b2daa1c,1032,C0972,20241004,1525.81,25.0
3045,69945910-3a49-4936-b622-1f4033f52507,1006,C0609,20240616,308.53,32.0
3046,9f4ea5f8-8298-48d6-9802-a804a133f6f6,1033,C0368,20241003,1048.53,19.0
3047,fb1ec51b-4469-45bc-b9f0-75b4794498f9,1010,C0129,20240802,1588.61,36.0
3048,d5f66fe6-5556-4d1d-894d-32c5733bccfa,1005,C0449,20240924,1562.11,7.0
3049,0024547f-3f9d-4aa2-a8e5-8d6860004e90,1029,C0917,20241127,1932.41,23.0
3050,8edd0b87-0ec0-49ca-88ba-45b7fffd03a8,1009,C0573,20241018,632.03,33.0
3051,d81c32cb-13b6-4eff-aa6a-4ff57c86613e,1029,C0706,20241028,1147.33,19.0
3052,2948a359-bfde-41fe-b832-4a642b74c0f5,1040,C0939,20240923,509.63,39.0
3053,3c8b9774-b82c-41e9-9917-ccf0b05bed73,1002,C0037,20240817,472.12,33.0
3054,c17fcb7e-dffe-4bff-95d2-bfad24776a2f,1002,C0679,20240628,1329.62,31.0
3055,d2f3b84b-6130-4a95-9801-0cde176d6481,1011,C0835,20240727,75.48,38.0
3056,cfe346db-1652-4abf-bb0b-7b8c25719336,1047,C0121,20241005,1015.07,35.0
3057,3f80987c-6889-4468-97a8-69d7ba6db9ca,1032,C0988,20240807,401.42,46.0
3058,92b0ec9e-c58b-4ccd-96ff-55219a469c69,1002,C0445,20240918,304.98,26.0
3059,83ccf6b8-4797-4d3e-ae52-43bc8c32488f,1037,C0356,20240628,1584.59,1.0
3060,18280098-7b06-47a2-9ab8-de007cffdf23,1025,C0153,20241007,1174.67,2.0
3061,20b2a090-c3c6-411b-a33b-64f570d0a875,1029,C0838,20240930,265.48,14.0
3062,bfea4217-a63a-47fc-8658-c96fc459aab0,1009,C0071,20240625,848.81,43.0
3063,2a616cd7-ed98-4dc0-96a2-3c422f110a04,1024,C0012,20240602,666.11,44.0
3064,f14d36b7-bfbc-4578-878c-d80b1b2b792a,1048,C0173,20240822,818.65,7.0
3065,11083bed-4dfa-4b5a-9d11-8869997a64e7,1001,C0591,20240709,53.92,20.0
3066,9db73400-5c8e-4e4b-96f2-54da9f516c10,1027,C0595,20241031,1752.2,34.0
3067,b42ebe1d-a780-46ce-bc5b-f03ceca70774,1016,C0050,20240906,687.37,27.0
3068,dd0fa806-1554-417b-bb50-5bb7f452a99b,1033,C0199,20240621,699.26,11.0
3069,5655d8d2-d48f-4c21-a01c-8825d3d2a1cb,1020,C0779,20240926,623.49,31.0
3070,906678c1-e131-4eab-8a12-3cdeac8bd830,1019,C0618,20240606,1337.81,48.0
3071,a514e8bc-f373-4bf3-bb28-e546ff2445a6,1006,C0918,20240805,147.66,25.0
3072,09c49bbc-4a60-4c2c-bb26-2089764e6a3f,1032,C0845,20240929,75.33,37.0
3073,69ceb1dc-136e-4d5c-a87f-41b91ad31149,1013,C0239,20241104,1366.33,35.0
3074,b5614736-379f-4720-b196-1948762fea5a,1045,C0123,20240628,1527.29,7.0
3075,d9236ee7-5c96-48f5-bf48-55f1ba67221b,1016,C0559,20240629,1637.2,42.0
3076,08945199-3429-4d19-99a0-dfa9b9d06d68,1044,C0002,20241125,1882.58,28.0
3077,40990f04-1226-4bfb-b012-534d00006960,1006,C0721,20240709,1374.66,2.0
3078,411f5ce4-826e-422c-a287-2af31a0684fd,1003,C0524,20240723,1164.81,6.0
3079,a96367fe-a668-4642-afca-15942148b8a2,1022,C0602,20240825,1124.58,8.0
3080,371301ad-0776-4437-81b6-fb7bbcb4463d,1006,C0452,20240904,71.31,8.0
3081,434507ae-3795-486f-8f42-3ab572b5d7ce,1016,C0269,20241028,1624.87,44.0
3082,9452492c-138d-4ae3-920e-9e00bfe8690b,1008,C0451,20240926,1574.31,50.0
3083,aad1690b-555a-4cab-a91a-3687fe515757,1012,C0149,20240611,67.74,25.0
3084,c156ba6c-2cbd-4ac0-bb83-6070fef2273e,1035,C0784,20241022,1723.65,25.0
3085,a063b43c-6431-4316-855f-0fb49ff5e1eb,1033,C0376,20240727,1062.25,27.0
3086,0a3094ab-c4c4-494a-8218-f63f110c56b9,1047,C0785,20240811,704.45,13.0
3087,e6f52054-a9e9-4072-92d2-9ad3762fc69b,1009,C0685,20240703,528.78,8.0
3088,12147547-1282-4441-a044-43ba1cd36bd2,1003,C0008,20240622,415.25,4.0
3089,1cdfd8e3-7b6f-4f03-aa90-b9bd9726cd08,1038,C0436,20241018,950.02,41.0
3090,80b68c40-b9ee-469d-b7f1-861329538347,1039,C0770,20240602,1702.28,6.0
3091,d0e6ecc2-a66d-4313-b6d2-4b4bd8d0d5f2,1006,C0175,20241105,530.46,18.0
3092,fd0a21f3-7d04-406e-8a9e-b777916c23f0,1017,C0689,20241023,1045.52,17.0
3093,2452d93a-d825-4d22-9025-b4324919520c,1019,C0711,20240721,263.65,21.0
3094,b79c1e77-a63d-4f65-9ac6-b9127282b1ad,1030,C0349,20240922,540.93,48.0
3095,da4d88e4-37e6-4d39-be20-0f1802dd7ded,1027,C0473,20241013,1381.35,27.0
3096,a41b7c2e-f2a3-49d7-b64a-ecf6839f7dc8,1027,C0967,20240819,1939.41,33.0
3097,dec0a920-b018-490f-92bd-8335790baa51,1005,C0417,20240809,657.51,35.0
3098,e0f18278-9a48-46f1-957b-e2c668fc1ada,1009,C0028,20240728,1838.29,6.0
3099,c2faa72f-aff3-4416-af87-f13e042dbe7d,1015,C0439,20240710,1051.62,40.0
3100,07428a3a-e05e-41e1-a302-ef8a90e44413,1011,C0810,20241002,797.3,40.0
3101,7c3b0ebc-2391-466f-b109-70ae15b65d38,1009,C0438,20241102,535.55,40.0
3102,4d71a388-20b2-47a4-b127-8fb826f189fe,1040,C0004,20240626,421.64,5.0
3103,25b956ab-9eda-4b84-b9e2-648aee9f4a33,1044,C0369,20240610,1197.59,48.0
3104,8ba0556f-674c-4dca-b855-a0b192241bc7,1009,C0157,20240910,805.18,19.0
3105,a2e374e3-4cd5-448d-a6b5-d9050a097247,1037,C0650,20241124,463.5,47.0
3106,00297868-4b3f-40a7-9224-3ae18cd2d069,1049,C0773,20240613,194.4,31.0
3107,099c64f9-6604-4f7a-8d45-e2a58ee0ad87,1003,C0059,20240829,1720.49,48.0
3108,32c4c845-9eec-4fe1-b695-119c8d2392ea,1011,C0034,20240825,1765.8,2.0
3109,7c9f8753-e140-478f-a2c3-e5f8f16ecbe3,1048,C0949,20240818,1015.07,15.0
3110,1166e818-bb7b-4b0b-867d-7daa8600b295,1033,C0598,20240907,241.53,38.0
3111,47891212-f187-4f92-aaf7-4b6e1f71e2c5,1035,C0337,20240911,1105.74,14.0
3112,76bfa459-4973-4d94-838b-5e9881e89c8a,1004,C0029,20240604,398.17,10.0
3113,fe575a70-9960-4be6-9364-ec444ae96bc0,1020,C0212,20241106,1573.76,12.0
3114,766e9941-4b8a-4cf5-9088-e45df756b57c,1016,C0617,20241004,202.89,16.0
3115,121202bb-85d2-41a9-94ca-918a77961269,1029,C0918,20240812,1688.19,8.0
3116,1be01ab1-90d9-4ffe-badb-c695f41a63d4,1005,C0904,20241029,1884.8,14.0
3117,bdd4ee48-6e4b-4305-b1d6-ffb9edc703ac,1015,C0722,20240803,1152.39,45.0
3118,1970d724-3e31-4434-87dc-a0811b90057a,1049,C0601,20241021,1263.67,4.0
3119,64ee38d3-2fa0-4bbf-8631-a31bbc1007d8,1038,C0151,20240618,196.33,36.0
3120,e0680d55-3109-4766-8d98-6cf49dfd7f9a,1028,C0026,20240601,1539.6,48.0
3121,aa40029a-3711-4e26-9312-d0424c02eb5a,1038,C0822,20240808,510.62,2.0
3122,89762cc7-6083-471b-977f-3e29fc591628,1025,C0009,20240825,1798.09,7.0
3123,bd15b0e7-b867-4f13-8f07-b5941572e057,1002,C0868,20241105,84.53,48.0
3124,4952e14d-87f2-45e6-8bfd-a9c90185987c,1005,C0560,20240608,1149.05,18.0
3125,a6fe0bf2-2493-4450-b91d-1dbbd7c5b7ce,1020,C0782,20240721,54.96,14.0
3126,929eeeeb-3f16-42ac-b96e-e7f4b0286c16,1028,C0583,20241118,504.26,21.0
3127,f0485f63-00a0-4c88-92e5-7d22b7484204,1013,C0372,20241026,1291.69,13.0
3128,12d72418-61ab-4338-a114-462630442a4c,1007,C0515,20241101,1812.4,29.0
3129,72c6727b-a590-4e93-bf8e-c74943c64a5f,1017,C0755,20241113,1604.55,20.0
3130,2dde4a84-cf24-415e-bdbc-4502da127140,1048,C0267,20240711,1554.85,3.0
3131,88bfb491-7321-4f14-b5e7-c4f383137528,1006,C0777,20241019,1121.86,41.0
3132,b0dd5fe1-4780-4c8c-81a7-dfa4375845f1,1026,C0168,20240831,1723.61,11.0
3133,6db768d4-c6c1-486d-b0bb-56cefaa069ad,1025,C0514,20240918,141.07,10.0
3134,7bd74c15-addf-46b1-a48d-79cab7199ae3,1039,C0417,20240616,1982.65,34.0
3135,bf0e5566-7efc-4c54-a642-0022cadd8949,1037,C0374,20241110,972.99,44.0
3136,efcf8fad-c033-4d6a-89b8-75aa923c5564,1041,C0312,20241003,343.36,49.0
3137,e20de990-8538-49c7-8b8c-6cc6c63d3f79,1025,C0660,20241021,917.97,25.0
3138,add14e1b-2ab3-4482-b82a-09d96a8c1208,1040,C0628,20240807,543.6,35.0
3139,67277656-a645-4ac5-9f87-901860515ba0,1023,C0243,20241029,394.23,35.0
3140,97bba466-5ec1-42c1-b69d-79c4034a9637,1007,C0164,20240927,253.61,34.0
3141,020fe7cd-78cf-41f0-8dfa-fa97a0afe9a7,1040,C0221,20240726,409.34,14.0
3142,3221a580-292e-49d6-8ce2-1a2836608e84,1030,C0730,20241115,1656.81,36.0
3143,227aecbe-25ed-448b-8d65-255f3c62bb1b,1008,C0334,20240907,664.66,9.0
3144,aa6379d8-03c7-4cf5-971b-314fc5054766,1045,C0006,20240707,1461.13,47.0
3145,93ba3315-0137-4d3f-8238-076a1d93cf55,1004,C0433,20241021,1927.1,32.0
3146,8f30ccba-071a-4d4c-bd04-67507e4713fe,1034,C0885,20240608,555.39,8.0
3147,35efdc5e-a23a-4a13-9444-d23f76e222ca,1049,C0214,20240715,160.42,48.0
3148,353292cc-8931-4b27-9c76-bc17ecccb64e,1009,C0425,20240605,643.6,39.0
3149,fdbe0112-6852-4457-a0e7-fb99d8fc865e,1008,C0138,20240730,498.38,43.0
3150,0ba3572e-da7d-4dfe-8fa2-9273db2cd01c,1006,C0561,20241114,1040.52,37.0
3151,5a7e8408-9097-4d8d-a70a-4d1d85aa4cf0,1038,C0614,20240806,920.52,49.0
3152,16757d0e-053f-4748-ad14-0615c562ddbf,1042,C0762,20241002,1151.68,22.0
3153,593e869c-1c56-48f7-8535-dc609f21d5aa,1036,C0988,20240731,1878.6,9.0
3154,cd2f94c9-6f67-4b79-aff6-c4b1c58a3602,1034,C0716,20241124,1346.06,24.0
3155,2d0ba1fe-8bb7-427b-b545-c0439ee8cc1a,1036,C0894,20240821,1897.21,30.0
3156,efc71095-6a68-45a7-8c5c-af5916362e0e,1018,C0183,20240826,1931.03,47.0
3157,cbcba258-a7c8-40bd-8398-7c2fdce162ae,1016,C0064,20241109,493.32,16.0
3158,be94b9d4-8cf1-4b79-90ca-4a49ef51b01c,1038,C0120,20241021,700.03,48.0
3159,970e27d5-a23c-4b86-9a6c-c8d6f44d9b2f,1001,C0530,20241003,1836.69,36.0
3160,1478b80f-1ceb-4d0a-8861-44954f3c0c8b,1037,C0343,20240723,881.93,9.0
3161,b9ce1100-0961-45d0-81ef-671f1744ae54,1009,C0457,20241011,177.39,33.0
3162,e4bee77a-81cd-457c-91fc-14c80d859bbc,1024,C0695,20240828,324.5,27.0
3163,83cea805-bb55-4ff6-acbc-6f9e32df763d,1002,C0878,20241127,1033.38,29.0
3164,a1b194a6-0a7e-4f75-a0a7-b67219f121e9,1041,C0171,20240602,776.06,17.0
3165,3c3b9ad6-17b3-4878-b198-4eda8db59e25,1018,C0910,20241112,904.2,36.0
3166,e60bf955-bf22-4738-b76f-430012dbec0f,1011,C0725,20240929,782.93,17.0
3167,3ffc97d2-065e-4ebf-947d-90ba5ec82069,1000,C0862,20240727,1414.15,22.0
3168,1eedf564-98e9-40e9-902c-9c6442db9f3f,1045,C0859,20240916,1970.12,45.0
3169,d274334e-7c1f-46af-a054-0cc7d8150e13,1026,C0673,20240701,344.49,8.0
3170,d48270a4-9ab7-4e53-997f-24d29b7f9351,1025,C0318,20240713,1689.55,6.0
3171,9339883a-8409-4d58-8a89-1493742b4fec,1034,C0201,20241119,862.1,45.0
3172,1887d1d1-26b5-4135-8f56-048280d0dcba,1028,C0682,20240823,1791.27,46.0
3173,777b306c-c820-48db-b163-a99d94fad332,1047,C0734,20241031,1029.11,27.0
3174,fb1887e7-497f-4b87-bdad-5a8164a9872a,1018,C0631,20241112,776.6,17.0
3175,5c802ab7-b8a4-454a-901e-54bf9de1fb6d,1030,C0022,20240921,973.15,14.0
3176,9656d2d4-ff68-4789-a86e-b248060dbf70,1011,C0826,20240619,1531.54,16.0
3177,03987653-be30-4cc1-a824-5010dcbbba3a,1027,C0916,20240801,1255.11,28.0
3178,36a3227d-2e1d-4b47-8600-a09dd53e3db3,1005,C0013,20240708,1397.63,9.0
3179,ed535592-6e12-4743-b7a7-0e4ce366d866,1015,C0047,20240714,169.54,44.0
3180,cf8b3361-0eda-4e0c-b9f3-3334c618ffaf,1030,C0493,20240629,920.02,4.0
3181,51fc04b0-8562-4855-b0db-29eed81b2781,1042,C0963,20240801,859.71,5.0
3182,1e965ac3-a5e3-4836-ae51-e350e612c8cf,1004,C0340,20240712,492.3,10.0
3183,e29de070-a1a0-4938-ac73-4b99f89814d1,1033,C0211,20240913,1654.87,40.0
3184,ae86cd02-e101-4e10-b93e-af5c64cc1705,1021,C0137,20240616,244.17,50.0
3185,4b569825-d85b-45c5-838d-f12b215dc561,1017,C0854,20240907,393.09,48.0
3186,46a7f6b6-eca2-4d9f-a919-bd92a7f56b1b,1009,C0126,20240802,466.34,33.0
3187,26c92a3c-683c-49de-b4e6-e46c8636d226,1028,C0382,20240612,1360.06,5.0
3188,087f5411-3425-4192-b2c8-ee1461f627fe,1017,C0515,20240811,1760.2,42.0
3189,8153bb14-7a8b-4fb3-b812-be64bb4fdbe3,1037,C0705,20240614,923.44,19.0
3190,096982b6-16ac-4d95-a08c-f20fa27b0988,1033,C0236,20240903,714.01,39.0
3191,a315b6c3-c986-40cd-9c88-bc13b4bdefcf,1007,C0471,20240629,1003.55,42.0
3192,a626f7ab-a2f1-46f5-8d16-680af41f379d,1012,C0964,20240804,184.05,22.0
3193,bc595d2b-26af-41d0-95ac-55af7ada3366,1012,C0837,20241121,1911.08,4.0
3194,8f95c4f2-fa96-4fe7-890a-3c026da06fc4,1045,C0655,20240622,942.34,39.0
3195,8c6cdbe3-9f0d-4994-8509-029ba6f87e14,1019,C0252,20240921,119.52,34.0
3196,10cc5cfb-c494-4e7b-8e71-5a42dd7ff217,1008,C0144,20241002,1497.29,41.0
3197,1218c702-6e2f-4fc1-b5f9-fc6299412275,1008,C0660,20240620,60.47,38.0
3198,9e47bae2-5466-4323-acd4-f60e722bdd41,1025,C0338,20240926,831.83,34.0
3199,532ca62a-1567-4942-9e7c-723bc9edd808,1017,C0709,20240920,1015.07,47.0
3200,831e6bd4-96d1-4eb0-a8ca-2af456f2106f,1000,C0529,20240623,692.33,24.0
3201,0bcc091f-9d3b-4dbd-acea-35ec692de2ef,1046,C0414,20241114,1752.96,47.0
3202,c4f55606-cce5-4d17-a1da-38759b058a6e,1046,C0923,20241105,829.95,17.0
3203,dfc2ed98-1538-42d6-af5f-e48e6141d8ec,1036,C0668,20240904,1076.72,8.0
3204,a6777ee1-8ee2-4b10-993b-70f7b1974e80,1001,C0312,20241124,820.0,12.0
3205,8fc2ed33-6a75-42a6-9561-72987738212c,1031,C0597,20240720,678.17,19.0
3206,78a8e232-60d6-4e50-a56c-c6a5450e956f,1009,C0528,20240806,1925.04,13.0
3207,17220546-8703-4229-a7ff-965edd5ec5bb,1023,C0999,20240809,143.33,23.0
3208,f5e6486c-8e3f-4014-a475-6ab8828b7649,1046,C0619,20240605,1591.38,18.0
3209,de51eda6-b948-4a23-a57b-b02831970466,1026,C0458,20241021,1421.33,40.0
3210,94ff133b-29bc-4a25-b933-f7ae8f52a7d5,1014,C0116,20240825,172.84,35.0
3211,d43a0b1b-a991-465d-9aeb-2b36fd8940c1,1000,C0876,20241025,1574.23,23.0
3212,743c8964-e632-4161-86fb-2334731132f1,1047,C0862,20241128,1249.07,14.0
3213,68cbfb91-bb8d-4e00-b0c1-69e19d8f8073,1041,C0295,20240730,1318.93,39.0
3214,fe251409-e972-4726-9941-9d413402c406,1044,C0507,20241014,575.04,33.0
3215,34109b7f-f712-4050-9273-1b3d81717233,1044,C0517,20240926,1822.72,4.0
3216,a1645d7d-f1f1-4cea-ad7d-f42711739fc6,1046,C0698,20241121,124.35,5.0
3217,2cacd1b4-5cb6-4362-95d0-7f310f3aff9e,1030,C0403,20240911,882.87,17.0
3218,1caaba5e-d688-4567-af25-a2b15cd5386d,1032,C0514,20240914,1552.46,36.0
3219,9ce89a40-34cf-4181-99cf-2ce6aa5f7e55,1032,C0717,20240914,599.88,31.0
3220,3867d1d9-8dc4-42bc-946b-f9fbc4705159,1020,C0353,20241029,1399.68,46.0
3221,45a9ad89-29c9-45e6-b520-2db06a1c020a,1020,C0247,20241112,933.5,25.0
3222,e5177a92-e4ee-495c-b4d1-a15d6cafeded,1000,C0627,20241108,1989.9,6.0
3223,1dbfae7a-dff9-4b22-b21e-d729e1b0e9a2,1007,C0879,20241009,1669.54,41.0
3224,5cc7bfe7-f9c8-48bd-ae0a-32748b95cd31,1040,C0025,20240912,1570.6,27.0
3225,34ac8834-673b-493b-acfb-74a54942c2ae,1047,C0984,20240911,539.34,21.0
3226,b1a69d10-797e-46a9-84fe-6a243904cc77,1033,C0402,20240925,1426.71,9.0
3227,75ad1d5b-ea1c-43bf-8aef-2812aae83cf1,1017,C0552,20241125,934.5,13.0
3228,1c8bf85b-3cd8-4e64-9699-06ef4b07ce99,1023,C0589,20240929,1989.61,1.0
3229,48794bba-45a3-4a8f-89c9-7fe9f31d3a8a,1021,C0808,20240816,72.05,11.0
3230,07ffec77-eb90-4be1-b7bb-76d791ae1f31,1036,C0890,20240822,1486.73,4.0
3231,98834bf2-69e5-4386-8fb2-81dc3dd48207,1017,C0561,20241016,708.24,35.0
3232,cf8034ea-4470-4d1c-8263-227b81439901,1032,C0741,20240922,605.09,3.0
3233,5915c76f-afcf-4eea-bc12-7927a8e5e58e,1036,C0730,20241012,531.42,31.0
3234,81864ce5-9d7a-4a33-827d-2a007aabd11a,1013,C0320,20241117,391.23,46.0
3235,79b55b13-2f6e-4e14-b190-6201682ea5a5,1028,C0031,20240814,628.07,21.0
3236,45284212-3c40-4fa2-9b61-c06a171cc320,1045,C0825,20240626,1330.51,19.0
3237,2344f327-107c-42e3-89e7-20cf7d5682a6,1015,C0736,20241015,742.15,48.0
3238,084057fa-1343-4e03-b639-cecab1819970,1031,C0919,20240813,1425.42,3.0
3239,3a84ddde-c414-4535-a1c9-b082d9e115d5,1039,C0137,20240726,1069.16,1.0
3240,52dc2943-a917-4e87-879f-a980f61cfe4a,1001,C0917,20241003,1397.37,23.0
3241,db283b48-6b14-4b74-bdd8-45e2d17b32fc,1032,C0117,20240804,128.52,9.0
3242,14cb3b15-70a0-4142-99f8-4819cb958431,1045,C0406,20241101,981.66,17.0
3243,a52b805b-98ff-4594-ac5c-e0a46114342b,1043,C0234,20241126,287.55,20.0
3244,9060aaf2-3634-432b-b9f5-1d9cdfb683ad,1025,C0573,20240718,773.8,45.0
3245,a68fa993-4608-482f-a70e-99b45e2b15a9,1014,C0096,20240617,405.05,28.0
3246,7e5a3ee3-02bb-4498-9030-eda727a13dbf,1047,C0815,20240621,1729.42,20.0
3247,e2f46401-fac4-4ee0-ba1f-1eb4588737fb,1028,C0640,20241026,1015.07,49.0
3248,8bc398cf-32a9-44fd-965f-216cbacc5623,1031,C0543,20241112,1598.39,32.0
3249,6b2000de-0b61-4824-a199-3b7a31e766a2,1028,C0114,20240802,546.66,48.0
3250,4f908d65-a23c-4233-816e-1e9cb4056ad4,1013,C0178,20240818,1015.07,42.0
3251,d4fca5c2-885b-42b3-b8c5-6f137eb1c0ed,1012,C0090,20240608,1015.07,1.0
3252,1591ebac-edf9-4112-ab0e-c6a2ae0aeca0,1027,C0909,20240918,1717.75,12.0
3253,da81fefe-8425-47c0-8717-d116afe41823,1019,C0286,20240827,1854.53,26.0
3254,eecdad0a-b543-42f6-a743-456b6cc075e0,1036,C0216,20240603,1015.07,36.0
3255,71501bfb-a329-4f78-8be2-4efe265fd14a,1034,C0236,20240903,1951.76,39.0
3256,04ae1d92-c0c8-4aef-b908-be6b72057a00,1014,C0685,20240829,608.29,27.0
3257,58aaeb66-f368-46d9-bdf4-06b5d865b9a9,1003,C0412,20241124,1979.64,15.0
3258,fd789b72-e961-4cde-b5d8-80416ff58093,1011,C0472,20241118,364.89,14.0
3259,318757b3-418d-4cb3-8e76-1f2a5e5aeb25,1001,C0218,20240610,1701.15,47.0
3260,f4aaf6ed-3463-4d73-aaba-bb7acff9e7bc,1039,C0140,20241012,1587.71,26.0
3261,14f43531-855f-498f-928c-6bd734fe6e9b,1048,C0166,20240727,1793.87,46.0
3262,689e219d-2213-47bf-8562-285763e69d44,1037,C0821,20241116,847.78,27.0
3263,9d88b096-ca9c-4d39-83b0-b93478c37434,1011,C0147,20240608,1827.25,44.0
3264,c2b87199-d345-4b25-9313-ff803fab2217,1022,C0280,20240701,1966.49,16.0
3265,ac35da8d-7d91-4e02-8ec0-7a0455aef06a,1014,C0398,20241025,39671.78,48.0
3266,ebc6283c-6cd7-422e-a4ff-17adf2d5ebd0,1025,C0705,20240922,1508.13,9.0
3267,c2fcf82d-f798-4353-a6b3-7cdf652be1c8,1032,C0281,20240711,487.26,45.0
3268,f23bf286-1fb2-4882-990d-50d7396f4523,1001,C0465,20241111,239.93,41.0
3269,a5aec26f-8631-4b1c-b86a-c8e1fe5e5413,1049,C0117,20241029,1317.92,1.0
3270,7a72b15c-df20-4086-95b7-8f457f7feab8,1028,C0114,20240624,490.47,5.0
3271,f09a75a0-0866-420f-9aa1-fbb592b8f9e3,1024,C0742,20240802,1639.03,10.0
3272,263f1b3b-9d65-4a0f-a1f3-bd453c632921,1007,C0804,20240916,1772.76,2.0
3273,8f106e92-5bab-4e10-8513-28598f17f45b,1010,C0333,20240612,1776.63,8.0
3274,94ea2b0c-f5bf-4605-b998-0bf5b5cc9744,1046,C0277,20240704,1361.41,12.0
3275,3e9aee56-8e6d-461b-b1b2-ec0b107861ed,1024,C0149,20240628,64.56,14.0
3276,8810ffa5-9d85-417c-b9df-431eba6d4747,1000,C0872,20240621,1398.95,49.0
3277,ea7ffb0d-f50d-4606-889b-97d3adb45906,1037,C0229,20241121,1799.82,25.0
3278,4ffef77c-f87b-4479-b576-899464f70cf7,1031,C0340,20241108,115.3,13.0
3279,244d3193-4bc7-4677-a69a-ac8dc870b556,1009,C0942,20240802,1346.48,14.0
3280,b4022e0b-d0ba-40f7-a96b-5542818753d4,1021,C0435,20241016,1954.85,5.0
3281,c043c5e0-9929-4efa-a2a9-7896b82e164a,1043,C0973,20241027,1570.97,40.0
3282,6d584e42-58c7-4241-833a-cecfc99f40eb,1037,C0197,20240712,1969.71,13.0
3283,a0d71810-af8e-4762-ae3c-9d29fcfabc28,1001,C0413,20240710,57.19,24.0
3284,45981ca0-48f0-4e53-85b0-1c3404271451,1005,C0807,20240722,439.25,47.0
3285,082283ee-4a95-4f70-8e65-ccf0809c5fbb,1039,C0032,20240902,478.75,46.0
3286,07193c23-1ff5-4729-b374-9bb1201c51ea,1043,C0981,20241101,1222.41,38.0
3287,99a47381-2dea-4564-8592-d9c6ee1d21b2,1040,C0492,20241119,1231.64,26.0
3288,f48d1bf9-7380-4d59-8e89-30a25e6dee44,1048,C0464,20240609,1765.25,7.0
3289,a7cf81df-53ef-466d-8d17-2eeb959c92f4,1040,C0209,20241023,522.68,39.0
3290,c40d8b85-7d56-4f0f-b95c-c964866ccf8c,1018,C0915,20240612,1979.61,28.0
3291,8748fe49-ae2d-4654-a8eb-9b2b4e35a402,1036,C0683,20240708,1747.8,29.0
3292,ae7d5783-e620-4610-940b-62b767f2c832,1015,C0360,20241007,421.62,23.0
3293,23e54cd6-79dd-442f-9069-3de54aa4ea49,1032,C0354,20240917,419.55,48.0
3294,718465ab-52e5-4438-bb59-dbf4a1166dda,1042,C0414,20240602,962.52,10.0
3295,6c5abfc0-aab3-4800-89d3-49448f766725,1032,C0638,20241116,1151.87,16.0
3296,7a5d89d5-f856-48e7-8d58-d19e5750ca9c,1035,C0158,20240621,1015.07,40.0
3297,07f9d69b-652a-4699-bd92-948799f8b2ad,1044,C0294,20241020,475.02,23.0
3298,8f5cefc2-d08d-486c-850e-2c7ce0273215,1016,C0489,20240615,825.13,32.0
3299,a04843e6-73d1-4d8a-bef7-0d66929c250a,1010,C0361,20240701,770.86,29.0
3300,00d17c2c-241d-4cff-89bf-c6c672794d29,1045,C0819,20241022,1733.11,49.0
3301,c444598c-6051-41c3-a6de-c0617247a0cb,1033,C0428,20240630,680.69,12.0
3302,ab1e5da9-eaff-45fd-8567-26312f828bdf,1013,C0923,20241119,331.8,25.0
3303,af41e4bd-030c-4064-880b-ca3a22f42e48,1023,C0683,20240701,1015.07,35.0
3304,c18a2882-8bff-4183-821e-14a3e1ce3d45,1010,C0313,20240805,610.65,38.0
3305,d9243a39-348b-4563-b5fd-e78059a49b42,1012,C0253,20240622,1163.67,7.0
3306,9a363315-be8f-4b9f-b4ca-7f779b8c29f2,1026,C0133,20240604,255.5,43.0
3307,8fd39306-5ffd-40bc-93e5-7a91d71e2caf,1047,C0018,20240714,288.98,43.0
3308,31ea2ae9-47b8-499a-bba2-d9c7b2d6ea76,1045,C0777,20241122,1141.89,24.0
3309,a1a14002-a2ca-4ad3-ad87-d3353abf5d18,1000,C0318,20240822,971.27,41.0
3310,6421bf41-3959-4000-a03e-5696b95fe822,1028,C0339,20241017,875.3,14.0
3311,af317359-e6d7-4752-81ca-2f567d97d9d7,1010,C0613,20240728,708.83,46.0
3312,2818a3cc-b038-4713-8a85-fa8438af0d8a,1008,C0213,20240627,92.78,43.0
3313,f948d14f-2293-44c8-83d0-9a074a6979de,1040,C0269,20241114,1336.53,15.0
3314,f569ad63-f24b-43ef-9094-360debc0e58c,1011,C0318,20241023,921.58,31.0
3315,6f506c8c-7332-4c6b-a4d8-3b3def5a1dce,1041,C0382,20240704,1540.08,33.0
3316,e858fad6-3a1a-4ad5-8c66-c6d18be04100,1017,C0512,20241022,471.4,42.0
3317,11a46baa-660c-4474-8ff3-48535f4381ff,1009,C0642,20240830,234.24,19.0
3318,d9fcfb4e-bc0c-4565-b1c0-9fef2988a5c4,1047,C0109,20240713,782.44,37.0
3319,e08151e7-5d31-4044-8ee1-6cd2ba082195,1013,C0017,20240731,857.33,29.0
3320,64cc6f23-1f0a-4ed3-86de-9d15161547b0,1038,C0499,20240622,1579.34,22.0
3321,025d1d8a-59a6-4cfb-bf33-a3f2506d2e48,1034,C0881,20241118,1436.83,16.0
3322,04424c11-13ed-40d0-b7be-54f14081ea39,1043,C0433,20240710,947.43,32.0
3323,a2cc57b5-1d9c-45b5-9e52-611bdd5f671e,1045,C0140,20240905,719.51,44.0
3324,63bd1f55-2140-4924-9f0f-539643d63871,1033,C0534,20241102,1810.08,20.0
3325,9f30f70f-0ef2-4fd4-863f-2a35e45b516b,1013,C0453,20240925,83.21,26.0
3326,b1149c98-d5d1-48fb-94bd-4e408ceba08e,1026,C0909,20241101,794.57,43.0
3327,760c4a40-a4f1-4d86-bbc5-8e5b0870d225,1030,C0098,20241108,849.63,3.0
3328,05388838-2dca-4045-9e12-6fde44df8241,1025,C0757,20240905,385.13,43.0
3329,c6fefc68-08e3-4f9c-8a9c-93112b5cf905,1017,C0741,20241115,372.93,5.0
3330,048ca517-59ae-4fed-ac1d-06584b322ced,1016,C0114,20240918,427.96,10.0
3331,fdaf4c68-795a-4e22-9baf-50f0adacc7ed,1040,C0509,20240807,751.87,40.0
3332,cf080cdd-9211-4e94-9e30-57ac01e45dbe,1009,C0183,20240828,1049.17,7.0
3333,dc947c30-45e1-4ac3-872b-1a785ac34a95,1002,C0065,20241108,455.04,48.0
3334,370eb0df-381e-4876-9794-eb895a3943fc,1022,C0782,20240909,1622.35,24.0
3335,ff5ef7c9-562b-42a3-b23e-fc02d10c6818,1044,C0699,20240809,255.55,1.0
3336,dd6b8dec-1560-4d59-96cb-4620cce178b7,1005,C0689,20240713,1923.79,39.0
3337,4658f4fb-ea0a-4567-9e2f-4bdd90baadda,1032,C0369,20241111,896.53,35.0
3338,98238976-4944-45db-8aa6-c6771a1d4690,1040,C0092,20241026,1016.08,1.0
3339,9cd3aeb9-ecde-42c1-be03-4f587b258483,1039,C0118,20240626,402.97,19.0
3340,32feb2fc-3c44-44a5-990a-7deb8bc87d54,1010,C0116,20240926,1108.04,10.0
3341,8c07c46e-963a-4479-bc8e-1b2cb0e144cd,1047,C0281,20241009,642.28,38.0
3342,0bd76a0d-af0b-4922-be39-24c0bc6b93d0,1004,C0638,20240813,1827.13,25.0
3343,b40c6837-3f04-4263-80df-9d4bfd377c82,1039,C0369,20240810,1047.08,14.0
3344,50e18e36-e7d5-43d3-9409-94d826b791dc,1014,C0419,20240710,1255.0,36.0
3345,c6f3866d-0b8e-4999-8ed6-8b8dd22057b8,1011,C0796,20241028,535.63,4.0
3346,6fa5f9c7-2e6a-4ac0-ab61-0c9812fd804e,1027,C0748,20240907,1536.12,34.0
3347,e1c42e33-a973-4b10-afa3-aeadd626f362,1025,C0020,20240807,1615.58,43.0
3348,45b67702-be3e-42cc-91f8-ab8c93abc19c,1014,C0656,20240601,1769.16,34.0
3349,8fca1d0d-7d5c-4715-b0a9-d34f2d63a0c6,1004,C0835,20240912,1930.18,47.0
3350,c102368a-25dd-4e5a-b94e-742a0df9d8e8,1008,C0371,20240815,1015.07,10.0
3351,71e63f6c-dc2b-4bf5-810c-c22988f102b2,1049,C0070,20240813,1015.07,38.0
3352,0de17762-c781-4c1b-8931-c7866a1b6590,1032,C0748,20241125,1609.97,41.0
3353,cb3d1639-afc7-4938-9991-1233e406bb0e,1006,C0464,20241101,255.47,43.0
3354,382018a4-0cb3-4379-b75a-40d1d80142f7,1029,C0905,20240902,840.25,23.0
3355,e99eb8aa-75ca-4057-a96f-1990fd1141a9,1032,C0776,20240712,1195.74,42.0
3356,8ceca7de-9101-4efd-97aa-781642632ba0,1023,C0786,20241113,1619.36,29.0
3357,1a11b000-9693-4003-9dc9-a67acca22023,1007,C0291,20240616,1358.08,45.0
3358,8a276fe8-0e7a-445e-8b78-6d9e6eebdaad,1024,C0009,20240912,1622.12,5.0
3359,7d8691a6-884d-4049-b7f8-903989f963b3,1043,C0406,20241108,545.8,33.0
3360,8d28008d-2870-4686-a660-1822c92a6d6e,1039,C0269,20240602,1285.35,20.0
3361,fb8af8df-1bb1-49ad-9924-78a17686e265,1011,C0058,20240811,912.25,4.0
3362,a7a2668f-c5d1-4241-9751-d7e7089b1fef,1019,C0439,20240826,1891.54,49.0
3363,5da3bdb5-bec1-4ea6-8c8e-a6abe7bfd43a,1044,C0517,20240730,857.04,46.0
3364,6ec779b3-1cad-4813-b21e-f6c9487941ad,1028,C0526,20240617,340.87,42.0
3365,eda60a9e-ddbc-4065-9b18-08ca94f8432a,1025,C0622,20240821,1015.07,29.0
3366,d27ed0b2-ccc0-4411-aa6c-e05ffad46a90,1006,C0606,20240704,540.27,37.0
3367,89005ea8-81ab-4c69-b39f-10ed7d6f534d,1019,C0723,20240828,782.87,26.0
3368,5bcc82da-a1c0-4759-abea-b462c1479eb0,1025,C0282,20241110,1671.55,17.0
3369,9f0cbccd-5a3a-421c-a2ae-3307fc4edcd7,1036,C0919,20240704,215.77,17.0
3370,66395605-7e60-4545-a6ec-bfea88d9d444,1014,C0297,20240610,1169.74,33.0
3371,bdaa7576-9a8a-442f-aa45-6626120fc93b,1046,C0709,20241126,1121.41,50.0
3372,a55cf5ce-a864-4b9a-9387-598d7d50b6e3,1018,C0583,20240827,890.15,49.0
3373,8227750a-83ce-4df5-b63f-3f72ff1a0325,1000,C0537,20241123,1160.37,10.0
3374,e14f0d14-44c9-4802-8579-558be1d8162c,1017,C0836,20241004,1001.61,37.0
3375,5c311979-67ee-46f7-8812-2ff2b5880ef7,1028,C0833,20240926,1015.07,14.0
3376,8cafb951-38a7-4d47-9155-67b2934e9d89,1043,C0212,20240711,1165.85,34.0
3377,596433a0-6fc5-4e19-9a4e-600177e5486e,1023,C0832,20241102,967.17,14.0
3378,21873e56-1f2b-4efc-bc28-446bebfe95fc,1013,C0084,20241026,380.84,19.0
3379,3e92dd07-6222-4443-9a81-04acc5727c15,1019,C0867,20240917,53704.71,33.0
3380,38b27357-34ef-469f-988e-531f56a02a5c,1025,C0795,20240822,1985.06,40.0
3381,2dac0f8d-a301-4d7c-8650-05da9d8cb03b,1026,C0314,20241107,1431.99,38.0
3382,c4c78960-9fc8-4684-9615-f55fd711aa7a,1041,C0156,20240921,1378.69,35.0
3383,0edafcea-88ce-4ef6-a75e-f18d1468d361,1001,C0141,20241020,912.47,1.0
3384,09d7f62c-08ef-4604-b26e-9141ad06af46,1043,C0469,20241109,248.29,24.0
3385,7ed27002-6cb8-42c3-9e5f-55da6880a877,1027,C0772,20240911,1195.05,21.0
3386,a9be0e77-801c-4e5d-a38d-e1cc61cf4819,1045,C0360,20241011,555.48,39.0
3387,e62ca8ac-2b23-4c95-900b-f4bb0d605b1f,1027,C0760,20240907,1123.43,40.0
3388,25c9feae-ff27-4fcf-8640-f7e426e92359,1039,C0217,20241008,1635.65,17.0
3389,8418f6fb-97f2-4af6-a952-76882e66bd21,1034,C0601,20240806,129.07,30.0
3390,d5fd565a-54fc-4968-8958-4352037a9be3,1039,C0371,20240709,745.07,43.0
3391,17d3231c-3781-4fc3-b5df-7568f657e58b,1021,C0130,20241014,897.47,1.0
3392,dc8c6e95-e6de-4c05-9e4f-e46305ca2626,1044,C0618,20240801,255.68,42.0
3393,20561f69-0019-4f82-8953-fc2b17cdfaba,1013,C0663,20240711,145.99,32.0
3394,235b451e-ff18-48de-a44d-775f3f02f334,1031,C0758,20240921,1492.86,38.0
3395,6e32b160-019b-4e2e-b652-4406cbc3db1f,1015,C0049,20240610,1702.42,18.0
3396,a785dd96-eb1d-45f9-872a-3f94bd3f8264,1044,C0136,20240917,664.45,38.0
3397,bea97c7c-6810-4206-b4e2-2a140a56a43f,1042,C0513,20240813,1825.47,46.0
3398,753d7b7b-a72e-4d3e-b0bf-1ea4a1a6ffdc,1032,C0585,20240611,593.84,47.0
3399,554c1cbc-f0fc-440f-b30b-ea7ebc410547,1042,C0807,20240803,1288.88,19.0
3400,b7edc912-ccf9-4cb6-bc4d-8462ad92aae1,1036,C0856,20240709,332.81,19.0
3401,bf3a365c-4402-4716-8c65-a9e016ec3cd3,1010,C0634,20240619,109.25,38.0
3402,32d5b960-0b4b-48f9-962e-496a3c0b5666,1038,C0719,20241117,1734.53,4.0
3403,abf12116-7367-48e0-962c-38b96f2d541b,1035,C0742,20240630,490.17,4.0
3404,58a652f2-c44d-42c7-ad68-1bfdf6fffb0e,1037,C0394,20240906,201.92,30.0
3405,185c5b23-8bfe-4952-953e-253ba6395af2,1037,C0932,20241105,1015.07,12.0
3406,49835616-019f-44d1-a945-a24d34fdfcf9,1045,C0566,20240912,809.62,49.0
3407,2f0c005c-99ee-40c6-89f6-110b9eeb689b,1038,C0677,20240905,1525.72,36.0
3408,9d95351e-fb24-4ab8-b0dc-74fe6e21af92,1037,C0227,20240916,1444.94,38.0
3409,ffdf6bd9-c441-41ec-8183-8ebf4f6e2ab8,1029,C0819,20240813,1770.12,9.0
3410,50b999f7-42c0-4613-ac02-52d3d2c68a7b,1004,C0315,20241113,1460.96,50.0
3411,c923ffa5-dd76-4eaf-81dc-9a32f378765a,1013,C0177,20241001,120.18,4.0
3412,34d0489d-40f8-45a6-8b91-87efae4c9545,1004,C0024,20240711,1234.15,32.0
3413,863ba6b2-aa9d-44ad-9f68-c5efdef5fbec,1042,C0046,20241110,1956.63,30.0
3414,9c189488-8713-491f-ba6a-29fec2c57fab,1049,C0810,20240602,1508.25,18.0
3415,1cea691f-7a02-4a88-a69a-1c0e6cac7ff0,1041,C0291,20240928,829.92,25.0
3416,eaf43d4b-9297-4b08-8584-fbceaaa76fcd,1022,C0374,20241010,858.78,29.0
3417,dd67124a-e7c4-4679-9ffe-8640e3a6a6a0,1044,C0525,20241102,1220.48,11.0
3418,7d61b693-3633-4aec-a446-f50d3fd9f910,1036,C0833,20240918,1935.72,48.0
3419,7052ef36-2fec-472f-9be0-df82009fd2f8,1031,C0660,20241124,906.96,28.0
3420,a791bdde-f025-4ec6-97d3-d351ee23dfeb,1039,C0551,20240812,1211.29,5.0
3421,40b3e4ca-a94a-45d9-9234-3a86fcce51ee,1034,C0141,20241001,1227.56,23.0
3422,418b9886-a87b-4686-b28e-fead310e5ccf,1004,C0443,20241124,1942.92,49.0
3423,ca46873b-99d9-47db-98b4-c65ff966f7ad,1034,C0414,20240715,1821.0,30.0
3424,ba5401ff-9c38-49ab-9c06-487c02ab67a3,1047,C0726,20240716,1969.9,27.0
3425,e01058b3-cd37-46af-bdce-1112749c214b,1037,C0732,20240926,363.09,9.0
3426,39a6e7fd-fd38-46e9-9ac3-f8051d4034a1,1001,C0846,20240819,1806.61,18.0
3427,11a2768c-799f-44af-8531-8353f19319fb,1020,C0198,20241016,1202.76,27.0
3428,e489cb93-8597-4a6a-b06f-f5bdc500db2b,1002,C0599,20240916,1520.88,44.0
3429,c31ca9b6-a714-433e-8557-602bd991b2c6,1025,C0493,20240710,854.08,11.0
3430,a10fbd69-5b9d-49ff-a444-446bb09f40d3,1023,C0510,20241111,1683.16,41.0
3431,67062ef3-2211-4472-b6f7-2e4d93d6f49a,1038,C0487,20241119,1545.64,7.0
3432,2f4b6634-43bc-4d43-879e-f5eca5e81731,1029,C0306,20240930,1404.2,33.0
3433,6b66b52b-8854-4c26-bc0a-888ea59dcd3a,1034,C0668,20240903,1634.17,12.0
3434,88314b63-5fdc-45c6-a4a4-157b36e2dc47,1018,C0128,20241022,778.88,39.0
3435,ee048252-8104-4f7f-a301-22357402a97d,1029,C0194,20240813,696.67,48.0
3436,8e25301d-7fdc-4958-9dfb-b59942a2e128,1016,C0626,20241103,51.77,19.0
3437,4b75c88a-2e1f-4004-af6d-a827d8c7e613,1035,C0910,20241029,234.45,9.0
3438,271e473b-c782-4fc5-a479-a7d35c677417,1025,C0006,20241019,1434.94,25.0
3439,7eff1768-cd3d-4a4c-be02-a5bf86cd4ef3,1045,C0837,20240625,1127.27,38.0
3440,826ffe52-536d-4ce4-986a-e061d91f79f8,1014,C0412,20240809,1486.47,8.0
3441,2d2219e0-cd80-4b03-a11d-ca9bc2e1efdf,1032,C0482,20241024,78.46,44.0
3442,56dee587-34e2-4075-b24f-4814e7539466,1036,C0983,20240908,1659.37,34.0
3443,5109e52a-f7db-4e53-941e-e1d20686845f,1005,C0267,20240802,1597.36,41.0
3444,d76b0030-b281-4f23-abe7-50381d471668,1002,C0381,20240910,1015.07,12.0
3445,1ba837d0-ab85-402b-8915-ee881938276d,1020,C0172,20240622,757.97,3.0
3446,da2137b2-7e45-44af-9912-58aada905521,1040,C0225,20240925,220.57,25.0
3447,3e6fcee2-a40f-412b-843a-1b3fa791d428,1016,C0235,20240818,1335.95,44.0
3448,e09a5b02-cffa-4e18-a4b7-00c2556fa3de,1030,C0043,20240730,1404.35,16.0
3449,e1bba028-4b3f-40ae-8336-14539c140dca,1015,C0924,20240803,1573.02,42.0
3450,e41ddb8f-7bfe-45e6-9cd4-35f8a218b9a1,1012,C0671,20240815,924.97,33.0
3451,ca59e4dd-d1a3-4e4b-997f-d4586f3aa41a,1040,C0617,20240629,551.17,46.0
3452,c510178f-90e3-40bc-b86c-1faa87fe0909,1008,C0659,20241021,323.19,9.0
3453,835dd33a-0e50-4511-98d1-f76a12befa89,1037,C0945,20241005,413.39,19.0
3454,d8c1a813-87b7-4438-9b15-59203bba6a9d,1040,C0673,20241107,623.9,34.0
3455,4b9708e0-6ca1-40af-9f34-d34e1fbf7580,1039,C0716,20240716,403.41,33.0
3456,01574b7d-dd3a-44ad-a679-8a1bd94c02fb,1012,C0535,20240707,353.96,8.0
3457,7e479e6f-0ef0-465b-818e-46c08772468f,1036,C0312,20241120,1281.66,23.0
3458,12c386a7-9864-4dbc-95af-8c5cacc19734,1047,C0468,20240722,1189.19,45.0
3459,5290c126-31c9-4218-938c-975b360a6c36,1026,C0979,20240611,200.81,16.0
3460,3d5fe7b3-108e-4bb9-a89a-0fe8bea22988,1043,C1000,20241026,1170.92,26.0
3461,8fe1334c-06a5-4a03-93b2-db5828c1c228,1030,C0149,20240625,827.4,12.0
3462,ca6f42a0-5b64-4068-9434-19be2dd23b62,1026,C0066,20241118,481.29,44.0
3463,e4cfd0fa-4cbe-43a0-9531-529b07ad06c3,1019,C0730,20240707,1979.69,11.0
3464,d28364a1-c58a-483d-87a2-5b261759f1be,1002,C0802,20241013,820.95,2.0
3465,d86cd102-6588-42e5-b8f1-bb3da23f7425,1002,C0329,20241022,339.92,26.0
3466,575eb18d-f260-4e9b-8d8a-a135c2bd5835,1020,C0251,20240914,1169.25,17.0
3467,1e8784b5-bc89-4eb8-a750-81c41d6c301a,1043,C0512,20240908,1758.32,13.0
3468,ec6b616e-ab7d-4357-b54d-846fd0bd5b38,1023,C0815,20240829,1546.64,25.0
3469,4522efa7-9ac4-449f-bf95-58020137e4ff,1034,C0589,20240820,1719.34,27.0
3470,d67bb8c1-a9bb-490e-85a0-78d59322c7e9,1025,C0412,20240808,814.34,9.0
3471,d8781f39-3033-4567-a44b-685ab95600f4,1020,C0028,20240805,944.18,37.0
3472,90f7838e-72c6-42f4-9f6c-287394290246,1049,C0517,20240612,443.57,50.0
3473,ce319396-f8c3-4bae-bf71-e603da8e281b,1002,C0745,20240806,830.65,4.0
3474,8782b54d-ed20-41ca-9706-33b314cc4dca,1035,C0438,20240626,1654.77,9.0
3475,e007b3cd-12cd-4d12-bb8b-1206af6400f0,1029,C0301,20240802,1731.9,20.0
3476,2ed49376-33b7-458e-9be7-f2e50eca7150,1049,C0586,20241008,1015.07,28.0
3477,84a096b9-ef37-4170-8608-02845432e57f,1024,C0551,20240801,982.05,28.0
3478,9329ec22-998f-410c-b0e4-a96780a39265,1009,C0240,20240629,753.21,23.0
3479,eea11257-fcbe-49c8-897e-5e6752c13170,1027,C0639,20240629,1218.24,43.0
3480,cc96081b-7773-4262-95db-a4283a29a4db,1034,C0735,20241118,63.52,12.0
3481,107494ab-7b94-492e-91db-74e70aefbc9b,1032,C0259,20240807,68188.38,10.0
3482,5a546138-6c9f-46be-99ac-bc8ee8d3e022,1000,C0221,20240621,1015.07,3.0
3483,148661cc-2fd8-4943-be2c-f8f16f7135bc,1036,C0067,20241116,1492.33,24.0
3484,63e2fffa-42ce-4e25-a63a-9e544c795ce5,1020,C0666,20241123,372.23,24.0
3485,3192bf96-bf21-4e52-92ca-3d267aeb370e,1048,C0875,20241109,1934.27,37.0
3486,ec020037-8e77-45f6-a720-0e70dc069d10,1018,C0131,20240605,1578.31,33.0
3487,ed5f941b-d887-4f03-8702-e6abcdc8148c,1041,C0205,20240613,125.53,35.0
3488,379561b5-aed5-46c8-8eb0-db1bc3ff3b1f,1002,C0709,20240726,1070.39,39.0
3489,b4d53f51-f306-41ed-991a-42f7b5f5182f,1012,C0358,20241012,228.35,9.0
3490,c12afb58-a1d1-4941-b768-81d8d26c2868,1013,C0546,20240625,1175.28,19.0
3491,a20178fa-7261-4478-a1ee-fcd77522481c,1041,C0195,20240907,477.04,49.0
3492,7160d422-37f1-41bd-ae19-fdb13e88f81e,1027,C0911,20240923,1401.65,48.0
3493,3e138f24-0c28-4b68-9dd5-ba21f4ace92e,1000,C0034,20240727,614.25,1.0
3494,14006ee2-5914-4364-b8dd-9ef1de6c16c1,1039,C0634,20240912,634.82,44.0
3495,caddceed-0dfc-4805-bf9d-25f0ca43dd78,1023,C0636,20240728,740.55,3.0
3496,1058e293-09ed-4004-9da7-a3f9e6a2134a,1049,C0992,20241028,1795.23,43.0
3497,2299ec6d-cc12-42f3-aab5-bfa97c6317ed,1013,C0204,20240814,1710.3,41.0
3498,f53160d9-c3f0-4f61-ac1a-0f5ceeddf805,1003,C0555,20240730,1235.77,33.0
3499,5b6b635c-3fc5-405b-8d22-6054a98fe55a,1038,C0262,20240826,809.71,12.0
3500,cc435fb1-eb1a-4729-9a7a-09a89fd1aa05,1001,C0856,20241121,726.18,22.0
3501,a5dd0325-ae01-448b-a837-2dfab1220e95,1046,C0053,20240626,1974.02,17.0
3502,7b5b06e6-360b-442f-adfb-98d0d43287a8,1005,C0729,20241027,803.04,18.0
3503,98b974d9-cf14-4c17-a5c2-56a158e50e7c,1049,C0576,20240902,1797.24,5.0
3504,d39ee764-74ea-43fd-89da-0c3f3307e0c0,1034,C0047,20240606,887.42,1.0
3505,d3304301-a390-497f-b726-c48e0fc08ced,1030,C0749,20240613,1104.72,15.0
3506,6b113a24-265d-477d-a9c8-22c5a080d88b,1013,C0753,20240627,1926.9,46.0
3507,df7fa749-e773-4f9e-a9ab-6f85082a4972,1047,C0663,20240807,440.04,49.0
3508,4b9b8f9e-bf6a-4255-ac82-0e77a8309727,1029,C0357,20240818,583.71,50.0
3509,7ccb46af-8d6c-4f22-a127-98a0e46e5a08,1010,C0524,20241016,1015.07,37.0
3510,bb9639e9-30e3-48ca-b22b-722c922857de,1009,C0861,20241010,1970.71,16.0
3511,0000a3f3-b68f-43a6-b27e-03d13fdd447e,1043,C0436,20241002,325.66,10.0
3512,a652a130-fa7f-4ae1-8699-b776124e8bee,1042,C0380,20241011,991.94,24.0
3513,10e2e620-2cd9-4f15-b2a2-3c58292afc02,1016,C0700,20240924,1932.67,41.0
3514,e993a28f-81de-4f79-a955-d452232039cb,1019,C0436,20241008,789.43,15.0
3515,5f93c58b-0e5c-426a-ba91-25e56b10acd0,1030,C0857,20240904,1903.61,11.0
3516,a362201a-e66d-4c3a-8520-78a68dc0dc95,1043,C0097,20240905,1646.11,46.0
3517,eeb1f859-a9a8-4999-ac5c-f36de92a28f0,1033,C0244,20240923,1166.62,43.0
3518,c00576f4-e3f3-463b-9c78-006e96763ff0,1031,C0575,20240906,716.13,48.0
3519,ed7a0c26-08a6-4775-94e6-b3ca387ccd21,1021,C0788,20240926,1302.79,43.0
3520,abaf3dc0-60eb-453b-8749-cf88675af7ef,1016,C0446,20240811,1022.75,36.0
3521,1a54596d-97b5-40d7-9d2c-fd113aba972f,1006,C0872,20241101,1293.14,34.0
3522,78d5d524-f9f2-4233-b9f8-3e290d5b077c,1025,C0142,20240717,843.47,47.0
3523,7f4de7a2-d7f4-47d3-b347-a013e318e15d,1016,C0147,20240923,1172.44,3.0
3524,991b49b3-6551-4814-badc-0db04aac34be,1025,C0410,20240707,846.04,17.0
3525,3bb8d8ac-7811-4d3e-b833-54049fa9da00,1036,C0649,20240624,495.09,31.0
3526,7da37695-eadb-4615-a9db-a076bfdf2778,1045,C0813,20240704,1680.54,44.0
3527,6eb92c14-20a6-4831-b95f-6531e2fde299,1003,C0333,20240820,1026.01,16.0
3528,c6d1c500-1dc8-4459-a9c6-de52a28c7b14,1012,C0386,20240718,1841.98,41.0
3529,3a2c139e-761c-4035-9bfa-57b894d68ea3,1046,C0735,20241108,325.01,19.0
3530,f22d20f8-4f4f-48aa-a789-1ce43b6fb567,1015,C0735,20240615,1664.98,44.0
3531,d52d164f-e085-46f6-bd64-e35d04f07435,1017,C0946,20241008,1194.54,5.0
3532,3ed24714-d521-4a70-a857-4b83fec73e2f,1009,C0535,20240714,1929.45,4.0
3533,61a80a11-5cd5-4403-b675-de0ae524c29c,1008,C0863,20240626,91.48,19.0
3534,340f3ce3-a121-4c4b-a5c2-ef9f211656b3,1043,C0858,20240719,501.59,1.0
3535,ceae7491-ccb8-4a57-94d3-f9b7bca52a71,1029,C0776,20240920,1434.69,39.0
3536,decb824f-c03e-4b8d-a8f5-e541fdac04cd,1042,C0983,20240805,1911.24,28.0
3537,d33828b1-39a6-4bed-b769-d0f39f257879,1019,C0335,20240822,383.54,24.0
3538,2f83860b-5c3e-4a98-b8a2-e1914a0a63b7,1015,C0235,20240924,1944.38,3.0
3539,429c884d-3f86-42e2-a853-08af81f5d235,1024,C0856,20240728,1540.02,14.0
3540,42dbe6ef-10c1-4eb1-af4a-7eb8365205ca,1047,C0454,20240606,370.04,38.0
3541,3a4b42da-dff3-4fec-b406-63684f942459,1010,C0501,20240718,594.09,13.0
3542,eb6a5861-29c9-4f8c-88de-7549f267b85a,1001,C0223,20240810,1691.89,14.0
3543,1bd6acba-42fa-4f93-b6fc-88f34cb9d88a,1033,C0768,20241015,1427.4,21.0
3544,5a506a28-c8be-438d-acdd-1b96b088583a,1034,C0475,20240930,754.19,37.0
3545,ba60ee5d-1c84-4dcf-93c6-568930291a9a,1008,C0083,20240706,280.91,23.0
3546,6cb8ee52-3322-467e-a9a0-e9e64130e036,1019,C0690,20240807,566.8,31.0
3547,39ddc8c0-4973-423a-92c6-091cf6dff533,1017,C0641,20240819,1323.35,12.0
3548,aedb86a7-2820-4b29-a8da-148f3f4d6e87,1020,C0292,20240726,684.9,8.0
3549,aca2bc57-6159-43db-9cd6-4db652c8f533,1045,C0094,20240628,1038.58,25.0
3550,4d569f38-6b8b-49ef-9c80-00cee0e80348,1001,C0004,20241024,1393.61,28.0
3551,fd2e6ef6-b18a-4bf6-b5d4-ca3922853d67,1026,C0146,20240921,1191.61,17.0
3552,6d514a63-b4ed-43d3-afa2-c7c4e250c565,1021,C0654,20241114,461.48,29.0
3553,cf2d1da4-9bfe-4958-9000-3fb7acc0287f,1020,C0587,20241101,926.35,22.0
3554,dd35815d-471a-4b17-8000-eecd6e0a0703,1015,C0649,20241127,855.84,9.0
3555,8fc7ed4a-36fc-4d1d-bbb0-1169cc8d3c6e,1043,C0099,20240926,1712.91,11.0
3556,67a5d0ac-aa12-407f-9d24-ca6efda538c4,1029,C0519,20240717,997.34,18.0
3557,6e2319ae-a028-4ce2-9dc6-0415bb46d0db,1040,C0574,20240723,232.53,46.0
3558,8f8a42ae-a32d-487a-97d9-6a615105c8cf,1046,C0387,20240707,177.77,38.0
3559,4a9930b2-3a4e-4e9f-9124-5bb8fc3c2bf1,1024,C0726,20241008,602.93,29.0
3560,110e0cfc-ba16-4adf-8a07-31b9c7808aeb,1003,C0580,20241007,1470.15,40.0
3561,a0ff2e41-bba7-4ef0-9e9e-2df622c003c3,1012,C0222,20240729,738.85,20.0
3562,b4e0c70a-2b24-42bf-861d-7a8e3ca32761,1020,C0295,20240611,1869.09,42.0
3563,36569860-f367-497f-92b8-e113a06181dd,1049,C0820,20241018,527.47,50.0
3564,47ca1de1-6176-487f-b15a-012564f750f6,1043,C0784,20240628,702.05,22.0
3565,f040e5af-8c32-48aa-826f-286a4c1b01b7,1014,C0617,20240718,1044.6,4.0
3566,0228a2d5-1206-4af9-9afb-8c1f6c472698,1022,C0640,20241105,1659.53,31.0
3567,1433f127-cf03-4e33-8811-fbc6fe69d017,1003,C0899,20240609,1393.36,36.0
3568,8985aa3d-53cf-48dd-a1df-98be025950d4,1035,C0313,20240725,583.54,32.0
3569,2b1e1f82-82ea-4680-8cf4-ed8f0700eb4a,1024,C0048,20240829,1678.33,3.0
3570,d10223ee-5d28-485c-8129-198d29899569,1006,C0386,20240628,1471.1,16.0
3571,45da5cd0-d4fa-46ce-bb77-1bd7d93767d7,1023,C0514,20240809,176.23,36.0
3572,73a99c6b-879c-4df3-963b-1fac2d9799fa,1020,C0127,20240618,228.38,8.0
3573,208fd86a-b205-420a-9212-43a85685b419,1005,C0389,20240620,627.56,11.0
3574,dcecd1f9-f443-4ac0-9619-f5c5bbc0bd84,1030,C0135,20241020,1565.43,21.0
3575,231ad440-aa43-483d-8e85-cb457bf619b0,1036,C0450,20240718,97.74,5.0
3576,8c8aef35-bdde-4e92-a2dd-d54c1b09af6a,1012,C0368,20240720,63.69,22.0
3577,9c0b628c-b5a0-4cf9-9ea4-cdad2f01e25f,1008,C0200,20240707,705.13,14.0
3578,f3f8f467-230a-4a48-a399-12d99092a6f9,1036,C0935,20241004,528.27,43.0
3579,e35ae7c0-f12e-450f-b0b8-b4be86d6555b,1004,C0598,20240820,193.88,36.0
3580,8d76d737-1125-430d-a24c-41e662c3c68c,1023,C0617,20240617,259.16,37.0
3581,49b27f77-256e-4b35-9cbd-d157663ec0b1,1016,C0324,20240920,1547.09,42.0
3582,3cfbd0be-4de4-44f1-9561-3e38e6cda1a1,1021,C0450,20241008,580.51,10.0
3583,d21fa354-8f4c-4f15-89ae-6bac9ea99c2c,1021,C0333,20241017,1158.33,47.0
3584,e683558f-14e9-4798-8bb6-96b2ad340031,1031,C0856,20240803,1386.17,21.0
3585,4a363261-0f61-4794-b7ab-ba355b2fc29e,1034,C0089,20241013,835.98,19.0
3586,be65c5d2-0843-4d10-9653-56e3e88e1158,1013,C0185,20240828,949.6,3.0
3587,38c98197-6a6a-41f0-9f00-b742bf46ef2f,1013,C0323,20241004,1413.2,35.0
3588,42b30315-49f4-4b43-aa58-3397d0dc77bf,1036,C0997,20241122,253.28,50.0
3589,fb1f2564-5520-43d8-b9ca-57da115cba4e,1014,C0638,20241008,90.29,17.0
3590,2635e54c-97f3-4af0-a007-466f7cf61b4a,1023,C0578,20240619,1663.39,49.0
3591,09ebcaab-49dc-4ef7-a863-794d3dfa9ce2,1045,C0771,20240921,637.28,14.0
3592,eea035d6-0216-4e3c-91b8-72c96270d1e5,1032,C0330,20241007,1991.92,37.0
3593,27587328-0989-4a3d-8574-12971d5644d7,1017,C0732,20241115,1226.76,39.0
3594,2f7e9d4a-8b18-44c7-97dc-b621235603da,1019,C0319,20240813,971.39,25.0
3595,f012f11a-981b-4a46-9cfa-4ee8675cbeb1,1001,C0524,20240904,763.97,47.0
3596,04d64a51-de31-4042-bbd8-4f63818a4524,1005,C0287,20240816,902.4,14.0
3597,2b7c5273-3b65-4c9d-bb53-90a489567618,1030,C0498,20240727,1090.0,40.0
3598,776e732e-e607-4498-9d96-c5dae64f3930,1031,C0163,20241030,216.69,30.0
3599,b0860359-b4d6-4f3a-803a-e82b434c3087,1015,C0126,20240610,1851.22,47.0
3600,6ad3c3b4-9393-4cde-b3e2-42d471b52401,1025,C0172,20240712,1574.93,44.0
3601,75587b44-fec0-4711-880e-964497db1738,1018,C0005,20240814,1829.95,14.0
3602,b0f353a0-363c-4157-9ee9-854b9ba46266,1032,C0315,20240629,875.65,25.0
3603,ef7efc10-5923-4fc8-8e28-b061ae2be95c,1013,C0491,20240608,1327.07,14.0
3604,5ab3a616-3509-4367-bbc2-bcac01e935a9,1036,C0857,20240815,87.48,28.0
3605,df2a2251-2d7a-4ea5-ac88-3e3a2923d677,1043,C0266,20241023,909.04,50.0
3606,a0e239a0-6a33-49fe-85bf-f6674c028cec,1016,C0817,20240806,1670.07,7.0
3607,1d1ace32-611a-4fce-8888-1cfe59d6c958,1013,C0898,20240627,304.82,25.0
3608,4b634cf3-4ac6-40a9-a172-cc8a10516a89,1013,C0157,20241127,1194.7,39.0
3609,9d4effac-e079-4cd6-956b-3cf97828aa40,1042,C0829,20240903,1632.95,33.0
3610,098b4b5d-88a8-4edd-b7b8-65e3ed2e1b07,1012,C0817,20240820,1108.08,29.0
3611,2a1b379f-7a6d-44c9-a486-3abaaeca97fe,1013,C0922,20240621,202.8,1.0
3612,5cd057f0-68fe-4910-aea9-2a395e1275ca,1036,C0709,20240826,999.22,23.0
3613,b60d0c8b-f453-492e-afac-876a7e1be130,1001,C0886,20241123,1271.1,1.0
3614,1a3a5293-f1bf-4a82-9021-64725beeb4c4,1026,C0367,20240914,1340.23,38.0
3615,61e50797-3e1d-41c3-b9bb-896a369c8aa5,1028,C0233,20240728,1409.12,3.0
3616,95de7e70-fe2a-45a5-89f7-493c8407f8de,1014,C0591,20240908,969.5,1.0
3617,d67bf62f-50cb-49d7-8e16-da8a02512976,1012,C0004,20241013,119.5,16.0
3618,1b75e500-cd0c-41e0-b196-162db47de09e,1029,C0258,20240921,63.52,25.0
3619,566a8b22-7115-42d3-97b2-9c1de0f88d1c,1016,C0571,20240622,1559.08,15.0
3620,f20af39c-b708-453e-a945-9e989b8adfb8,1004,C0179,20240925,1554.22,14.0
3621,a42bab76-87d8-4a29-8256-51fdb91a81f5,1002,C0133,20240629,327.91,42.0
3622,d3e96293-b594-473e-b942-e437d4c0b463,1031,C0465,20240926,1086.23,14.0
3623,ae781658-eece-4d66-9d91-6018fc7dedb6,1022,C0405,20241013,1623.67,29.0
3624,f19967b4-2f91-4ff5-9f20-1bb6a198483a,1006,C0451,20240921,1303.88,29.0
3625,ceae15b8-9550-4ef6-b65b-bc66f96c54a1,1040,C0067,20240810,723.83,22.0
3626,3b888ef9-c24b-43f1-a6a7-f6231e8c5dc6,1017,C0256,20240927,416.85,18.0
3627,b02abf36-bef2-4008-abe3-d99b8e032faa,1036,C0315,20240911,884.16,3.0
3628,916e9598-9af2-414a-859d-a9bce76c864c,1016,C0700,20241013,132.92,11.0
3629,43d58971-9fdd-43fb-9220-07d3d5dca67a,1047,C0720,20240706,634.59,7.0
3630,e9f70194-72c7-4fee-8bd7-81bfd6557500,1016,C0911,20240718,1496.89,36.0
3631,2e730d20-d57c-477b-9b27-d5891c675028,1010,C0115,20241018,450.06,17.0
3632,5d632f40-fa3a-4ea9-9b42-600c755ccff4,1022,C0176,20240618,1610.99,8.0
3633,9676f12d-36d6-4e2a-a95d-d6e587908c1c,1010,C0020,20240905,142.69,40.0
3634,99ca464f-5d95-4e9f-b339-3261c62c29e9,1028,C0229,20240917,766.03,19.0
3635,1ef4923b-4a58-4679-9a8c-e69a44b8210d,1040,C0698,20240822,654.23,31.0
3636,bd162669-5041-4e50-90d7-8267392fd6bd,1047,C0682,20240827,403.96,34.0
3637,53a0255d-0611-4035-8297-dcc40e8a3396,1048,C0524,20240729,1760.84,48.0
3638,827737bf-2636-4349-9418-70ad96f75abe,1010,C0476,20241012,1644.21,37.0
3639,46e35103-f409-49b4-a09a-6efd1c0b035f,1027,C0385,20241104,1673.19,42.0
3640,c16937b5-f581-4cfb-9a63-15dc13f0871f,1028,C0687,20241006,1472.88,33.0
3641,bf928af9-f601-419f-96aa-860c7df32fa0,1022,C0800,20241120,927.57,18.0
3642,e9177f41-53e8-444d-82b2-3f15a79034ae,1006,C0733,20240912,593.28,40.0
3643,0894ea62-3f69-4337-ba7d-c0c7f6a588e2,1017,C0074,20240610,103.32,16.0
3644,c1f56895-cb82-4a24-ae90-4e7943982cb6,1042,C0601,20240817,958.54,18.0
3645,3004a0a1-7b4f-4811-a16b-9bbb64690e03,1045,C0469,20241008,1942.7,35.0
3646,fafa4563-94eb-4ad9-adcd-5039d31c03ee,1031,C0146,20240813,1688.94,34.0
3647,71244c42-ac69-4366-9f66-81ec4c792626,1048,C0416,20241015,1917.72,50.0
3648,f3986b94-3925-4e25-b389-eb4b599d76a0,1020,C0059,20240709,481.88,27.0
3649,78b3ccca-59ae-450c-b5d7-82348575f450,1033,C0863,20241114,929.23,27.0
3650,4a62432a-4a32-4503-bca4-48efd843dc39,1045,C0188,20240806,381.12,25.0
3651,47ff9b68-496e-4e63-a290-1798004d130e,1045,C0742,20240901,1547.41,18.0
3652,f614c1f9-1cb0-4d79-8890-ea9bd922449f,1030,C0705,20240621,1225.63,28.0
3653,097cdb4b-16c2-4c71-84fd-5bca2fa3e9ff,1011,C0644,20240812,341.0,46.0
3654,8126ab36-8e44-45fe-aca2-5be2469a917b,1046,C0384,20240816,1015.07,40.0
3655,25aab386-663a-4c38-a628-868f8692af95,1031,C0838,20240816,615.25,23.0
3656,3a8932e0-cd15-422d-8927-423854c0af0e,1041,C0452,20240827,1409.77,23.0
3657,5fcc8026-6c7b-43b7-b8d1-a14b741ca510,1046,C0715,20240627,1494.77,30.0
3658,d75a1972-5d73-4156-bfc1-7f8e1f2a2bda,1011,C0524,20240606,1214.41,29.0
3659,6b0a0e54-34d2-4613-bff8-104f3db6e634,1017,C0542,20241117,1213.85,12.0
3660,4ea1d1fc-a369-4614-aab5-5d8eaec07a76,1014,C0649,20241111,859.53,28.0
3661,3033a0a6-d012-4e18-8fbd-e9c736b28293,1021,C0490,20241004,103.68,20.0
3662,0816311c-c20d-4821-97a9-d2ad510b10c1,1047,C0963,20240913,722.35,14.0
3663,a1b4c115-0c88-4f71-b9f5-83e77493211b,1036,C0640,20240922,511.65,30.0
3664,cbaa093e-2eee-453a-9664-5d16ac83bfde,1041,C0768,20240914,1015.07,1.0
3665,0321d828-03b9-474b-bbe9-8bd7cf613f3a,1049,C0860,20240915,369.18,6.0
3666,41f2d5b4-a60c-4bfa-b0f4-a60ccb9dbd97,1047,C0400,20240715,1446.76,40.0
3667,26cd5a48-7dc7-4b77-8544-ebe4bb4438fb,1041,C0171,20240624,1521.45,36.0
3668,1b3f0fa5-443e-440d-a520-21eccf493a68,1000,C0533,20241126,1869.39,41.0
3669,3f4c5c6d-6582-49e1-b6d2-944a13d3e456,1048,C0585,20240921,598.01,27.0
3670,e243c4a5-e499-49d2-956f-1f664ffab4f5,1018,C0572,20241028,817.63,42.0
3671,416fb1eb-5685-4402-a22b-6690ca7baf04,1006,C0145,20240717,95.87,24.0
3672,9ff90eb5-8339-4e88-94bc-ccb2df40e5a3,1001,C0854,20240619,1925.03,22.0
3673,6a6ed246-8a9b-451b-8a8a-6db41aa72d55,1008,C0148,20240721,1633.73,25.0
3674,f0a108ff-bb4c-4358-b8c1-15762ab15152,1029,C0949,20240613,1143.8,32.0
3675,a76412ee-e6d3-489c-bfca-faffecbeab97,1004,C0251,20241029,723.49,5.0
3676,09c222e3-5ff2-4f58-884d-1f0c1c606d44,1020,C0689,20240727,1345.47,28.0
3677,54e0e557-7e91-460f-9e9e-39466c320b21,1033,C0957,20240821,1424.63,12.0
3678,b98d5274-04f0-47c1-9345-85a0c4ff5dbc,1025,C0660,20241030,1015.07,47.0
3679,aea11a02-d6f6-46e5-be90-d82156a4cc66,1047,C0468,20241007,61.55,41.0
3680,cc0ed52a-bbdd-4cc2-86c1-528cddae1854,1012,C0092,20240719,1500.27,40.0
3681,2168e727-f435-4d7e-b6fd-d4b3e33c6cfc,1038,C0081,20240914,1015.07,9.0
3682,6981a496-2e5f-4173-b5ef-d84853145835,1017,C0941,20240819,80.89,14.0
3683,be3847bf-cb37-40c2-8a84-4dce38db058f,1024,C0194,20241031,1572.22,3.0
3684,7d4745c4-4947-4637-915e-c2b6f2e89d08,1030,C0210,20240903,878.11,22.0
3685,9b63d042-2a67-4090-8392-7d4b782e12ba,1046,C0295,20241105,292.88,24.0
3686,7f250598-3695-46d8-a96b-52e3cfa5f3b1,1043,C0292,20240921,385.84,25.0
3687,85f99300-2c60-4073-aa75-ee20b35ee09f,1045,C0558,20240831,1120.98,42.0
3688,5d4e3813-dc27-48ac-a155-24a41ae108b3,1004,C0589,20240730,863.95,20.0
3689,19fcb97c-da7c-4e33-9f82-be954bb23d72,1000,C0368,20241124,1783.64,12.0
3690,327ac250-c156-415c-8ab1-debbdef264f0,1008,C0200,20240722,1530.11,26.0
3691,801d6477-4849-4d32-9df7-b67bee8acb8c,1017,C0545,20241007,994.19,4.0
3692,509b0f08-ee83-4cd1-80ad-a185efc15177,1030,C0989,20241030,1307.72,34.0
3693,2d9dbbc0-58dd-4ce4-958c-81a8b1d6f1ba,1036,C0809,20241029,697.77,21.0
3694,6eaa58c4-403c-4ac6-aa5e-5d6480cf1287,1043,C0338,20240830,1415.45,24.0
3695,9de5328b-3c6b-4ccd-8b37-a648b34a31ad,1041,C0051,20240815,1086.61,38.0
3696,34902d50-a02a-47dd-b16b-1deca270d93b,1022,C0881,20240811,1015.07,4.0
3697,779f2ad3-16de-447c-91e6-e5ea71e20848,1013,C0052,20241020,1949.9,49.0
3698,60c789a9-2f44-4618-81b0-130c668f2173,1030,C0381,20241017,41931.16,26.0
3699,71f5973a-cf98-474c-a8a1-b100bf7afe88,1045,C0162,20240914,572.7,41.0
3700,33274a98-410c-4e13-9c51-c6e1f7a4aee8,1036,C0219,20241007,1095.89,18.0
3701,57856645-3a43-4213-8cab-ef19f17891f6,1023,C0286,20240925,1122.71,35.0
3702,806f0739-376d-46c5-a311-36dda2655e76,1029,C0856,20241004,1663.59,16.0
3703,c85d37cc-4fd6-43fa-8c14-801ced0d079f,1035,C0592,20241112,480.84,44.0
3704,707e9911-6568-4ed0-a6f6-e45887a584c0,1010,C0882,20241108,1845.19,50.0
3705,804fb427-b4ab-496e-bbba-6a042d10e96c,1031,C0640,20240711,1886.87,25.0
3706,80e7f43a-7f3c-4716-b545-5bb93a711ee3,1042,C0267,20241128,1135.5,21.0
3707,02733139-1448-413e-98dd-823bdae08e91,1040,C0902,20240905,1169.61,31.0
3708,36130f34-d712-4a08-b885-68241d65823a,1033,C0057,20240709,1927.75,23.0
3709,379334ba-54d9-47bd-ad94-4f236b607f35,1014,C0510,20241114,215.49,9.0
3710,0bcf74c8-aac2-4cac-806e-65bb1079d584,1045,C0807,20241025,1015.07,19.0
3711,8e61673f-571b-4524-904a-4aac96c6c6b0,1039,C0747,20240629,1460.34,46.0
3712,8691e41f-2e5b-4498-855a-781438d19662,1002,C0286,20240719,1083.87,3.0
3713,1bd57125-8f51-4705-baae-50fea4d2fcbe,1007,C0168,20241111,823.75,1.0
3714,c3d6fe53-af98-4d95-b4d9-c1876c4a7e66,1031,C0561,20241027,1015.07,24.0
3715,f40ce91f-be13-472a-a242-32d5ebf2dc73,1037,C0407,20241022,992.63,37.0
3716,bc61d2ee-8ef5-4bfd-bf0d-d2493677cfb0,1007,C0676,20240601,1091.72,17.0
3717,ac710047-7a84-4703-8c99-d4eded6c7d10,1019,C0385,20241023,725.85,20.0
3718,a438a82f-273d-4cfc-a368-6e345bb91902,1000,C0158,20241016,1672.15,4.0
3719,bf1ae7dc-8627-4063-9667-ee6871e8d4a3,1042,C0865,20240705,299.21,38.0
3720,5a22076e-ed10-45bc-8f5c-4a5ca0191aac,1004,C0961,20240605,1296.8,26.0
3721,92e8f6dc-45dd-4bbc-873c-931d55f5d5ca,1033,C0855,20241029,1894.22,31.0
3722,0eb23a5a-fddf-4631-bfa3-7e38151e557a,1033,C0157,20241106,1627.49,3.0
3723,88a759eb-e894-4871-9cec-9232b1be323f,1005,C0419,20240807,1015.07,1.0
3724,44834d5f-17bf-4273-87eb-d26b81bcffb7,1004,C0610,20240727,1522.9,44.0
3725,a765663e-99b6-41ac-ac18-44d0a78bb7d6,1023,C0719,20240901,907.5,28.0
3726,391ab049-1cab-438a-90ce-53f0fdb29ef8,1015,C0730,20241109,1561.34,40.0
3727,cc756208-cbda-44d9-b240-799c008b0553,1041,C0771,20240714,982.2,50.0
3728,f2818746-eeb3-4a1c-a7fb-de1efe63195a,1025,C0751,20240615,1243.55,25.0
3729,c7f5dbf2-ed81-4f06-aff6-cf77c824b902,1009,C0626,20240921,659.97,25.0
3730,2fdb22ee-d750-4ee8-8e16-13d0eb717862,1049,C0799,20240830,1421.13,5.0
3731,59283a26-a0ef-432f-9f73-47085f80c9d4,1038,C0392,20240713,1015.07,28.0
3732,df2839d0-34ce-45cf-b132-899f79fa414e,1041,C0087,20240714,1015.07,22.0
3733,7ffe5bfc-1ab1-4031-b706-f1ed0fb387b8,1006,C0210,20240606,291.22,13.0
3734,d7755aa9-b902-4e23-8e53-ceb38b058cff,1047,C0271,20240713,1015.07,13.0
3735,657a228f-afdf-4deb-b643-0386d80fff3a,1003,C0436,20240608,436.11,19.0
3736,e1d9e31f-567d-43c9-b945-f7ab992e657d,1039,C0228,20241117,1015.07,28.0
3737,023c9c35-d219-40e2-9d24-e082d8ab822a,1010,C0724,20240713,1425.2,35.0
3738,6113e8f7-b408-48f6-a6cf-2a042f4f0f6f,1001,C0877,20240613,1988.89,8.0
3739,75d98b38-ff42-4e0f-9735-a583cb5c5f8e,1003,C0152,20240627,1034.21,25.0
3740,7a4db502-d3b2-430a-910b-5f9cdf35da04,1047,C0428,20241011,1036.6,38.0
3741,efbf5e23-747a-4bb4-b951-6c5dbd4e579d,1026,C0153,20241116,1941.71,1.0
3742,08cb9f95-fbac-48dd-9de4-52f06e769249,1005,C0198,20240627,576.17,37.0
3743,ed18b6ca-024a-4451-af72-5d94682cf73a,1021,C0612,20240928,1468.05,20.0
3744,33eeacf5-d70c-4221-b7d5-9781f8d45301,1020,C0837,20240808,1281.4,38.0
3745,ac143b60-ecbc-4437-9434-40a9f985b30d,1022,C0486,20241024,562.72,26.0
3746,a7925666-b063-4072-b73e-4be5a2c5ca3a,1024,C0045,20240930,137.59,11.0
3747,c90b0fd9-af19-4520-852d-434b1c0d0ffe,1032,C0358,20240903,1835.53,17.0
3748,108a2fe4-c195-4be3-b86b-e76f315a97c3,1009,C0820,20240819,923.57,10.0
3749,ab31460d-e9cf-44eb-ac30-2592ce6fc350,1013,C0353,20240604,1015.07,25.0
3750,fc97d2eb-8338-4b2a-a1d6-f4af1b37a66d,1004,C0014,20241104,1002.51,16.0
3751,455e6f0b-5ac3-4398-bf2c-0e6ba75bfa07,1035,C0802,20241025,780.73,19.0
3752,6852f0d5-b515-4405-8885-66d854793158,1049,C0542,20240616,1691.48,36.0
3753,fdba7686-c89a-424d-9a0e-cc3f3364fe57,1007,C0177,20240627,611.92,49.0
3754,a8b3c29f-1e9f-4aa9-9e73-049bf1f08970,1003,C0012,20240828,1556.04,33.0
3755,fc3cbe26-a795-4688-b5ce-007d9c064933,1006,C0286,20240614,1787.87,9.0
3756,3db0348a-272e-4e0c-a818-83789dcb9a4c,1018,C0819,20241018,812.11,36.0
3757,78d3901b-3b48-4a43-b54e-0f134d307413,1003,C0647,20240920,520.51,25.0
3758,c3224785-4dcc-4f50-b86b-c0f57744f993,1004,C0708,20240915,1259.31,15.0
3759,b50a0afe-3396-4ca9-b256-734b534d0bff,1021,C0517,20240614,883.45,50.0
3760,45d37782-444f-455c-9e61-a1c510cf164d,1031,C0545,20241019,626.76,45.0
3761,f782e93e-e807-4102-ae86-d75f97be8686,1010,C0818,20240921,1399.82,13.0
3762,4daed08b-7582-4598-af56-0aa8c9d5cd1b,1039,C0162,20240705,73408.15,29.0
3763,c8f7381a-0f4a-4b22-9086-d2756736754b,1004,C0142,20240628,1335.62,30.0
3764,a019e7c0-1d97-445c-8b20-eea1f0a1e7cf,1047,C0163,20240625,997.74,28.0
3765,5f7e7314-2563-4a57-a416-e4adf7d297e0,1012,C0795,20240929,1015.07,1.0
3766,13bf9a53-4591-4165-b775-a9a442434990,1010,C0627,20240807,1616.02,11.0
3767,2c1ec8a1-f45c-41e0-8db2-8cd96ec9031f,1030,C0640,20240812,53060.82,19.0
3768,0e1b490b-7828-4bcf-9bb5-0e58b372a66b,1015,C0067,20240810,1188.37,21.0
3769,17d8aca3-3397-49da-a131-64967611c78f,1014,C0607,20240818,339.16,14.0
3770,506c726e-fbda-4321-b71f-5320c1eaea92,1040,C0524,20240624,832.76,6.0
3771,7eb19545-24c8-44aa-8e2a-de9228a56c1a,1035,C0581,20240727,1747.82,28.0
3772,6eb2e0b9-24bf-4439-8fdd-8f8e70ac36c7,1026,C0934,20240603,310.82,48.0
3773,0540e19b-5b57-43f2-8713-56362dede3b6,1037,C0206,20240611,317.24,19.0
3774,2f32c378-6949-40ee-8b42-cae3254f06f5,1017,C0109,20241023,729.66,18.0
3775,b44c18ae-f50c-4a77-9dd0-408ceda88875,1049,C0774,20240828,1076.95,6.0
3776,7dcde389-0c77-4c41-93a4-9c7d9c5aeb8a,1007,C0577,20240602,203.6,49.0
3777,05e1f5a6-039a-4d3e-8093-66f39878da68,1016,C0076,20241118,215.06,34.0
3778,87af458b-b014-4d17-8059-1b3084e92252,1042,C0810,20240612,1984.63,33.0
3779,34673667-4662-4244-b18a-a6472e7e8cf1,1007,C0572,20241004,740.67,39.0
3780,50fb1752-db0d-4468-97c7-94a4eba44916,1031,C0759,20241019,1345.89,30.0
3781,f2c6b6f7-549f-4bd8-8efa-d43a52526bfd,1009,C0104,20240914,850.0,27.0
3782,82e6daf1-c14a-4e31-9a53-4024b289e431,1010,C0518,20240622,681.24,47.0
3783,99723926-04aa-4bbb-96d2-2687a1d7dec7,1043,C0855,20240605,1708.73,28.0
3784,20b40629-9f95-4b98-aa56-22c19f57473d,1010,C0919,20241117,1067.88,15.0
3785,0eacf8e3-4be7-4194-9bd3-390b5d20688c,1048,C0452,20240717,1843.48,7.0
3786,c2c6b5d7-12ac-4b10-a81f-820ea462a9fe,1028,C0558,20240713,1089.69,10.0
3787,8ce949d6-7d57-4813-8468-5f7d9e3da67a,1040,C0122,20240708,1565.21,14.0
3788,0a247745-ef17-4fa5-a794-ee6bef7f5565,1022,C0908,20241126,1522.05,9.0
3789,587853b2-079f-49a5-a1e7-89c3034d8290,1025,C0654,20240810,1608.78,46.0
3790,59965dc3-7c96-4678-8f25-8529066ebe69,1049,C0263,20240616,624.89,16.0
3791,cc572bd7-3b5e-4ae0-bde8-19e7efae4fd9,1008,C0594,20241015,1957.11,36.0
3792,12e65295-a2e5-4bb7-88e5-c9051f532b22,1036,C0576,20241006,910.74,11.0
3793,c78d8feb-b22c-4278-a779-2b1006ac1621,1030,C0378,20240704,1750.81,29.0
3794,1240620b-4c58-49f4-8981-e266b450a8ca,1014,C0387,20240829,1295.95,36.0
3795,927385bd-ad09-4225-bcd6-a8535d760b47,1018,C0706,20240829,1531.4,44.0
3796,e47979b9-869b-4896-a8f6-f7ef1e12aa21,1024,C0649,20240920,1388.11,18.0
3797,7a53ed36-f4a6-443f-a8c5-0618b610b340,1008,C0729,20240729,857.61,38.0
3798,8dc3d588-2ead-4de5-b364-6aa17431e9d0,1040,C0703,20241124,672.7,36.0
3799,f4790f4e-dcea-4f7e-b42b-440a49ecb4de,1019,C0952,20240625,1424.78,22.0
3800,7dfc9d87-6a5f-4626-a008-e1a3d30f1525,1018,C0916,20240923,1517.49,19.0
3801,048c2ad2-b5f6-4323-b743-f1d3bb77c050,1009,C0752,20241115,801.6,34.0
3802,836ac184-23d6-403e-9313-b4edc580a1e1,1035,C0638,20240905,1877.14,21.0
3803,b3ba85b0-33d7-4efb-aa40-37c4873021bc,1011,C0749,20240718,512.63,33.0
3804,15c91521-8c93-4986-b3aa-e33abdf1e6e8,1004,C0380,20240706,1724.41,35.0
3805,d273cc4a-9e85-49dd-b004-22bd8aa5b175,1036,C0081,20241107,1678.05,8.0
3806,a904662f-f8e4-46a1-b337-a852e59490d1,1027,C0866,20241121,1379.31,19.0
3807,cb37cdb7-1ba7-4bac-ae19-227ee006730c,1024,C0077,20240622,325.26,43.0
3808,63da3d32-17fc-4dd4-839c-95a5ebacaf9d,1045,C0468,20241113,442.12,32.0
3809,89ac85cb-8ad3-41ff-9bf6-4b1ddacce270,1047,C0997,20241109,613.37,11.0
3810,370fd397-90de-45a0-8df9-e9e253200bd8,1001,C0442,20241017,1006.93,26.0
3811,280934af-acfd-47fa-afc8-c4ee485c1fd2,1022,C0368,20240615,1250.18,35.0
3812,6dbadf9b-1ea5-4d68-ad3f-b4963446412e,1048,C0068,20240613,1391.35,21.0
3813,71b4bc73-43cc-40f6-87a1-b23bd098da6e,1016,C0818,20240922,768.01,12.0
3814,da31d222-a052-4c20-a29e-aafa5b6c446d,1046,C0207,20241106,731.0,38.0
3815,3a4448de-5ac5-4b7e-8ad9-878f02b18ddb,1037,C0720,20241009,1650.95,38.0
3816,6f6123f9-886f-418d-8efe-c05d20db51f0,1016,C0813,20240711,951.18,22.0
3817,e9d31b9c-0310-48e7-8266-b99136128384,1032,C0939,20240717,1493.86,23.0
3818,394b42e3-a582-453b-8163-478aabac993f,1043,C0599,20240722,641.9,29.0
3819,50355a3d-96dd-4ba2-a0a8-8a3bc8656c60,1007,C0839,20241115,1062.98,44.0
3820,26f4b9e2-5a95-4468-9eb7-485deecff860,1044,C0294,20240714,247.24,49.0
3821,42adf44e-6c8b-4094-a64a-d83901e56fc6,1048,C0372,20240917,374.7,19.0
3822,b13ea393-4607-47ae-84c6-c20bf4cd648a,1014,C0117,20240629,291.54,36.0
3823,558430d8-023a-4e46-8434-97c607c8f591,1018,C0331,20240709,1415.69,36.0
3824,a4537b72-f2d4-466f-b5a3-a39eaa119063,1016,C0840,20241119,1186.91,8.0
3825,aa14c3cb-21d0-46a6-8679-045b5894faa6,1034,C0753,20240716,150.14,8.0
3826,fc9e9acb-d3c9-4bb4-a971-7750408629ec,1042,C0200,20241004,369.28,22.0
3827,c9610192-df47-4d7c-b5e8-50bc40432833,1044,C0788,20241106,1608.62,39.0
3828,cc48f100-3d80-44a5-8eb0-d5ded7f43c22,1023,C0334,20240914,503.45,33.0
3829,52da2c04-861a-4bbd-8a67-e111e7d80acd,1003,C0273,20241022,1034.91,45.0
3830,3d1bb1f5-6975-453d-bb83-f5c2e030a3dd,1039,C0272,20240906,980.76,26.0
3831,61878b50-b840-43b6-892f-5d2a3906ddb4,1025,C0874,20241026,1446.55,12.0
3832,51452cd2-80de-444a-abf9-a5d1d8364ff3,1020,C0192,20240603,65.09,9.0
3833,a0fd62c8-92d4-49b8-abda-1cf69ad64458,1016,C0425,20240630,1139.0,48.0
3834,7e77f49b-4368-4fcf-a468-47b53c0de52c,1014,C0015,20241016,1905.89,42.0
3835,ab7ed7ee-d718-44ba-8b64-f32e9b080f66,1036,C0017,20240805,786.98,23.0
3836,75e1bd17-b05f-4974-8c99-3ca0ab68a128,1031,C0473,20240628,1193.04,5.0
3837,37fe68ee-9cff-4be4-9adc-cdac4f8a2731,1039,C0639,20240827,635.89,17.0
3838,4c4a121d-9159-4ceb-b79c-d223b1e95da7,1008,C0312,20240801,733.55,19.0
3839,76ffd754-06fc-43af-92bf-ef42645a21d1,1030,C0988,20240615,593.74,1.0
3840,0b71bd65-f36e-4bab-914f-d038137ab194,1047,C0738,20240610,1810.8,45.0
3841,e0c6b3d9-b4c9-4cfb-b39b-989657f3b7f6,1039,C0390,20241023,1070.4,25.0
3842,767feb5d-b928-4c6a-b5b2-36ff1bd0b917,1038,C0343,20241030,852.71,22.0
3843,7980ed19-abc0-4e60-9c61-d09f17a7a7b7,1018,C0742,20241019,1015.07,23.0
3844,b45131e1-d0c4-497d-8940-f6cd5cecf364,1020,C0905,20240617,325.19,21.0
3845,793231e0-4037-4fc9-abbd-2e9007e2f78c,1024,C0213,20240830,1424.23,4.0
3846,eed2f5d1-e511-4f46-8b94-7a63d7d87787,1015,C0665,20241003,1412.39,22.0
3847,853de1fe-868c-443d-adb0-bda1c0a8fa80,1030,C0451,20241027,188.84,10.0
3848,bc6b3ccb-7c4e-468f-8a24-1c0ff778775d,1045,C0821,20240718,1303.71,41.0
3849,0b76a10d-df69-4065-88ed-089c1c6bbe83,1045,C0559,20240723,1113.92,45.0
3850,2bbd2907-0d09-457d-a997-6cfbb53d8df1,1045,C0398,20240714,73.8,50.0
3851,ca88cae2-f7ce-4d11-980f-9d8359933560,1035,C0196,20241010,1418.02,6.0
3852,8af85c4a-083e-4e14-be44-61942e964198,1011,C0229,20241023,57.84,7.0
3853,93e11254-f23b-4ab3-93ab-40b6e94e16c1,1016,C0819,20241029,1850.71,28.0
3854,3fee1345-eeac-44c5-9a36-193f481d4f9e,1043,C0059,20240715,286.58,28.0
3855,2b9150c8-b3dd-4b25-bcb6-2eff5b891847,1022,C0270,20240905,187.59,28.0
3856,b93ee434-c8f9-424f-82f5-2e987c893ed1,1015,C0158,20240929,1218.42,23.0
3857,80abb959-c580-4603-aca4-1919b9b32d14,1003,C0790,20241111,1522.92,25.0
3858,a03913e1-87e4-4450-9f27-699826dd4ef8,1003,C0654,20240817,1945.55,36.0
3859,10456bfc-f5bf-4f55-84fc-48336fb27340,1031,C0158,20240719,116.18,27.0
3860,b4419d90-c7f3-4eec-a81b-f34d4ba8000c,1000,C0011,20241122,1057.24,29.0
3861,c8c81411-3edc-4db7-9267-85193b0836ae,1029,C0176,20240803,669.37,2.0
3862,ea49323b-d1e0-466f-9cb2-f435908e81eb,1008,C0081,20241026,1015.07,12.0
3863,55cce40f-fa03-4635-9756-eb1217e78729,1023,C0491,20241113,257.05,18.0
3864,d3ba1f67-3a1d-49ec-988d-6d8051cd4a80,1026,C0773,20241031,1324.04,39.0
3865,a5bc71e1-664b-4030-9277-907aae07a560,1032,C0400,20241126,1894.02,11.0
3866,75e313a8-4087-405c-b2a0-0ca4ea691daa,1043,C0349,20240822,1433.01,19.0
3867,c95be638-58d9-46b8-812c-3c646dac3e61,1029,C0163,20240902,67.96,24.0
3868,15ef4301-4e15-4335-8513-7b8640bf9312,1020,C0924,20240905,82.52,21.0
3869,fabf6a14-517c-4f42-a39e-e947a2e7bd0a,1009,C0763,20241009,1431.91,6.0
3870,c9dbc70e-f80b-4586-baf3-4c0902d3797f,1048,C0146,20240715,1125.28,20.0
3871,df2b72eb-f202-4720-a788-9801bcb35c5a,1013,C0176,20240826,1080.65,12.0
3872,dc2d7d28-a9a4-4a14-9185-4d8eda1d05fb,1020,C0303,20241028,1444.29,28.0
3873,a3f5580b-f198-4063-837f-ff18c7ea513d,1006,C0674,20240616,476.05,26.0
3874,cb4ef12b-2560-4529-9f75-fcee20b393d3,1020,C0641,20240916,1675.65,15.0
3875,39863484-88a7-4b5c-b8c6-275650cef259,1019,C0277,20240921,1824.99,1.0
3876,ebffc1fe-7b4a-44d8-be63-12f13674d389,1025,C0428,20241021,1196.93,26.0
3877,a17897f6-9f66-427c-b511-f22cfce2e868,1025,C0986,20240615,1123.23,48.0
3878,180391d8-b603-481e-b0bf-e2ba67a0f1e2,1049,C0644,20240615,514.13,15.0
3879,a818c589-138f-465e-a978-285bd480d4de,1025,C0439,20240723,1038.64,15.0
3880,46ecbc0f-e902-4c06-91df-8138adcadd78,1049,C0128,20240624,509.89,18.0
3881,e64f3593-4d9a-4f33-8f87-fa9ba8c8feaf,1023,C0654,20241002,274.3,45.0
3882,d0c0264c-3e62-4811-9992-37af45798af3,1028,C0888,20240613,725.98,47.0
3883,fb82a522-7ba1-46ce-bbed-9b6a21d7cbb6,1009,C0544,20240910,1637.2,35.0
3884,d294183f-c172-47e5-be2d-ccb79895f813,1011,C0771,20241030,1015.07,30.0
3885,c7058e25-5c46-448d-8d09-2334ab8bb655,1044,C0955,20240815,427.14,39.0
3886,e6501516-39b1-4652-9d9d-b5c272661732,1026,C0562,20240917,473.92,1.0
3887,2465b974-af1b-4f0a-939d-830d8497576d,1016,C0459,20240731,1527.06,3.0
3888,d1429a84-b4ca-48c7-891f-abd6ef7a5296,1000,C0924,20240805,1984.64,37.0
3889,a8a44712-a972-401e-94ab-6f59355e3827,1021,C0530,20241125,228.67,38.0
3890,a7ac4b18-2f58-4b9b-b83a-26bbb987627b,1043,C0104,20240713,1915.92,38.0
3891,e04a7dad-eb6c-4875-ac8d-3f71a486d505,1026,C0783,20240930,1015.07,26.0
3892,cb9d6315-4f2f-4e47-9bd4-646bb41781c6,1000,C0686,20240626,331.23,12.0
3893,1e989c2b-25a1-4bda-9b72-608da65b2535,1007,C0592,20240916,1001.09,16.0
3894,0fd6e58d-cda3-42e0-8c71-3d7458c1c479,1021,C0376,20240915,295.76,24.0
3895,d0457f3b-d150-4ab5-b78a-d5397867007a,1027,C0439,20241029,1398.89,31.0
3896,e2a1554c-e7df-4294-b173-0976dedd2c35,1001,C0739,20240921,337.53,32.0
3897,70c05a99-a498-4030-8083-ec8540e75516,1036,C0576,20241013,317.19,2.0
3898,d5e09043-0768-4d21-926a-bbc875c636cc,1049,C0886,20241113,1661.05,29.0
3899,43dac932-32e0-4dbc-8e5a-ee5e1304c13f,1007,C0544,20240628,186.51,27.0
3900,b59283c4-4409-46b5-99b9-04c6d5ac02d6,1007,C0514,20240829,211.43,40.0
3901,3447dfa9-d1dd-4cb9-b303-8f49f0e44e3f,1007,C0537,20240813,1578.35,13.0
3902,f86e301d-8519-41ab-82ec-41cacaf22556,1008,C0621,20241102,257.44,20.0
3903,fb82fcc0-0a26-43a8-a1ee-688ad21add00,1002,C0844,20240717,1937.83,10.0
3904,3e0078ef-fe83-4b72-9615-54582cb5c153,1036,C0874,20241118,926.36,9.0
3905,f0ffa8bf-565e-452f-a3b0-2775024b3cdb,1042,C0191,20240623,1317.18,3.0
3906,269bc1f9-d4f6-418a-afc6-c0bc1d57aa56,1049,C1000,20240826,915.3,33.0
3907,df714232-8a8d-4b65-a357-893753a6c7ee,1024,C0998,20240920,1774.72,28.0
3908,296518a3-2b33-47ac-a3c9-a9f97e790222,1034,C0303,20241023,135.06,3.0
3909,5408f75f-1c8f-4523-8104-39e674c41b6a,1030,C0347,20241030,1582.03,21.0
3910,e4578a5c-f4f1-4640-a220-84fba44b9d0d,1048,C0270,20240617,53.77,32.0
3911,e983a7da-9b57-47f6-9275-b50573126471,1042,C0265,20240927,1015.07,25.0
3912,d7cb8727-843a-4f51-97ab-e01bb84ae3b6,1029,C0863,20240929,614.53,48.0
3913,79f6aaed-e93b-4bab-a7ce-fac39345f69d,1033,C0766,20240627,395.35,3.0
3914,bc70aec5-2c24-4dd5-97b3-6117284ac695,1048,C0637,20240602,571.63,24.0
3915,818f0939-bb96-4e9d-8296-542a017cd128,1035,C0125,20240616,1307.48,17.0
3916,de50d9cf-a641-4886-8541-508d3ef998dc,1021,C0368,20240629,853.82,20.0
3917,7e9181ff-78d2-4412-871a-eb979e9fb513,1043,C0243,20240626,121.75,21.0
3918,ebfe88f4-b900-44da-8293-62d8f559d128,1017,C0030,20241012,950.68,33.0
3919,787bfdb4-627e-49ac-ad6c-cc7d6344ade2,1017,C0659,20240915,1835.14,3.0
3920,f5833399-2e83-4cbf-b6d3-7d940ce4b38a,1019,C0275,20240920,753.1,25.0
3921,ecb4594c-d462-497d-8365-5ff5250c6c34,1018,C0480,20240919,629.21,1.0
3922,df2695ef-fdfc-45af-a434-1da6f3f17e67,1038,C0086,20240918,687.6,10.0
3923,b1d241e5-bcb2-4ce6-b4ee-76fd1d69c085,1037,C0253,20240912,566.79,49.0
3924,a9d5648d-b67a-48bf-8cfc-d8138446596d,1009,C0345,20241029,1015.07,29.0
3925,e2072d0f-d1ab-46b3-8b94-80435be5ded6,1003,C0789,20240919,1116.6,44.0
3926,355a3e0d-d584-4fa0-8956-0a630c7da145,1000,C0017,20241103,1015.07,1.0
3927,11de5b77-d616-4880-acf6-d73cdbcfb383,1019,C0349,20240802,817.52,41.0
3928,5ff0c1a6-11dd-499c-aa15-876781c79ea7,1004,C0025,20240705,816.05,6.0
3929,8f297817-354a-429d-b3fe-87d1a4775ac2,1000,C0047,20240816,1874.13,14.0
3930,07857318-35e3-44d4-af8c-62f1b9a74c3e,1025,C0056,20241023,259.06,25.0
3931,34fb7d53-03d2-41db-b2eb-86514eb98f61,1024,C0967,20240616,1304.36,8.0
3932,3f37b262-2cb9-467f-bb1b-3d1d4b0b4aef,1039,C0708,20240630,971.85,44.0
3933,3d01d4ed-bc4a-4bfc-9609-dd64b0d797f7,1004,C0124,20240818,1044.07,4.0
3934,b6e10acc-333f-4957-b438-4ca2a07e1b64,1017,C0707,20240809,536.18,5.0
3935,c72fb40a-31f7-4b9a-baaf-bfdb03c98a35,1032,C0348,20240627,1015.07,38.0
3936,defe5308-0373-42ac-a241-a3b85b2ea924,1011,C0816,20240829,657.82,6.0
3937,8e4dc2ce-e76c-40cc-a815-9bb5ae2b9407,1037,C0832,20240622,1827.82,42.0
3938,4a5e5ee3-e08e-4907-9442-1bfd1e0251a2,1024,C0990,20240909,506.08,32.0
3939,78d45582-e2bf-49ee-9d26-1c81a62f4519,1017,C0989,20240918,660.77,1.0
3940,9126b49d-154c-4dda-bd54-ac0d1249a829,1024,C0827,20240911,1890.12,41.0
3941,f76bd89e-da6f-42ec-8e28-0cc5592b1749,1034,C0933,20240902,1666.9,33.0
3942,427d868e-6710-485a-90e1-69f0fcbce31d,1045,C0498,20241118,50.78,30.0
3943,96591d4a-8e90-4619-806c-bf4f66754882,1043,C0393,20240712,306.99,33.0
3944,75ac85c2-79c1-40b2-9d38-b1b25a895646,1041,C0937,20240627,236.71,45.0
3945,2828c94a-885f-4715-9340-30cdfd382a82,1003,C0017,20240704,1997.4,3.0
3946,17847f62-a28c-49cb-aab6-5901b6b669e7,1049,C0607,20240908,676.18,34.0
3947,544f9785-f5e2-4623-b13a-a3d8577cc62d,1046,C0261,20240704,244.13,16.0
3948,39a61ca6-1737-472d-bce0-f8d845c0bdbc,1041,C0902,20240708,870.27,30.0
3949,97261e05-5fe6-4c46-b2e0-0fc48319d2bf,1004,C0153,20241107,992.74,26.0
3950,23b4d029-b253-45dd-b048-461883c3a722,1003,C0530,20240609,726.33,8.0
3951,f27ae826-7c5f-41bf-b25c-306c3d6cf649,1032,C0567,20241008,468.21,8.0
3952,1ec66251-889f-45d7-8d24-487965a02e93,1020,C0858,20240623,1704.06,31.0
3953,816d7f53-e340-4465-91cc-fb52ae946d92,1012,C0419,20240930,574.95,44.0
3954,e2ae9c4d-61ad-49be-b9af-75da4dba3dbe,1009,C0782,20241012,1884.28,33.0
3955,71ede5bf-0347-4d8b-a4a6-78f001729ec7,1038,C0400,20241124,905.55,44.0
3956,918ce5d8-7330-4874-9551-1e4827db35e7,1049,C0001,20240611,568.79,34.0
3957,842c1b0d-3f6d-4d8a-9705-28d9116d057b,1018,C0468,20240915,1119.36,11.0
3958,456e1a89-6a98-4878-93cc-e09801ad96ff,1044,C0962,20240608,905.83,29.0
3959,c1728d59-fbc3-4490-ba8c-4b80a2cb2269,1005,C0751,20240914,1942.38,9.0
3960,af658800-ab32-4405-8f85-6f11bfbd44f6,1044,C0809,20240818,450.39,21.0
3961,889627b6-3861-45d5-8a59-c93331286fc9,1042,C0413,20241101,1642.5,33.0
3962,58dffff2-45b9-4f10-9f85-b25ccaeee2ad,1017,C0540,20241024,177.09,24.0
3963,8b15e6f9-0e61-4db3-b9be-ed3a64fc028e,1010,C0444,20240725,1796.84,3.0
3964,f4d88f62-8c25-4505-be8e-aff947f99a3d,1042,C0466,20240703,1602.73,6.0
3965,c6cda929-6a34-46ee-83b2-0ce9260f3331,1042,C0964,20240706,695.84,10.0
3966,ea46d92c-abaf-47d5-9582-bf2203603478,1042,C0275,20241017,1341.92,3.0
3967,5669b3b9-10ef-442d-ac84-e77ffbf38801,1028,C0794,20240828,1823.93,17.0
3968,b8a351e1-55c3-47f0-a488-f068c5f3de01,1047,C0808,20240729,285.36,35.0
3969,af9efd70-657c-4e05-acf5-4c200e3f4357,1045,C0439,20240724,1652.25,49.0
3970,806d57e7-2530-4342-8f10-387204ab533d,1026,C0747,20241108,1951.91,7.0
3971,926dfdc6-2913-497a-a805-abfaede3c15f,1041,C0316,20241009,1891.82,39.0
3972,5ac5139a-d1ba-4c2d-886c-2e285e215276,1000,C0976,20240706,766.65,12.0
3973,46c37aa7-4909-44ed-a6b3-8c6b77d050ad,1043,C0489,20241023,1067.56,17.0
3974,a0fa8275-7582-4923-bed5-2f7e1f4f22eb,1033,C0653,20241119,1207.64,17.0
3975,d360e18b-e965-4603-96e6-a0200264eae4,1011,C0038,20240924,475.96,12.0
3976,356147f4-3b7c-409a-8b05-d3d4e4993df8,1032,C0704,20240627,1682.35,17.0
3977,6a5c9f7c-11cc-41b8-ad31-9c0824b9ac52,1030,C0808,20241010,1515.11,36.0
3978,b67d2df5-49b4-42e2-953f-8eb47965b121,1016,C0134,20240617,100.17,25.0
3979,e7b5efc8-4dc0-4fca-a873-dfa85e6e7095,1038,C0177,20241104,1015.07,23.0
3980,9ac9fd06-15b5-4d06-a009-6f6cb3e8bdc7,1002,C0345,20240911,1015.07,12.0
3981,b69a7d66-7333-425a-977b-665f1776c81a,1023,C0488,20240911,1015.07,31.0
3982,4b19d104-d646-4ea0-8b24-2633d33f61ef,1024,C0026,20241116,1755.37,46.0
3983,df5ae389-7292-469a-afb4-b53af656b789,1020,C0134,20240629,314.3,36.0
3984,0b7fc954-8d11-4c84-854a-15bcf5dab6ce,1048,C0762,20240907,671.88,3.0
3985,17f6bac3-c5f4-42b7-9426-213ff5ae194d,1000,C0154,20240730,955.37,22.0
3986,8ab17441-76f5-40b0-a3e2-28876d52c022,1003,C0861,20240705,1343.07,7.0
3987,4145cde1-2e65-49f1-ac37-98bb9999b884,1009,C0063,20240816,975.75,50.0
3988,2e4eaec1-123b-4862-8710-37954ff3ea09,1043,C0041,20241105,1337.64,22.0
3989,77b27af9-f13e-495b-a477-cec366e9fc28,1013,C0301,20240727,1742.94,24.0
3990,94c96b9b-aec9-441c-8a66-91f4d846f060,1039,C0831,20240930,1015.07,7.0
3991,07bc6718-b167-4cbc-a3ae-60cd5e489e4c,1032,C0696,20241117,115.12,31.0
3992,aa0f9bc5-6aa6-469f-9e20-f21e27984ed5,1038,C0504,20240808,1432.07,39.0
3993,bb75a9b7-2885-485e-96da-1d6b96d66299,1001,C0981,20240808,1015.07,25.0
3994,2dc450f0-9bb9-46f4-b5f7-5d745fd0a8a6,1045,C0313,20240703,971.25,27.0
3995,a4e59ac7-6cf3-4afd-945b-f473a8117516,1009,C0953,20240813,260.79,11.0
3996,dac79ec6-176a-4df1-943b-a6be5f69dee7,1022,C0376,20241105,738.03,41.0
3997,35810b52-f448-457b-8ca7-164d2c354e6d,1004,C0553,20241026,960.73,11.0
3998,758205fd-5d9c-49c2-92eb-d9dd7580966f,1040,C0202,20241002,1370.18,38.0
3999,4c6605e9-b706-4b65-b2e4-036f5e173507,1014,C0125,20240904,1034.29,31.0
4000,e55acac1-c75e-4a31-97f9-17e5e74e3cc0,1020,C0732,20240822,1253.1,39.0
4001,5cd81f82-f78e-4b9c-a741-a9f07424c143,1039,C0313,20240708,1568.49,20.0
4002,92a02d37-ee75-43e6-aeaf-0d2814e92ce4,1029,C0221,20240927,1967.89,17.0
4003,bfb2d99f-5606-431a-b510-d62ae76f0051,1006,C0904,20240720,919.29,49.0
4004,a17b1c1e-5e49-4de5-94e5-bae5c053b941,1003,C0249,20240618,111.73,14.0
4005,fd45e5be-5f81-40c7-a559-e0e0b4fd564c,1010,C0978,20240701,1782.05,35.0
4006,878376b0-8c5f-4466-b498-6d0ff45945ec,1047,C0844,20240727,1785.88,44.0
4007,ffa0cea4-295d-4bfa-826c-292300ddd7fd,1005,C0856,20240919,1288.65,30.0
4008,e76ee9a0-dcbe-44a4-b1be-200a53eaeb0a,1034,C0087,20240924,1248.91,28.0
4009,d73b4c3c-9a0f-4135-8ea8-074d596cfa45,1012,C0056,20240605,1438.9,34.0
4010,0fc2767b-25fa-40e0-95d2-6abfa229b4f2,1045,C0232,20240730,228.42,8.0
4011,4d5241f6-5de2-42c1-9317-3a796297c234,1009,C0640,20240826,1888.19,3.0
4012,d28ed50e-f294-4c9c-a337-61ef49501896,1040,C0595,20241017,935.71,32.0
4013,a842f957-3c2f-4ec9-851f-4bc7c8071c05,1024,C0920,20241004,890.63,49.0
4014,bcd7a4f7-9ccc-4c4b-a828-978620109e74,1001,C0179,20241121,1873.97,37.0
4015,27f9e69f-7a77-4bf9-8ab3-fdef1ca1aec5,1042,C0707,20240621,1545.18,18.0
4016,5aa5adcf-d542-4015-b1a4-3d815663fcde,1027,C0775,20241115,1909.26,18.0
4017,f560a976-5351-4cdc-9dc3-9df0e726d5f9,1025,C0971,20240716,1002.38,34.0
4018,8a8907dc-7990-47e3-8cc4-64378f3b00ee,1049,C0674,20240628,1081.14,43.0
4019,94648d11-2893-4316-8398-12cbc4f5d223,1009,C0827,20241101,820.19,46.0
4020,70ef9d81-66f5-4d4c-8188-f075411df34a,1017,C0634,20240930,1992.56,42.0
4021,d3a0048b-636d-4748-ae6d-3c8f4ceb959a,1047,C0730,20240629,141.82,12.0
4022,9bf64058-0d15-4dfe-b27d-a0cb79e31b7b,1004,C0372,20240803,1954.52,42.0
4023,0786ce8b-fb85-4ba2-8c9a-2fdfbc479a84,1031,C0339,20241110,62128.14,41.0
4024,c9db8e5b-a8d5-46e2-9e66-d69e61e749c6,1011,C0702,20240717,256.6,8.0
4025,39a4a294-0108-4916-b2fd-4bb86e500f47,1015,C0465,20240720,1015.07,22.0
4026,6827ac25-5450-4076-a0c2-03a897ae2ba5,1019,C0862,20241104,1278.5,31.0
4027,a4e017a1-e1e7-401c-aba3-8d3662941322,1035,C0468,20240603,401.68,28.0
4028,55b2a478-a839-4e82-894b-615bdb2b974f,1005,C0597,20241009,381.25,42.0
4029,e7d931d9-585a-46c6-aa65-4598bd009d50,1041,C0278,20241015,1861.36,29.0
4030,cd47a895-19e8-4091-ae00-8a1e13f8dd29,1008,C0804,20240918,386.69,19.0
4031,9969a62d-5605-4eb1-877e-b466aafaa24f,1019,C0017,20241030,594.92,23.0
4032,4ccbfd0d-30a2-41f2-9a32-8f53a9d28450,1047,C0514,20241006,1179.92,9.0
4033,318408d1-7158-4467-abf1-32625b20b520,1046,C0782,20240830,722.7,45.0
4034,4cf76473-e556-461b-878f-b62e256ea15c,1021,C0365,20240905,763.01,8.0
4035,fbecf739-36bd-4e8b-82ce-dc22d3928f5d,1030,C0832,20241106,1429.03,12.0
4036,0e0628fb-d44b-4da4-bba8-98f3d66d4348,1002,C0764,20241011,1512.44,28.0
4037,97c16ca1-3b6c-436f-b6cf-46b244ab2b30,1025,C0946,20240620,864.43,42.0
4038,809b116e-fb60-4f6f-b51d-7d1c065a1232,1017,C0350,20240910,1119.78,41.0
4039,52fca971-0902-4ce3-8a5a-817dc7414eeb,1045,C0648,20240626,1758.68,12.0
4040,0b4f9fb9-e966-4ccb-8f30-3b27609f026e,1010,C0903,20240727,1756.56,50.0
4041,af7742ee-9ce6-4a40-91b7-df636783b8b5,1020,C0640,20240811,1563.81,25.0
4042,79896e30-9333-487a-bbc4-31edabe1d6dc,1002,C0435,20241002,1075.13,14.0
4043,88b6d86b-08b2-45b7-9c46-2c334ee365fb,1018,C0345,20240701,1519.75,47.0
4044,da4f5c97-54ec-4fa8-b422-a593cca1cd5f,1045,C0327,20241011,59.99,2.0
4045,9363b68e-835a-4fd9-9140-d51d1e838808,1030,C0189,20241025,1069.27,40.0
4046,e8295e20-e710-4368-b1a3-481af7522e59,1017,C0269,20240621,962.88,32.0
4047,aa1eb0b1-e986-4e9e-9726-32b0136c291f,1010,C0092,20240704,1212.44,25.0
4048,b157e5f7-3589-4aa5-af6b-64f9782972e3,1012,C0096,20240629,1233.94,17.0
4049,f196a22d-2fdf-437e-82a5-540ff315c63b,1026,C0565,20241119,33917.6,5.0
4050,81a6fd83-c2bd-4db0-8353-4f26e6e8ae53,1018,C0011,20240813,166.5,8.0
4051,d99a517c-22b4-4e39-bc33-8026d27bc973,1047,C0758,20240902,1015.07,3.0
4052,d9db341c-329e-40ab-8b41-83292bb5ccd4,1012,C0963,20240827,1443.44,8.0
4053,7f710222-8f08-45e8-92de-08dea97683b6,1003,C0764,20240918,1905.62,18.0
4054,2ed04a8d-e605-41ee-bd92-5db0547c3352,1017,C0798,20240714,705.53,20.0
4055,0ce47725-537b-44e8-9c42-f57ed1d30abe,1017,C0184,20240610,1517.06,27.0
4056,aefac367-0d3d-4aef-b97f-9ee0d19757ae,1000,C0596,20240915,1309.2,50.0
4057,bcad8014-2df5-4db6-8464-9251b7f08e63,1000,C0119,20241122,103.94,28.0
4058,92271814-f22c-42bc-b23b-4bc70d3bcf96,1017,C0128,20240928,369.38,2.0
4059,d6dd21cb-fdd9-4ff9-a659-9c74137bfb2c,1021,C0005,20241120,164.73,13.0
4060,ef7bc9a6-af64-4a94-8104-b57ad2272249,1020,C0185,20240828,1875.13,20.0
4061,7c3b0775-9894-4825-abca-9cd9ef841af8,1007,C0938,20240619,1447.19,25.0
4062,d4f490cd-76ef-46bb-8680-ec552d863378,1022,C0906,20240714,1122.98,9.0
4063,2541e80d-195a-4271-b36a-dec8ceebcbe2,1027,C0537,20241007,1015.07,34.0
4064,b3dce4ea-e566-4de8-abf9-28aa68f0a3c1,1001,C0081,20240823,610.54,47.0
4065,90b437fc-e6d8-48ea-9d79-95d537c8a1cd,1041,C0881,20240712,176.88,14.0
4066,ee80438b-17a8-45fc-9e70-109412ce7aad,1009,C0013,20240922,942.25,17.0
4067,31ae0c61-4dd5-44a3-83b1-312356f4feba,1021,C0261,20240823,406.45,16.0
4068,f05c1bba-5aad-4d6a-9d20-c81e905eac13,1018,C0289,20240711,419.23,28.0
4069,4ff15a7b-a3e1-471d-a090-39afe3fba10d,1020,C0416,20240821,1015.07,3.0
4070,c9c3b17b-67e1-4b5a-8e9f-a142c332c4f1,1018,C0226,20241013,539.2,1.0
4071,832acf5f-e741-4776-8bab-5daeab92bcef,1024,C0515,20241017,663.62,25.0
4072,7626c5dc-b020-45cd-bdbd-aa49a9b9d5ca,1040,C0338,20240909,944.2,17.0
4073,9bf52172-6993-4aef-b4e0-7cee018768e1,1033,C0854,20241023,413.99,49.0
4074,85ed3402-9c6f-4af0-859f-c8a2051717fb,1004,C0474,20240810,1575.3,9.0
4075,77547f1b-0b7c-4ef4-a563-d4864194b839,1004,C0331,20241018,1530.74,2.0
4076,de494ead-089c-445a-be80-2594c4fe4e4b,1018,C0380,20240829,1678.54,11.0
4077,58f0e058-eb22-474b-bbf8-c83465292fcb,1037,C0658,20240831,1637.19,44.0
4078,b49d4b42-33da-4406-a11a-3bf4a4170c84,1011,C0359,20240805,90.65,36.0
4079,f9fbaad5-f8a1-4a05-861b-3311407e0d61,1021,C0283,20240607,688.51,17.0
4080,f1e9755b-30dd-4d68-9c00-e893a9df3218,1003,C0138,20241109,1920.44,8.0
4081,c6953592-30b6-4e0e-9784-141afe6a5307,1024,C0050,20240715,1848.72,43.0
4082,ff727a63-d0d5-45a5-9f6f-16e66699473a,1001,C0724,20240902,859.85,24.0
4083,18373228-005a-49ba-81f8-aade8284b030,1032,C0381,20241108,1230.15,34.0
4084,4372883f-7cfb-4b43-967b-9bce2af33b13,1047,C0312,20240626,78.43,12.0
4085,4881f192-c28e-4c50-864f-6b388f5f44c9,1008,C0350,20241013,798.2,22.0
4086,5678c6a7-262f-4498-9087-946ed162e619,1045,C0685,20240930,254.28,15.0
4087,1df40ada-d0b3-4e9e-bfc0-004c7fbf43c4,1011,C0270,20240930,624.39,5.0
4088,adf4fd71-41a6-4240-a54f-b08b691f62d3,1049,C0872,20241013,1015.07,11.0
4089,fbcbf867-0cc7-4cd1-a97e-8472927558b1,1045,C0048,20240811,1375.67,1.0
4090,6fc96756-6466-465a-a0ec-8b8f845bbd17,1004,C0994,20240905,1888.18,32.0
4091,37596511-d0e8-41d4-bac3-f684ff742ca8,1018,C0820,20240611,1287.83,45.0
4092,07643cc5-31f1-4f6c-8927-e91c43c469f4,1000,C0466,20241112,1815.58,8.0
4093,9b723f57-290d-44d7-b70d-f9774821cd80,1029,C0483,20240628,581.46,9.0
4094,d9abb707-f871-4c77-b2ba-288838456326,1000,C0414,20240705,167.44,25.0
4095,842384ae-4c8e-4a70-8f28-97d4803c3db0,1016,C0537,20240813,72.08,35.0
4096,54453a50-f965-4bb4-9096-ce82b243679e,1047,C0212,20240904,1583.62,11.0
4097,733c0a4a-a8dc-41b6-89b4-1304267f7713,1009,C0835,20240905,1154.5,40.0
4098,f89e0f4c-dd7d-4124-b894-fb5a9b7ace7d,1039,C0662,20241110,1268.37,9.0
4099,95191f3e-ca05-4ef4-bb46-25f9abdd3741,1025,C0410,20241105,1015.07,26.0
4100,759b4dbe-1bf5-4de6-8bbf-d7dc5f58a7c3,1027,C0087,20240703,1931.58,42.0
4101,d9008b4d-b46b-46be-81a4-3db2c297af70,1038,C0474,20241003,474.87,26.0
4102,61a81e9e-a844-408f-b21c-bb3cb42541db,1031,C0353,20241015,1919.33,39.0
4103,cf00ac2b-83db-4017-99a0-c8e010e15201,1049,C0298,20240815,559.12,27.0
4104,521e685b-ac2c-499a-8d1a-c3801b561a5c,1030,C0534,20240925,869.76,25.0
4105,58205b9f-0d77-4619-a985-3db91b89c836,1035,C0371,20240630,1080.74,13.0
4106,d6289a6a-ae47-48bb-aee3-5a9cd4d37417,1018,C0839,20240805,505.35,22.0
4107,57c7af21-6917-41f3-91af-7b69791b5b09,1010,C0492,20241028,1239.97,27.0
4108,172d1860-6559-44bc-add0-af5192200f73,1045,C0160,20240821,1671.89,38.0
4109,9a1dac04-7c77-42f3-9829-291cf5124624,1037,C0299,20240717,1517.42,12.0
4110,140368c0-e568-4a1e-82d3-d33418283eb2,1049,C0707,20241102,575.0,29.0
4111,a7377806-58ba-4fbc-8658-83d40f7d0da7,1004,C0317,20241026,1024.53,26.0
4112,52b66abf-667e-419e-8968-49792ee50159,1041,C0823,20241116,878.17,48.0
4113,5eac8f37-9a30-479f-8197-e4ad2b64ada3,1031,C0665,20240811,1636.43,49.0
4114,10b05959-cc73-4803-b753-fab9a3e2c945,1004,C0688,20240801,1015.07,28.0
4115,f5ab1354-b3ba-4af8-827f-cb98caaaf2fb,1007,C0383,20240709,1201.67,14.0
4116,e0cb5ff3-ddf4-43e4-9065-aefb69b515f7,1031,C0895,20240915,1658.87,7.0
4117,b399b53d-9cdc-4346-8767-94321b331765,1049,C0673,20241020,1813.49,12.0
4118,7bde6776-26c7-4468-9080-add6b40534b4,1033,C0432,20241009,1921.33,4.0
4119,025d6dee-054b-4bbc-973a-0c52dd6d0b0d,1025,C0151,20241016,1207.42,37.0
4120,670911e6-779f-45d9-9d49-0973c2c19e0f,1043,C0651,20240829,509.49,47.0
4121,3e4891fd-ad7b-4ec7-801e-22476bb31ffa,1042,C0428,20240714,1434.54,19.0
4122,962d48e2-a395-42e3-be67-209304c51352,1042,C0715,20241116,264.3,40.0
4123,6e35af3d-ddc4-448b-aebd-d37badd28a9a,1006,C0593,20240825,1126.26,33.0
4124,2172c17d-b1d2-4693-bbb4-387bf118ece5,1023,C0809,20241105,878.03,25.0
4125,09f4c20c-e04e-4135-b6f8-b41ba15701cd,1045,C0495,20240624,1865.71,24.0
4126,46bfe408-7fe2-4081-818d-2648d06f55cb,1011,C0640,20240602,1664.4,3.0
4127,d378a8e3-1545-4afd-9085-929c84d927ee,1000,C0479,20240810,1666.44,33.0
4128,06c079b1-9818-43c6-945e-8f50c154b881,1025,C0153,20240603,407.02,31.0
4129,0a3361d9-401f-4d50-85cd-d2219625338c,1014,C0138,20241114,316.11,15.0
4130,bb95a56c-e3ed-4fd8-ab15-85e6f77531e7,1048,C0991,20240821,1856.11,40.0
4131,d032fef6-c031-4b1c-a7a3-06ae52ff0ebf,1024,C0201,20240622,1018.55,19.0
4132,b18fdca9-0158-4b87-b266-1399ef53be89,1033,C0047,20240828,1776.39,43.0
4133,a8bd9712-7db8-492d-88bd-033ea039a098,1010,C0268,20240922,98.92,13.0
4134,5b669416-6119-43de-8d89-6766563e9731,1031,C0566,20240609,838.03,31.0
4135,2cbf338f-ecf1-4a42-b5e3-e21c43a69481,1034,C0927,20240718,991.5,5.0
4136,9ebf08e3-7f0f-4efb-bd29-87920d46c3f1,1040,C0441,20240822,1038.8,4.0
4137,20658614-589b-422e-909b-7fb29b9aedbc,1013,C0336,20240813,1160.32,33.0
4138,8a1d3c15-b7ce-4dec-89ac-6cd99ef5d5f2,1032,C0498,20240824,1290.22,34.0
4139,e068541e-9f32-4d9c-81fc-4439e2659646,1019,C0164,20240626,1528.88,5.0
4140,9ded0d47-6e5a-4ab6-a7d8-67bae6a4a8fe,1028,C0132,20240722,1981.73,32.0
4141,960172a5-336e-4627-b871-e304b3a5a522,1042,C0733,20241012,1054.41,7.0
4142,02fc250f-80e8-41be-a460-bf64e86b754e,1048,C0857,20240813,507.01,34.0
4143,afd9d667-7e4b-4b3a-9582-f40e43ded1aa,1026,C0769,20241105,1055.98,45.0
4144,6227f654-05a8-4fad-9d25-e28d2cc3d6ad,1019,C0407,20240815,392.19,18.0
4145,b7fa0eaa-5237-4102-98bc-b38c09b90dd9,1023,C0031,20240913,1283.71,5.0
4146,3dbf7748-2195-41e4-995f-92a91cfc99e4,1014,C0163,20241010,946.59,21.0
4147,6063917d-ab6a-48c5-95db-064e53776fb3,1046,C0106,20240611,658.75,23.0
4148,90a9e2f0-c3b7-4109-83fb-1bc2a7012bf6,1021,C0114,20240614,291.86,39.0
4149,56a7c108-de21-44e8-9971-54fa48edd040,1014,C0460,20240910,190.4,43.0
4150,27845a96-fbaa-4ae1-a5b5-4374c97e46af,1046,C0967,20241017,833.15,25.0
4151,33304de4-2d84-4e73-9217-1b07303eb1db,1019,C0450,20240924,1015.07,14.0
4152,5f41a66e-8328-49de-bf4e-e71c6b3efe40,1008,C0443,20240709,235.36,29.0
4153,fccc65f8-cac1-4268-bfd4-cb25d5442444,1041,C0539,20240809,188.33,45.0
4154,531e98ec-e7cd-4331-a0a6-38f35db5743e,1048,C0855,20240912,1142.48,14.0
4155,2da67096-9511-4357-bbc0-5790530e5e9e,1016,C0477,20240904,733.7,15.0
4156,44a70ad0-23fe-4bc5-b7ee-d8b4afeebd1e,1047,C0314,20240809,1015.07,44.0
4157,92038f73-6257-445e-8848-d2bf56a0c5c2,1003,C0163,20241010,1708.34,24.0
4158,10ff41e1-1ca0-4e63-b488-2b32011b8e1c,1039,C0931,20240723,228.94,15.0
4159,b5e81fe0-160a-41c6-9383-31f340785edb,1008,C0605,20240625,913.57,16.0
4160,9ff92f47-35aa-4de8-8d1f-be140852933b,1036,C0585,20240608,1881.37,41.0
4161,cf54a8b5-b5e7-4512-952a-90c15e6e9b4f,1033,C0924,20240915,1362.56,3.0
4162,68f5c07b-a77d-4be0-b0c4-568d1c56ddd0,1033,C0940,20240620,1915.76,6.0
4163,5bf78503-9ac1-40f6-b847-d1e4f27cf02e,1044,C0440,20240602,1029.63,39.0
4164,f3e1648c-2894-4408-b5a8-f7d98deb630a,1023,C0650,20240724,413.65,48.0
4165,56b769b8-1d56-4a87-b30c-523b32ed932d,1045,C0846,20241105,1791.33,4.0
4166,936a2023-9c9b-42e9-bcca-26da8832523f,1001,C0396,20240714,69.78,13.0
4167,9838c8de-a242-4481-8692-413554e764e7,1024,C0625,20240810,1170.04,20.0
4168,7cfa5695-62e9-40e7-935b-a451f1868f7b,1042,C0824,20240703,432.0,1.0
4169,b140dc12-6c76-4d6c-a716-5cec4d4ded30,1015,C0020,20241118,1090.38,30.0
4170,a52e9009-5682-4d14-a358-4079e990c16a,1030,C0656,20240826,487.55,28.0
4171,4060756a-d8f1-41f0-ac6e-6eff09e85a76,1001,C0427,20240825,1552.55,5.0
4172,780fbec8-460d-4ec7-b592-989072025a3a,1038,C0255,20241118,279.95,17.0
4173,3026c430-3585-4c7e-a276-900089899889,1047,C0400,20240919,631.82,41.0
4174,c69d4954-5598-4382-abc8-4ec9fcc30591,1039,C0306,20241109,697.83,8.0
4175,bd55568c-6cce-46b6-afd7-b37ccec26759,1030,C0050,20240611,1800.08,28.0
4176,a42c6ce4-98f6-4719-9592-14fbff048edf,1033,C0675,20240611,1758.09,30.0
4177,239aefb1-701e-419b-ac67-f82e0fe5161b,1020,C0537,20240819,1926.03,45.0
4178,49f44add-929d-4593-9a38-e5c30107d12b,1010,C0331,20241031,1476.5,20.0
4179,514b85ea-948b-4237-99a0-ab46b61bc5f9,1000,C0720,20241104,968.44,33.0
4180,74cb0671-2af4-4c12-97f1-55ad206ff18c,1032,C0205,20240615,1641.18,5.0
4181,5bdcfc81-d638-42d8-b0fe-fa3b2783c535,1047,C0714,20240907,1788.68,45.0
4182,2fd1fb6e-f14e-4e34-8299-b6f81cb0020c,1041,C0723,20241102,341.51,35.0
4183,57cd82a9-98e9-4891-b70d-fa81771660c8,1012,C0950,20241001,1791.12,26.0
4184,97f8f022-910c-45f4-bae7-bf1a99a06911,1034,C0672,20240919,1427.63,10.0
4185,a48e060d-dbe0-4667-bca1-6e80d7f1bd32,1001,C0464,20241115,386.05,15.0
4186,ed8e6f61-b894-44db-a10c-33e85b071595,1016,C0497,20240608,1583.19,25.0
4187,ddb5737f-6954-4c27-8866-a1ebbab1525a,1027,C0523,20240814,909.39,40.0
4188,8b4c5b33-8227-45e5-a0b6-195044e2d218,1028,C0984,20240901,153.49,23.0
4189,16e22da4-82ee-4b60-9c55-a1d5997e45d9,1044,C0823,20240812,186.19,13.0
4190,bfee6990-d680-47f3-aae0-aadc77f3964b,1010,C0855,20240829,682.37,8.0
4191,c173ced4-664d-4a74-8376-03d7d6703b90,1025,C0930,20240601,1650.27,41.0
4192,1f428bb4-f0e5-48ed-b1b4-19819d9c6206,1034,C0361,20240731,1350.0,48.0
4193,7e06b409-84c6-4bdc-a809-5da9765bb5c7,1046,C0818,20240916,464.44,22.0
4194,6984ee3a-81a0-46c1-b9f1-7a26c0c61a01,1014,C0690,20241016,1627.54,26.0
4195,5bb80555-bcaf-4b97-840a-f3c55fd6953b,1044,C0435,20240910,1835.93,46.0
4196,8d47c2a5-1e25-4db8-b04d-618ac2998d1c,1013,C0118,20241030,1015.07,3.0
4197,6b6e6402-180f-412f-bb30-2059486f2d19,1026,C0604,20240807,1958.92,25.0
4198,09dac6c3-bc91-44a8-b918-1761d49482b3,1013,C0354,20240822,1964.51,14.0
4199,32e10f1e-eacb-46e8-b975-70d41c81cc4d,1014,C0757,20240730,949.96,9.0
4200,9510570d-0865-4b8a-8c43-b6312fc26f5a,1036,C0707,20240905,1421.46,42.0
4201,6b2e88b3-09ec-4544-9279-315714acd109,1000,C0079,20240615,960.33,27.0
4202,49e63e09-5eb6-4e6c-a79c-403ed0b91f34,1011,C0432,20241106,1641.34,2.0
4203,51c61462-52c0-4945-938b-2adc42cf26f8,1013,C0670,20240621,1522.99,24.0
4204,ddccf5ba-709d-4c5a-97df-95cbfb3b0fee,1000,C0742,20241124,1999.56,1.0
4205,aa0e2e05-195f-4ae0-8fe2-6618315741f3,1023,C0465,20241103,500.22,41.0
4206,d2d0e7f2-3bb6-4c39-9028-8c251ba95a7c,1007,C0901,20240714,359.67,39.0
4207,8b5f8516-3295-48df-8972-ed5405d13931,1017,C0478,20241005,459.46,27.0
4208,984fcea9-3882-43f4-97cf-eaaeae2c55fc,1015,C0898,20240622,926.09,36.0
4209,a96b1929-3019-4b8e-93fc-8e7eb724063b,1024,C0941,20240805,1113.1,1.0
4210,cd392ab1-0aa8-44bd-bc98-3a09f92f2bb8,1005,C0196,20240605,243.42,44.0
4211,db3d9db7-a7ee-4f97-b412-c714d9e9b35e,1038,C0266,20240803,371.52,2.0
4212,61cc4fd0-2a45-4142-bbad-f428d5256cff,1013,C0116,20241022,646.45,11.0
4213,1cb3052a-7186-4dc7-8df3-8eaa796337fa,1033,C0681,20240802,1073.22,33.0
4214,03ffd895-7820-4bbc-9d16-a155d442c310,1038,C0091,20240726,1501.37,22.0
4215,084422fd-1d0b-40eb-83aa-5d6f8dfc871e,1027,C0229,20240712,1739.53,25.0
4216,2f133b6e-797e-4cb0-a1b1-cdce65e2c77f,1032,C0087,20240617,1235.06,30.0
4217,c13384d4-6d32-4308-914d-7e98cb02fc46,1046,C0380,20240723,1919.85,50.0
4218,399d3c8e-0032-4594-bc12-62efabea7982,1040,C0007,20241028,1206.1,24.0
4219,200bc50d-d978-49f6-b929-dfa69912d438,1042,C0858,20240609,788.88,45.0
4220,b2efc25d-fda9-4893-8759-6cc10729bf5c,1025,C0061,20241028,935.48,47.0
4221,345da80e-c29f-457b-8872-6cd600cbc64d,1025,C0713,20240727,1573.86,43.0
4222,31bcbd56-f9b5-46ad-80ff-a06613a3ecdd,1013,C0446,20240818,1385.57,29.0
4223,4a632644-097d-4623-873c-9a6bca73f253,1007,C0129,20240929,392.31,42.0
4224,e9b5194e-76a0-4ca7-9bb1-6a14e3e2970b,1035,C0950,20241103,766.56,38.0
4225,c9e64e0d-6a71-4634-9e1a-c969567be51c,1026,C0163,20241021,1610.23,13.0
4226,c53674cf-2451-4813-9bf6-f15d9bd0b3ef,1037,C0851,20241126,1592.44,47.0
4227,323fc251-33b3-426d-9aee-dd9529815924,1018,C0214,20240829,269.88,10.0
4228,be63fd62-e3d4-44ed-9d4d-987453d9ea01,1005,C0384,20240911,190.38,6.0
4229,e360f1a5-2b03-4d45-b73c-f20e938ffc7c,1041,C0731,20241122,1490.28,17.0
4230,e5b997a8-8ec4-4d74-8a60-4db2b0b5c45b,1006,C0821,20240921,1967.2,26.0
4231,0c2a3559-ad5e-4343-b5c3-d808bf2905d7,1022,C0147,20240924,1502.1,31.0
4232,55b83f70-04a1-4ce7-8432-87bead0f5699,1027,C0700,20240905,1449.75,9.0
4233,604edf71-36f2-4f28-b40a-476e972657b3,1005,C0290,20240708,694.94,34.0
4234,9cffa56a-924a-4cfe-80ca-009f50814f07,1022,C0247,20240927,1667.01,3.0
4235,07b8892f-8856-4d69-9143-037b03d84f30,1024,C0479,20240616,1498.07,16.0
4236,47e5db60-f622-45a9-b098-3e5c60694b74,1011,C0003,20241019,590.27,11.0
4237,96e86321-684b-4bc3-8fc0-29c740573c79,1049,C0266,20240610,604.68,34.0
4238,88fe6b17-af07-4be1-895e-e1c903d4232f,1036,C0984,20241009,728.98,36.0
4239,31117517-14cc-43b2-b977-cca517e033bf,1028,C0396,20240809,792.17,30.0
4240,08456e2e-3fbe-4c04-bb21-171d2796058f,1008,C0522,20240625,420.92,23.0
4241,75e0ccd6-2163-4594-9612-23c3c23214ba,1002,C0823,20240730,377.25,10.0
4242,f31ab947-2e9e-4155-a009-bad4ea8c7fa5,1046,C0137,20241103,1015.07,20.0
4243,c491d498-c517-4a54-873b-bae94a4c9eaf,1004,C0907,20240818,1071.06,41.0
4244,84cb5504-73e1-47a5-a5b8-e301cfc0cda7,1008,C0111,20241028,1688.45,40.0
4245,307e5490-5ca3-4d8b-9641-b245b525bf2b,1021,C0749,20240929,1299.41,10.0
4246,3354f398-04b2-4b2b-b498-bcd50d3eb155,1049,C0747,20240816,85.71,41.0
4247,67069f46-f331-4f04-8bbd-bbcb12367df3,1015,C0895,20240810,443.61,43.0
4248,5b8edc46-3fc6-4af7-be26-7caf5f428c30,1030,C0346,20240910,1114.82,9.0
4249,bca98969-3411-4d65-b874-68831da01097,1021,C0399,20240712,1993.15,43.0
4250,4f20afae-81f5-474a-b9be-95773d9d435f,1026,C0268,20240918,590.81,40.0
4251,a22c4e42-2fd3-41b5-9929-188a3d001495,1010,C0256,20241020,652.73,24.0
4252,769aeb13-7f17-4ed7-96a3-f7ebd605669c,1001,C0902,20240821,1371.65,22.0
4253,18084591-21f0-438a-b051-c3a56e18e3a2,1032,C0743,20240724,218.65,26.0
4254,db9ab762-0f6e-483e-accd-f3e20d80d7c3,1001,C0241,20240731,1015.07,10.0
4255,2910bc63-fdc7-4fb1-9584-45975f39437d,1046,C0981,20241009,1314.36,39.0
4256,c899196f-7d1f-45c4-b2e8-b4e4d1d121ed,1016,C0819,20241127,311.24,37.0
4257,88d874fd-d3ab-4965-9f6c-7fd32d68391f,1036,C0226,20240720,487.75,11.0
4258,5bc5bab7-fb58-479d-ba36-2434b3332e18,1020,C0970,20241024,357.93,28.0
4259,88ce1a7c-a8bb-4422-a944-bee9e74e374e,1047,C0044,20240630,1776.51,38.0
4260,3ff8ecb4-7b66-45a4-91da-ac8b655893c2,1033,C0553,20240730,510.66,37.0
4261,bdfeaa88-2834-4e86-b918-98d0a7bebb76,1030,C0949,20241025,899.05,50.0
4262,22725224-b400-4676-961b-156d8e95529e,1006,C0519,20240627,235.75,14.0
4263,4638b5bf-0332-4fab-bde2-7df7bcb2854b,1027,C0556,20241126,431.56,16.0
4264,dfa8f964-093c-46d2-9edc-08f1cda38732,1023,C0569,20240815,809.63,32.0
4265,e306236f-f994-4617-8bed-5511040bd91d,1015,C0052,20240914,926.34,6.0
4266,a59fa7a8-c2c0-4523-8a1b-40e5861d1ac6,1040,C0302,20240608,531.16,50.0
4267,fe3ed292-f05a-4dcc-9503-4b1ef943b797,1002,C0436,20240706,468.8,2.0
4268,0a6c8159-d027-41b1-aac4-b5d405737b54,1027,C0044,20240614,1869.78,9.0
4269,6f90da91-1d8d-498e-b79e-a7340d71deb2,1013,C0768,20240605,113.88,11.0
4270,532c63ea-6bec-4b07-9ff7-a35d59fb015e,1037,C0964,20240801,1635.23,50.0
4271,4e5854ba-4d7a-44e2-b308-87fdae5de48d,1014,C0743,20241127,886.45,8.0
4272,19d318e7-b40e-4b06-9b5a-f23a995d4b6a,1008,C0084,20240622,65514.97,16.0
4273,99b0fc39-720e-414d-a22c-4c1c12559e4b,1032,C0125,20240716,1782.8,43.0
4274,d713ed17-c466-4901-9bd7-041dec5268a4,1042,C0614,20240823,789.38,29.0
4275,303524ee-e12a-4516-a4eb-d51c0f303fe9,1018,C0871,20241023,1826.83,14.0
4276,143d7c92-ac13-4e50-85f7-1a033a00ad75,1016,C0441,20241029,385.89,6.0
4277,5ff96070-cd2f-4e13-aa17-66b9c8de5e00,1012,C0408,20240917,1040.61,15.0
4278,2293c9e6-0e49-487f-b7b9-21f8488383ef,1041,C0293,20241109,127.78,40.0
4279,b0a78c77-e72d-4be3-bb03-7b7d11a67d5a,1002,C0041,20240707,133.83,19.0
4280,e660b3ee-47e7-4cbc-9077-04d2d7047de7,1042,C0058,20240613,404.53,46.0
4281,cfe00792-a06b-4741-a254-0489abce7399,1042,C0563,20240626,1015.07,21.0
4282,10882655-c560-4e3f-93a9-46f78213a8f7,1001,C0369,20240924,761.14,31.0
4283,3dabf80d-8222-431d-a36f-3243c5b130d2,1027,C0452,20240601,103.52,3.0
4284,654d98af-00ca-47e5-bb18-f7eef4a557ad,1042,C0082,20240623,1699.46,31.0
4285,f97b6c5c-f368-4f83-bd34-a83e0240c7d7,1015,C0753,20241125,1392.59,15.0
4286,cd405626-f13f-45ff-a58d-1db7aac44221,1017,C0358,20240905,833.9,19.0
4287,b335b13e-0166-4762-b34d-36d7ace57f79,1005,C0382,20240902,1387.43,7.0
4288,684c8602-2ab2-4153-8edc-120b5a7aac66,1042,C0435,20240924,812.78,28.0
4289,947beef2-28d1-43f4-809a-c3413def8048,1002,C0699,20241112,1955.97,23.0
4290,fff23eef-7fa3-4d64-bc60-4440cad7f3db,1028,C0885,20240827,1824.27,37.0
4291,92fb2328-1012-4201-bdf8-b7647988907d,1001,C0699,20240905,1712.22,37.0
4292,efcd8cf9-d5fb-4e50-8165-c3b95bc1f1b7,1042,C0977,20240920,1015.07,9.0
4293,494cf6d8-fc7b-4688-99cf-6c56537afe6e,1006,C0151,20240704,429.93,43.0
4294,b5a1cc1d-c598-4c34-b761-49c6897803b0,1015,C0986,20240925,48945.03,13.0
4295,f350e2b1-b3d1-42de-9387-98a0126629ed,1022,C0855,20241026,1171.4,10.0
4296,79915362-a0e8-4977-afde-78af8288dc7c,1000,C0282,20240925,178.68,35.0
4297,1b98d07a-09d3-49d0-9301-6a1caf278890,1022,C0546,20241108,1854.64,1.0
4298,67ce491b-5ba2-499e-953e-e14107908cd4,1023,C0279,20240908,958.53,10.0
4299,ecba1c9c-9be0-49f1-9023-e4ae7d3184ad,1003,C0851,20240913,647.43,30.0
4300,42ecf1be-0c82-41fb-b40f-bdf8b837cb81,1013,C0063,20240730,395.85,40.0
4301,701dd5c8-912c-419e-b80b-0e58b8aece55,1040,C0818,20240607,172.23,17.0
4302,c5566778-706a-4146-9ac4-5ddbd23364a6,1031,C0341,20240713,851.3,3.0
4303,05f3f499-c241-4766-92c2-52783f6ea6fd,1013,C0116,20241105,657.87,40.0
4304,71585a4b-1881-4203-8bf4-9d8e5cc7568b,1048,C0968,20240704,1576.16,26.0
4305,28bb1ba9-f145-44e4-a0c6-7c8726ffca4a,1033,C0364,20240727,1205.03,38.0
4306,d3155317-2eb9-4cdf-aa93-1549f5a8fab8,1046,C0017,20240707,76.84,7.0
4307,424678c3-a1a8-4c98-b873-9f22284f564a,1012,C0022,20240912,1078.91,47.0
4308,0db23dbb-a2d1-4b22-b7ff-7b7dd9555d32,1039,C0541,20241114,1417.36,27.0
4309,c911da40-518e-4f73-9d63-f226124db0b8,1003,C0547,20240621,476.92,34.0
4310,bd80ebad-b475-405b-b2cb-f7ec2c69350f,1026,C0676,20241019,537.33,29.0
4311,bdd0fcbc-1421-41fa-bd2d-a62e1837aa6c,1038,C0037,20241021,114.7,42.0
4312,23f96dd2-4a72-404e-b253-6c006a925135,1003,C0215,20240731,1427.2,8.0
4313,9b941244-4ac1-4589-8dfe-af59d74209d1,1011,C0917,20240909,1728.66,22.0
4314,cc3407fb-7c4a-4eb6-bda1-1682272c5ecb,1048,C0947,20240727,1240.8,43.0
4315,929e0b6d-4e45-421a-bcf4-0d5421b409d4,1048,C0037,20240611,1722.92,3.0
4316,f86712ae-451c-4114-8a31-5908eb3d0c1e,1010,C0073,20240819,371.06,42.0
4317,f306d27a-a078-4ee4-84f8-23ff048fbbdb,1043,C0351,20240627,1743.15,12.0
4318,e1bd234c-03f7-49a9-a3ff-98ab4cc240b1,1002,C0733,20240610,1727.36,10.0
4319,ce4cf085-e554-4792-9b9e-1a7b1ea79df8,1011,C0269,20240605,890.19,35.0
4320,cc1df85f-30df-493c-8c5b-a22798fff060,1031,C0214,20240707,324.33,1.0
4321,2441109f-a874-4fd9-85ce-5ace02741ca7,1019,C0213,20240709,1833.97,43.0
4322,9c83d10e-9f88-4739-8430-3a5947adefbc,1002,C0014,20240702,997.11,24.0
4323,696c8e91-288d-4784-a2f0-0a2e69e67412,1001,C0518,20241008,791.6,17.0
4324,5b287e7a-70b9-4d26-bfb6-aa10caf04028,1004,C0571,20241011,1737.93,36.0
4325,7d552bf5-ee23-45a2-a390-7224155025ac,1021,C0600,20240908,1299.82,35.0
4326,99141c63-2772-41c1-bd4b-50e57e4198d4,1035,C0380,20240625,524.66,5.0
4327,ec2f2e85-29d7-4624-aea5-a8b35e69c0c8,1018,C0402,20241025,642.19,25.0
4328,35447090-e49f-4eae-a0f0-a46b4fcb727e,1018,C0298,20241124,510.07,28.0
4329,a59626ab-d466-43d6-ac3e-750ca9e69f9b,1047,C0845,20241018,1146.88,14.0
4330,a8149ec8-c41f-4ea2-ac7c-91eab884546b,1012,C0031,20240712,420.7,50.0
4331,58df371d-bc8f-4f5c-9ca2-98b2a1bece83,1034,C0902,20241104,1810.58,8.0
4332,508245a4-4a5a-4142-b07f-dd98f1c79558,1008,C0942,20240713,912.71,29.0
4333,30a5d02b-cb8a-485d-bf93-817ede2990af,1030,C0541,20241127,718.43,25.0
4334,c169686a-d1b6-42fa-b97c-869d80bd81bc,1003,C0521,20240710,650.02,9.0
4335,3b4eceeb-afa2-4e76-9e26-1fe7c995dc2d,1020,C0829,20240802,326.47,8.0
4336,35cd6336-898f-4a15-8c89-36d430f7d5e8,1015,C0448,20240629,1899.31,27.0
4337,479e021d-8df1-41b1-92a6-a7c7772ea24f,1032,C0797,20241123,1827.95,31.0
4338,861bf633-454c-49f4-8315-6f6de87de8ac,1034,C0831,20240826,1305.34,32.0
4339,3567571b-ff9d-47f4-9146-34a33557f469,1042,C0815,20240913,1652.42,40.0
4340,2d91414e-cd52-4bdd-bde1-e1f6254b5692,1005,C0767,20241008,716.42,45.0
4341,c04e23fe-605e-42b5-90c8-f32392ffd80a,1038,C0090,20240709,1241.13,12.0
4342,30f3e757-9e6c-4f18-b65d-e6318a470dbe,1044,C0517,20240627,1065.53,16.0
4343,92bb8c37-34c6-4ece-b856-5555ae6a1a37,1040,C0674,20240615,1999.84,5.0
4344,6924f0f2-fe2e-43c1-bacc-423ebf14b576,1026,C0709,20240610,376.32,9.0
4345,e7d93ede-bdba-4271-8223-6a5a2be6c025,1007,C0120,20241117,1859.0,21.0
4346,75e4da11-074c-41ca-b772-24bc935463c9,1044,C0535,20241114,1128.81,43.0
4347,70d91d90-3b56-45cb-8f63-4c2eb38cf3f7,1008,C0614,20240810,336.19,25.0
4348,8bcdf095-c2f9-481a-af75-cab227842744,1009,C0300,20241103,1118.91,32.0
4349,eb9fc94f-e954-489b-9033-a31472111c71,1005,C0792,20241017,1473.04,25.0
4350,6a4a4b9b-5375-4bf2-bb9b-dc64f2f41d7c,1003,C0872,20240618,624.74,38.0
4351,4f748cf4-2d19-4f2e-afdd-ccb293b52050,1047,C0590,20240712,964.45,18.0
4352,9e750442-8476-4282-a2ed-b7c9fa974068,1020,C0593,20240717,1934.66,4.0
4353,02a748f2-db90-40ce-8066-2bc2dbfea2e4,1023,C0199,20240628,898.78,31.0
4354,b7f33c3a-737f-4010-bd90-d806ced6303a,1016,C0999,20241117,745.07,12.0
4355,b130ad78-58cf-4e88-b029-59d17cbe6c25,1021,C0388,20240728,355.17,16.0
4356,61199f5b-4bad-4974-a9ac-e56beaba48d8,1037,C0250,20240921,625.56,25.0
4357,462bf5b0-3bdf-4ace-a211-c400aa8495b7,1038,C0380,20241101,53.64,21.0
4358,2784f22e-0468-42ed-ba62-22a45e64aa26,1009,C0741,20241111,677.05,9.0
4359,6c7b62a8-3a69-4c7e-a81d-dce12f593f6a,1033,C0250,20240915,257.28,27.0
4360,081059a4-cb9a-436e-9cb5-b0ecff1f5958,1011,C0149,20240714,1542.09,2.0
4361,a84c622d-8d31-43db-86d1-0e0c14ade8a8,1027,C0008,20240813,1587.06,33.0
4362,9acc994a-d13d-48a2-9d84-9ef72ca12249,1000,C0591,20241007,1395.95,12.0
4363,eb166467-8ba5-43d2-b7b7-b42128902a4d,1015,C0606,20240828,1427.09,31.0
4364,36b90fb0-6b30-4f0a-865e-a68fe0aceeb2,1015,C0248,20240718,1083.18,10.0
4365,173667df-e9d3-41da-b152-914f160b1e00,1026,C0235,20240617,1183.27,22.0
4366,8a2b4244-ed7d-472d-a818-3a9438e9755a,1027,C0400,20240621,485.74,8.0
4367,d4c2580a-cdaf-4b53-9d8c-d55a2be34de7,1044,C0724,20241127,1901.84,48.0
4368,43467258-c4d1-44a4-a965-d782563e8402,1002,C0886,20241106,1566.43,3.0
4369,0d449119-2969-4ff5-b7f7-733565e21fce,1036,C0044,20241009,731.52,36.0
4370,f0e20148-9599-4572-a043-95bac4d9fa18,1008,C0265,20241127,692.04,18.0
4371,2a3990bd-4a27-4f09-8367-5ae905589a77,1027,C0042,20240920,756.43,24.0
4372,8f7f53cd-2270-42ca-808c-7c5696fb50cf,1017,C0120,20240901,344.0,31.0
4373,c2792a93-3bfd-494d-8eb9-1b9693edf2da,1013,C0026,20240805,1304.17,16.0
4374,17f63242-f9e0-41f7-a362-05a7ca94bb18,1005,C0274,20240809,1760.18,7.0
4375,82644003-435b-4cb2-a7fe-e2362efdcf54,1022,C0779,20240628,1067.35,49.0
4376,13770c7d-796f-46f7-a0ac-2950e9e218e6,1022,C0914,20240712,1193.51,17.0
4377,9202e1e0-2a07-4715-93ba-0342aa1f591a,1029,C0600,20241029,192.79,32.0
4378,01dadacf-ae34-4397-908c-e587770d8a12,1020,C0224,20240831,1369.29,22.0
4379,b9d14b26-b80f-4743-bfac-954739b501ea,1010,C0135,20240812,1272.33,43.0
4380,b9058414-8871-4ace-9403-6ca9a706812f,1036,C0314,20240912,203.11,16.0
4381,29cc04c6-bd4c-44d9-b104-9654a8f72c3e,1020,C0051,20240818,1898.11,38.0
4382,d4984ac0-84b1-4284-9e4a-f0fb79eb5f6a,1006,C0602,20241016,999.1,33.0
4383,a2da1d5f-c9cc-4aba-8786-73b571c75fd1,1002,C0760,20240908,1843.6,50.0
4384,7f44429b-acda-4b45-853b-c713a4e7e939,1042,C0791,20241026,241.41,10.0
4385,db54bfc5-9644-44e7-8b97-2feeadeb6dc4,1003,C0963,20241128,395.59,14.0
4386,af0fe1c7-8411-4829-912f-5ca6ed5c0241,1033,C0297,20240713,640.25,40.0
4387,d4d719b4-524a-4aff-982f-a0a46bbed3ef,1039,C0133,20241117,1782.29,33.0
4388,a880a6b4-00d3-44d8-a63b-139fdaf80bb4,1018,C0676,20240806,1112.27,32.0
4389,072262be-f7ca-420e-8da6-3cf7e2761865,1042,C0716,20241127,1311.77,36.0
4390,84a50390-276f-41b3-9404-ea888cc861f7,1013,C0160,20240919,1733.98,15.0
4391,a867e12f-a328-4193-b80a-c22bc2056316,1000,C0336,20241103,74.76,30.0
4392,87577736-cfa2-42dc-9709-3c0c43260d1a,1005,C0019,20240706,470.17,29.0
4393,d4b8efc7-d15a-48d7-b789-847568a1f24c,1012,C0920,20240927,429.82,50.0
4394,75dce527-e673-46f2-8bea-6027c0c4af10,1015,C0226,20241010,1140.18,4.0
4395,57c92732-abd5-4529-b4b5-7bc30722931c,1018,C0886,20240827,1899.79,14.0
4396,0c97437e-c695-4571-8c92-72028f6e1fca,1010,C0770,20241011,1135.27,12.0
4397,14e89a8c-a220-43f5-89e7-b05fc4a6280d,1042,C0327,20240713,916.67,10.0
4398,78467a20-4f4b-42bf-a5e7-2a22a80ec4b0,1039,C0769,20240612,595.02,43.0
4399,b27a8291-c121-41b4-9c71-9657f83b79fb,1028,C0984,20241017,816.08,23.0
4400,e8e6713b-a294-42ee-9786-abb97ae9390d,1047,C0397,20240819,1458.09,7.0
4401,a39dbfb6-24e0-4e04-a91a-5ed4097e1d31,1010,C0931,20240706,480.05,18.0
4402,970fd6a9-e3cf-4474-a220-b1540a2b7461,1006,C0838,20240713,837.94,18.0
4403,4b202d65-57a6-4002-a14b-8ce6c81853bd,1020,C0285,20240627,102.97,21.0
4404,12397c14-6312-4039-a7c3-f4a443a9170f,1036,C0413,20240701,1842.03,9.0
4405,01567ff5-e976-4e93-b846-5b8c032adf6a,1001,C0798,20240615,813.79,14.0
4406,afcc87d1-f3fb-4dac-88c3-2ea5bbd57d28,1046,C0044,20240812,1096.84,17.0
4407,362510b3-7964-4c74-a5b1-7e6aae3d466d,1046,C0261,20241025,278.21,32.0
4408,6c37c59b-38a4-471a-b95e-7e362efbf853,1040,C0193,20240824,1517.38,44.0
4409,196ef0d1-f205-4a57-9b5e-b87acbdb361c,1006,C0288,20241125,1816.4,32.0
4410,a53e8c59-636c-440b-a0b4-42b5481ed1f4,1014,C0073,20241119,1829.35,34.0
4411,0be56a36-559d-433b-860c-b52c84a00ef8,1025,C0474,20240629,1915.74,19.0
4412,2c175111-f36e-480b-9a25-defaf73211b8,1029,C0663,20240723,663.68,28.0
4413,973ffbfa-469a-4857-ba14-f7542300fbc4,1002,C0245,20241023,1378.63,4.0
4414,2c64b4a8-bfaa-4c73-98ae-3b3edc3337dd,1006,C0927,20241022,86.69,18.0
4415,22758922-8caf-404a-b011-ecbcecdc7157,1031,C0555,20241111,841.28,44.0
4416,fe441402-2e68-4640-80d2-df67a67f8647,1008,C0025,20240605,1240.71,37.0
4417,133ce858-47bd-403d-91f0-6f714af336ff,1006,C0623,20240728,761.16,4.0
4418,350348d2-154c-4978-8ce9-0edfde3c9882,1009,C0257,20241123,1021.16,32.0
4419,4fadfd2f-497b-46b6-a74f-cb4d041b4d5e,1049,C0963,20241121,1595.1,36.0
4420,b4463247-4681-49c5-9536-4b78e09acfc9,1038,C0742,20241018,1063.13,7.0
4421,b51fdb25-b6c1-4bf9-bb1b-eef03dc87b1f,1045,C0835,20240824,940.25,2.0
4422,6983f423-64a5-48d5-8e78-23701608e421,1006,C0392,20240602,1017.8,25.0
4423,a7c8d3e9-8893-4124-a49c-f13868d95542,1040,C0735,20240729,1938.64,48.0
4424,9252f727-3aa4-42f2-bb87-9d4c42423112,1039,C0264,20241003,1764.11,30.0
4425,c108202d-b63c-47b5-a7a3-3f077ef36e87,1011,C0392,20240623,439.65,39.0
4426,b6894581-e54d-4d82-a0ba-b87f5d9cabff,1026,C0684,20240903,458.59,45.0
4427,986eb3ad-8c48-41bd-92b9-f264dfb0a219,1031,C0450,20240601,854.4,50.0
4428,2c1953d1-6736-4877-ab2e-f8405d4b1e14,1048,C0796,20241022,98.22,20.0
4429,17689623-1a80-4ed8-ba9c-0b965cef7cc5,1010,C0569,20240804,1861.81,20.0
4430,4017aeea-5eb1-4041-9e70-5022e7eab0b6,1000,C0978,20240820,211.79,5.0
4431,43f8d8af-a319-4681-976d-dcb3beecc557,1049,C0168,20240709,1879.15,16.0
4432,b9ddc27b-9dd2-4b29-bdf7-2cb352ca3f44,1015,C0241,20240818,1887.04,28.0
4433,f197d6df-c5e2-439f-9cf1-d87596af7a87,1023,C0188,20240723,881.93,31.0
4434,c110f7cc-bfb3-4aad-9918-9764bfbe5e81,1024,C0090,20241003,922.96,35.0
4435,fefbc8e3-5b64-49cf-9f8a-3eecaeb01d96,1040,C0829,20241021,257.84,39.0
4436,dd33eb97-938e-490a-81c8-1b99c1e1ee3a,1041,C0360,20240604,1297.76,5.0
4437,e000c6fa-752a-40e3-8015-b6f3562e5f2c,1040,C0077,20240821,1367.11,3.0
4438,50d16d32-5942-4157-8e08-9332134affc0,1028,C0528,20241009,1894.92,44.0
4439,c7b6e60f-c63b-4952-a935-856f94d4a659,1042,C0855,20240716,788.76,3.0
4440,49aec008-3e69-478d-9fdb-5c5d1eaf8422,1035,C0581,20240929,388.0,32.0
4441,9c30a4b3-3dbe-4eed-b842-db8f004a2c7f,1047,C0210,20240713,1496.17,20.0
4442,8aa174d7-2336-4baf-9e45-163f1ef37894,1030,C0659,20241127,605.84,17.0
4443,f8824315-7644-40e5-ae46-d5e17282d04f,1005,C0078,20240716,1320.44,16.0
4444,4c6e5001-c858-4196-8963-d143f37cdfae,1001,C0300,20240727,1121.91,25.0
4445,9373685a-60a9-4d01-813e-bd0aa008ef29,1018,C0066,20240914,1261.69,8.0
4446,f07b1c14-4a0f-45bc-b72d-c738fd884150,1040,C0081,20240731,1446.76,39.0
4447,4b84c315-ad2d-4fb9-9f60-d0bb7e96b0a1,1009,C0035,20240605,478.52,29.0
4448,8f8ab220-197e-4325-bf36-62830fb05635,1035,C0231,20240807,1412.85,45.0
4449,8964a34a-c336-41e2-b4c7-700725f259a9,1009,C0755,20240726,1663.5,21.0
4450,fd78ebc5-c4d2-436e-bc7f-44fe9dfbfc2f,1045,C0025,20241128,1294.04,29.0
4451,8429f831-3fc0-449b-b7c9-f5094c93af99,1013,C0425,20241013,79.57,10.0
4452,44d65d81-e0cd-48b9-9888-1818d559e35d,1048,C0007,20241106,1811.38,20.0
4453,5cdfd1c2-3cc9-446e-8548-041d0335d385,1023,C0170,20241112,226.38,35.0
4454,110baa08-39af-41a9-9489-812d3781e441,1004,C0790,20241019,1912.66,39.0
4455,b6362cf7-ce70-4dbd-823e-9b6fd1a80bab,1007,C0165,20240905,1978.55,36.0
4456,30434618-bc2d-40c6-8eb4-cffcd2ba6158,1018,C0835,20240616,833.98,17.0
4457,71bfa394-8124-4b25-8f17-ce24644f1be6,1028,C0765,20241128,1148.37,29.0
4458,e97751a5-01bf-4568-b462-d98a672a006d,1029,C0371,20240808,782.9,45.0
4459,129fa941-9ff8-426f-a8b2-70d05ae98c02,1007,C0143,20241001,1015.07,9.0
4460,15dc6b61-3289-4541-a301-b2b3e8504890,1035,C0731,20241117,968.3,9.0
4461,2f2d164b-728d-4d3a-9397-1502464dd31c,1035,C0544,20240625,1823.83,17.0
4462,1ae31a40-b527-40c9-a6a1-c7d7c9336c2e,1025,C0468,20240607,236.98,13.0
4463,da4b424a-8839-4e85-95f4-d79f19805aa3,1003,C0972,20240613,545.36,28.0
4464,7dad1e53-5f84-4539-9c41-e9760daed7ac,1031,C0560,20240814,1365.24,34.0
4465,7c6f74f2-2b1b-441b-9e42-1a62448d0b34,1027,C0549,20241030,368.32,20.0
4466,46b73c2e-4ebf-4603-9c7c-a6ea46cc3f31,1045,C0023,20240802,146.95,45.0
4467,28c09121-c0d6-4cc7-8197-cf05bc11d06e,1007,C0859,20240910,113.52,12.0
4468,f99ef91a-0d9f-4577-b470-d6a941801185,1005,C0647,20241012,868.17,46.0
4469,018698e5-3cf5-4739-b902-9d4c8c31a4ec,1046,C0147,20240803,1321.75,21.0
4470,fcc5737c-58cf-4ab4-9826-462ab6b60809,1014,C0851,20240705,489.61,2.0
4471,ce66f6d1-d6d1-4d60-8057-5ec014c40150,1034,C0982,20240729,225.44,38.0
4472,75ae53cf-96a1-4f8c-97c2-af315e222bf2,1035,C0480,20241125,677.59,29.0
4473,20b590a7-b48e-4864-af10-f1e3be1124be,1006,C0803,20240614,61.46,26.0
4474,9dd17111-45b0-48aa-a6d9-51ce073d6aa1,1044,C0255,20240801,320.55,20.0
4475,8281b217-c9cf-46a3-b7bd-f767fc91218f,1032,C0024,20241117,1027.1,45.0
4476,b2eed9c9-ea0a-40a3-a1c4-f6dc79d65833,1008,C0462,20240810,1873.68,22.0
4477,cc718d9a-4405-4350-ad92-48e3ae663532,1043,C0435,20241026,1301.37,42.0
4478,9ba61df6-62af-4c5e-b251-1670581caedb,1024,C0363,20240717,395.52,46.0
4479,158c565d-d16d-40fd-aa27-212fb37421fa,1030,C0334,20240624,679.46,45.0
4480,0dd60e8b-4572-431f-93ef-d77f2dcae4d3,1003,C0484,20241122,713.95,31.0
4481,436d260b-61c0-4993-bbe0-007f836db616,1034,C0326,20240731,857.27,12.0
4482,e64bef6a-fb56-4f60-8f8d-65dea2f1e448,1038,C0385,20241021,405.91,14.0
4483,03fc44cc-caf0-4491-819f-0397dd84123d,1035,C0732,20240608,230.38,8.0
4484,2c60202f-34fe-4629-888f-2308ab217aa0,1005,C0225,20240804,1015.07,41.0
4485,e968a948-8329-4e7a-ad6b-e50e2df3e636,1035,C0762,20241127,736.66,33.0
4486,8923343b-5563-4d87-ba93-7d07aca56e22,1032,C0034,20241116,1018.2,40.0
4487,8722a2b9-6e27-483a-babc-79f4a4ff65cc,1004,C0359,20240822,655.5,40.0
4488,6f705fb1-f387-483b-bc91-2d89041c8425,1041,C0342,20240703,1055.78,47.0
4489,abb5e1c8-cd6a-449e-9c47-f69a70e8fc39,1022,C0870,20240918,1922.17,27.0
4490,f0d17f37-d435-4faf-b2fc-98d35e825141,1040,C0057,20241114,1856.83,48.0
4491,ca54bd05-2494-47f8-bd18-e801655f488b,1015,C0838,20241101,1613.7,23.0
4492,c2edd03b-1c89-4354-afd3-3810f92c2d77,1019,C0577,20241121,384.93,2.0
4493,89d35803-7c9f-43c8-bef0-273ac47a2ac2,1042,C0163,20240601,1015.07,9.0
4494,22564219-8390-4884-8bd7-32cf62b5718f,1021,C0039,20241116,992.37,36.0
4495,01448994-c4b8-4589-baca-497cc157941c,1033,C0138,20240908,1072.34,20.0
4496,0f477342-39bb-4150-bc00-43d8f319a86a,1016,C0961,20240616,1673.6,46.0
4497,802d2778-b9bf-49f3-b423-6d87759b7905,1026,C0485,20241022,529.91,30.0
4498,18f8fdc9-dc34-4c8e-aaf2-27bfc3b0a469,1003,C0628,20240716,764.84,11.0
4499,45d94949-65e5-4a43-bb17-f4d1c2f444b3,1027,C0901,20240703,1219.51,27.0
4500,839f46b1-3fd9-4e17-b80e-509b6013c172,1005,C0815,20240620,1015.07,32.0
4501,f52049a4-f415-40c2-b27a-bc516d944197,1018,C0468,20240730,444.85,21.0
4502,a8eeabca-bd2e-4d30-a523-b02fcf0dfa36,1015,C0438,20241119,1203.43,20.0
4503,09e06627-2c66-4240-a463-7e283be4fb38,1003,C0451,20240813,1237.94,6.0
4504,2e95c346-bf84-4bef-a5e5-8d9044bb473a,1001,C0899,20240821,1015.07,2.0
4505,0337c5f1-2e52-4ecb-a585-dcfcb68bff60,1022,C0523,20241030,1502.57,18.0
4506,040c554c-99c9-4fa5-b950-cc659355556b,1034,C0077,20240730,683.08,29.0
4507,c8fcf5ed-1167-425f-937e-5cb14cb0fa2f,1015,C0035,20240609,1085.09,4.0
4508,6e5aa350-17e9-4da7-b399-fecbf4d97ef4,1027,C0839,20241110,1859.81,48.0
4509,7a28588c-5a4b-4acb-9655-0e8add5d6040,1021,C0237,20240608,688.87,10.0
4510,f50eade7-a9df-45e1-9285-785ac9f00c02,1035,C0959,20240713,1087.32,17.0
4511,34201672-a9be-49bf-9806-695eafe151da,1011,C0695,20240922,231.95,5.0
4512,9508bff6-1918-44bb-ba66-adfefc457e38,1001,C0598,20241006,410.72,43.0
4513,e03a29e4-88a2-46bd-b976-57ccdab72dbe,1023,C0494,20241030,1363.57,32.0
4514,fdbb9197-bbb9-487b-83d2-f2eacaa1c457,1027,C0721,20241015,1217.21,7.0
4515,69933653-1c32-48e6-8eaa-06df7fbaf4c6,1000,C0307,20241024,824.08,50.0
4516,b6cb3c7e-73b5-44db-a502-115c99e0d724,1031,C0253,20241117,1236.56,13.0
4517,330f22bc-86ad-4622-a854-ce7df2c0a856,1019,C0696,20240710,663.21,33.0
4518,24f4aa62-0745-4fed-a797-aa03070a116e,1029,C0675,20241004,1962.66,15.0
4519,abc2193f-ef82-40c9-a436-6599ace150a1,1002,C0226,20241013,158.16,38.0
4520,37593450-845a-4141-a35f-227690e0041f,1025,C0940,20240812,310.3,39.0
4521,7bebe15d-69e2-4ec9-a531-ba8ae0812142,1034,C0956,20240801,572.92,8.0
4522,34f0e5f1-000c-4f44-9fd3-2390eea5cfdb,1026,C0028,20241028,1751.93,17.0
4523,278fff0f-4008-479c-9359-842f3c011ee0,1012,C0760,20240824,768.82,12.0
4524,b38c03dd-eb44-458d-9c9a-7d1cc2735dd1,1038,C0623,20241002,1350.43,5.0
4525,4a2e397c-5f83-4cf0-9ae5-1ef70eb69235,1021,C0079,20240904,1173.21,14.0
4526,7dbfca52-0e79-49a2-a204-858f3f66dfc9,1048,C0974,20240711,31870.05,42.0
4527,ff3dfd56-2caf-46bf-8f6e-e19c7d03f67b,1009,C0181,20241005,1065.09,21.0
4528,10f4fb17-7c92-43ac-8cbe-db50d81e5ba8,1047,C0356,20240612,245.96,34.0
4529,50cbc3df-be1e-482c-a823-cf754007e795,1048,C0224,20240917,1189.07,6.0
4530,b68c6931-fb34-4511-b40d-ce431ae96aab,1006,C0698,20241001,509.65,16.0
4531,839d0a83-0287-4209-bfb6-c119c6bc6c73,1044,C0696,20241105,494.16,38.0
4532,c6648b51-3717-466b-9c6c-b3d499286df6,1022,C0267,20241107,808.52,32.0
4533,eaecbbb8-4157-4f97-97a6-640289377b7f,1008,C0677,20240830,917.91,7.0
4534,8e3a8818-180a-4998-b0fe-73aa184a910e,1014,C0053,20241104,1481.72,50.0
4535,73247c19-db85-4e9e-b8ad-23373e9c7115,1048,C0003,20241002,88.16,39.0
4536,2c69477a-cf39-409a-ae94-a2a3fc0b1d79,1005,C0558,20240609,1660.26,22.0
4537,e19b9f6a-5f17-4021-9229-56c521528b9a,1035,C0814,20241017,1602.33,19.0
4538,29ba0f4a-0e4a-4331-a61f-34f9976538aa,1020,C0423,20241028,1750.47,49.0
4539,f4d82d23-ae19-4a83-8caa-86bb7fd36de3,1018,C0912,20240812,1015.07,44.0
4540,2e39d539-1304-4ed7-9671-0f480630195b,1036,C0143,20240924,944.56,39.0
4541,a51a9d07-b3ec-4744-b626-16ed4e96fccb,1044,C0127,20240907,1825.84,21.0
4542,555fa195-96c3-47e9-bb02-ada690d0ba1f,1034,C0107,20241010,449.74,23.0
4543,f1c92e84-abe2-4a8b-8e52-2074844d8027,1010,C0497,20240612,1637.22,33.0
4544,319ba538-c47d-4124-b9c7-46b4c837d41e,1000,C0979,20241126,1085.65,46.0
4545,162200e0-9c34-4f5b-926a-b7f7edbd6b8d,1025,C0672,20241102,1851.31,38.0
4546,5afdbc55-b5cb-4b4b-8b57-6925c1c81334,1013,C0037,20240604,195.92,10.0
4547,46b5cf11-841d-4a1f-bb8f-5cad5c53d52c,1015,C0438,20241114,1332.06,37.0
4548,a0d80371-ee90-42cc-afc8-08b52cef091b,1010,C0675,20240726,1989.76,39.0
4549,aebdc2ea-5c3c-47f2-b1ae-e61d11cf5bd5,1045,C0077,20240725,1507.95,2.0
4550,432ed0ca-f103-4e1f-ab7d-8007d82fdfea,1041,C0683,20240620,656.64,43.0
4551,e2e973f2-898a-418e-81da-47b16f7b4c5a,1046,C0559,20240810,1333.16,46.0
4552,0f5607a2-6754-41b4-8050-8e90c85234c9,1047,C0524,20240709,367.87,28.0
4553,95ddefc4-9afb-413f-90a4-f3e9b58d6c61,1037,C0774,20241108,477.7,4.0
4554,51187e79-b58a-4449-a18b-be08d004a1e3,1031,C0720,20240727,1008.48,24.0
4555,eb724580-e5a9-4113-b326-8ffddfba9288,1042,C0559,20240626,129.89,11.0
4556,9f67a898-d570-4862-adcd-3daca3ed7c8a,1007,C0663,20240611,859.18,7.0
4557,ab71d39b-07f2-4d0b-b203-06b69cf0a224,1041,C0376,20240804,777.53,48.0
4558,847d94f7-c85f-47ce-9129-960e5f759efc,1013,C0689,20240815,120.08,6.0
4559,a21907f5-cbca-40dc-a83d-b241771b7bfb,1016,C0004,20240908,349.05,15.0
4560,a2ac796f-8a92-4e36-b5f7-5053b83dda95,1033,C0538,20240616,1228.78,25.0
4561,6dc3e055-e80b-4078-9bf6-b11473ec32d5,1004,C0338,20241103,1541.53,20.0
4562,e02187c7-08bb-4983-89e4-c646264b7f05,1005,C0981,20240902,1015.07,46.0
4563,16cb994e-c6cf-42a8-a972-c3dd9dd13f46,1046,C0882,20240620,954.81,16.0
4564,1cc4fe06-3e20-4291-b15b-3209c8597a08,1011,C0735,20240628,216.39,44.0
4565,128e6e8d-7e2d-4c88-9f11-9c3bdfbdbbd4,1007,C0620,20240818,1733.36,49.0
4566,789e43b1-8552-4059-9774-56a5e3210a9b,1043,C0668,20240923,1536.95,8.0
4567,2b68ae8b-a58f-4c60-813c-c1f787c21e9c,1045,C0862,20240904,1795.58,12.0
4568,d3f44d56-c823-4431-81a5-b5d12d7a8cf8,1043,C0122,20241106,721.34,15.0
4569,2a0285bb-8e38-4b60-a37c-e7d313ed427d,1000,C0820,20240821,1887.73,4.0
4570,b4d5e6fa-5c0e-4571-aedb-caafb9b61436,1000,C0103,20240803,1293.71,2.0
4571,738c816e-7653-4b3b-aae1-50946c49d019,1045,C0409,20241103,74.12,10.0
4572,6c4148ad-fcdf-4209-9dc7-bfbf99b2fd39,1004,C0001,20240814,977.81,46.0
4573,72edbe9b-c99d-4569-91a0-857e7f6e8648,1026,C0726,20240720,372.37,33.0
4574,e70e4e0a-f5fd-4000-a5ee-dd6e8b0b0918,1027,C0414,20240813,1132.97,27.0
4575,3b755773-8521-4475-a840-b6584efd4c96,1044,C0219,20240603,1948.91,18.0
4576,890d0112-0926-4bad-85d9-9f2d362a5b44,1019,C0566,20240829,1872.15,7.0
4577,03d52186-3a2e-44bc-9e32-54bf0e2ffcb1,1005,C0376,20240627,1677.07,25.0
4578,b1d622bd-1ec0-4ff6-8502-2d46817c926e,1022,C0421,20240716,62.68,8.0
4579,75d87cd7-57e5-41b0-bad5-e87234f24897,1006,C0490,20240815,1983.1,6.0
4580,d6ce8ca3-e2ed-4e07-8014-4d76d81b2e69,1041,C0990,20240731,1773.4,41.0
4581,fb66d50d-e6c6-4231-85ab-c2e21eaaef27,1003,C0835,20240930,868.0,23.0
4582,aab3ed06-c828-452c-9896-0654f693accb,1010,C0965,20240825,1300.87,10.0
4583,6c6d2703-945d-4771-b783-5a02728fa701,1025,C0765,20241104,994.52,8.0
4584,7f116f5d-dcd1-494f-935f-3857b4299ec8,1014,C0584,20240923,1015.07,11.0
4585,c951d066-48d3-4deb-8b4b-732f087351f2,1019,C0305,20240811,945.9,15.0
4586,ea0bcfac-1f94-43f6-a46f-fc067e7eb4bd,1023,C0003,20240629,788.82,24.0
4587,f6b1dd42-a0c1-4983-b9f3-8343588141d4,1016,C0037,20240930,890.82,21.0
4588,1f737fbf-d448-4870-b87e-9a904db43dfe,1009,C0630,20240818,1172.98,29.0
4589,6439210b-7361-4fcd-b7a0-63bc0ea9fdc8,1019,C0366,20241016,1511.07,45.0
4590,44569194-91fb-43f0-9699-d5cdf9426faa,1004,C0298,20241002,583.76,30.0
4591,9116a556-92ea-41c2-85ff-a4ee6d6fec80,1032,C0683,20240804,1793.82,21.0
4592,a970f1fd-aff4-44c9-9f77-bc5f342b7d23,1028,C0556,20240603,216.66,35.0
4593,0701bb07-9a27-4914-a189-08ebe554abe1,1007,C0066,20240811,1421.65,23.0
4594,d9b1e6e0-22a8-42a5-995f-2bf099a6ed37,1034,C0116,20240612,1806.32,14.0
4595,060cf210-5936-4551-b9e0-ffb588707d3a,1021,C0054,20241122,1731.52,5.0
4596,2811e8ec-b570-49f1-9ac5-6336dfbd7f6b,1003,C0750,20240713,585.65,39.0
4597,ed7523a7-916c-46f3-88b4-8d334512e1d6,1030,C0181,20241021,517.48,14.0
4598,59d522a0-c590-4693-83b7-4a63d97dfc6c,1039,C0790,20240623,671.44,47.0
4599,5adfba7b-9691-42bc-91c6-ad92ee97ebfb,1031,C0313,20241126,1015.07,35.0
4600,93c41cfe-89bd-40dd-afde-82446f0f856e,1025,C0248,20240617,1841.67,1.0
4601,f0b08a1e-d756-4e01-bbd6-81d273eb53dd,1012,C0566,20240924,1150.8,12.0
4602,68bffaa2-0f48-4376-a171-1b1c353d92d2,1001,C0335,20240720,386.49,26.0
4603,76b7a139-eaa5-40f0-9686-78288e8f6322,1043,C0107,20240916,1774.47,11.0
4604,9834cc4e-833f-435b-88d1-32588558d976,1000,C0333,20241015,1245.65,45.0
4605,0e0b1085-971e-4ac9-897d-1f293974d601,1043,C0013,20240907,53.91,10.0
4606,da76d92b-b9ca-4cf3-9f2e-c7d29f23200e,1006,C0618,20240831,1015.07,26.0
4607,84b7bd6c-355c-4d0b-b036-be6ececf51d6,1026,C0084,20241029,1583.72,30.0
4608,37f0b285-aab2-4ff7-bf94-6cccb3478dc2,1036,C0464,20240902,1015.07,21.0
4609,bfc0072b-4433-4e08-970f-550cdfade208,1015,C0133,20240716,839.49,15.0
4610,b36523d2-2125-4016-bcfe-0fdf8506e80f,1000,C0279,20241025,942.25,42.0
4611,209d2f73-66c7-4fb3-af0f-88f1160e8619,1042,C0636,20240613,1235.32,39.0
4612,64f0043e-37c9-47aa-b423-1e9ec852cb48,1010,C0331,20240919,999.51,6.0
4613,e2192dc4-2ce1-420d-8c7e-87def24b41b4,1017,C0570,20240823,1582.04,42.0
4614,0c88be16-90fb-41cc-984b-74eff4f649c2,1006,C0780,20240718,1004.7,3.0
4615,991a5839-fde1-45e3-9d38-1156a5d7934f,1022,C0628,20241012,1178.83,46.0
4616,77dddca3-e0a8-45d2-9b73-358abec37607,1009,C0712,20241110,1472.66,7.0
4617,f03870d8-8100-4f44-89d8-6268abd5bee8,1049,C0014,20240730,1066.51,6.0
4618,5b668ba6-5093-4834-9e3a-ab34b6c148a6,1027,C0230,20241116,1166.5,48.0
4619,52d77724-1aa0-470b-a47a-917ff45690db,1033,C0040,20241028,866.67,41.0
4620,2c40ebc5-4e19-43e6-9996-f55b42292fb8,1028,C0228,20240925,1533.42,29.0
4621,48367cbe-9749-4151-97a5-07972f1b92a9,1049,C0621,20241023,879.68,40.0
4622,f3cc7cdc-73a0-458e-977c-a84344b55221,1026,C0497,20241104,556.67,36.0
4623,5d2b7194-a757-48c2-9d70-f1e113920d65,1036,C0610,20240725,518.03,8.0
4624,6be5f3e6-539d-4b01-b2d4-aebe6c13ca26,1043,C0909,20240619,1015.07,30.0
4625,8998ca7b-c5ac-4582-9242-d7ab368db09d,1016,C0970,20240611,1309.32,12.0
4626,68cc1a18-e3f4-45e9-a8b4-c5408638331a,1004,C0085,20240923,71.07,16.0
4627,3f09133d-81c9-4c50-90f6-2a6c7a4755a2,1035,C0703,20241028,554.7,1.0
4628,9863e119-cdf8-40a1-829f-8753828a07ae,1047,C0031,20240822,1089.7,4.0
4629,b3348c20-6f49-44aa-b7f6-b6e9b924ea54,1025,C0144,20240627,824.06,43.0
4630,dfb64eeb-340c-4d51-9236-d6e0c6d2109e,1040,C0229,20240802,700.11,34.0
4631,0550b997-b00b-4f50-968e-e6b4373a249f,1004,C0403,20241016,240.82,46.0
4632,a0f37967-3d61-4586-b596-350861b1c232,1040,C0032,20240711,317.2,8.0
4633,b536bb19-1af9-4e65-8c97-42e0b7e9e3a2,1043,C0266,20240804,1646.34,9.0
4634,90022c2b-e7d9-40ca-94dc-403a74be0f27,1021,C0249,20240716,1492.37,25.0
4635,5f8d6dd8-0b4d-4804-b52f-d6de84e2e96d,1036,C0292,20241027,1040.35,32.0
4636,af3b3cce-6053-4783-b1bc-19c70ea35dad,1014,C0013,20240619,112.77,12.0
4637,6c42fdae-f444-4b69-9ae2-ad7cfe877c51,1002,C0198,20240801,1642.0,45.0
4638,fe54e954-15c7-49d9-9667-0eca88ff82a0,1020,C0619,20240713,1953.12,20.0
4639,fa0f3515-ec09-4271-ac59-ae667f723f1c,1033,C0662,20240704,402.97,37.0
4640,c622246f-7d9d-4e6d-a4dd-f35a2983709e,1032,C0023,20240624,1676.1,10.0
4641,54fe51dd-835e-480e-8673-24bf2655ff3f,1048,C0663,20240821,1712.92,28.0
4642,72f70d26-798b-4ee0-bebd-d9df5cf29fd0,1037,C0229,20240807,1964.13,50.0
4643,ffef621e-7fb1-4273-9343-45da9bea51c3,1006,C0426,20240720,1015.07,30.0
4644,7fa861b8-4e08-481a-ab79-b0c99e9a2a8f,1026,C0197,20240604,1748.02,35.0
4645,eb50ff86-3c8a-4b93-8a7c-c51f5c12e6c7,1003,C0435,20241110,1224.13,40.0
4646,f540b144-7c11-4640-9f19-f902e860fa33,1046,C0653,20240921,1577.45,29.0
4647,f5fc8e3a-bdfd-497f-b811-a6ede2e337f9,1036,C0984,20240711,1579.39,39.0
4648,c236ed03-6b68-4b89-9ac3-dc733ea76aca,1033,C0133,20240701,1797.19,48.0
4649,d0cb8fde-50c9-4a21-acdf-16fd7feb74f2,1049,C0338,20240820,1940.9,29.0
4650,adbd0255-7d16-448d-b86a-d0feaa3963d3,1002,C0762,20240613,1015.07,15.0
4651,987a4f27-7110-496a-84a5-30b5f7d36234,1026,C0157,20240805,553.38,21.0
4652,0f2f14f7-e6c4-43e2-919b-982c0fc6c850,1020,C0966,20240827,805.36,12.0
4653,b6cb9622-3dcc-47ab-b195-b34f6b2dd6cb,1032,C0815,20241007,799.38,4.0
4654,8cc907cf-5456-4dd4-a3b3-320c74803936,1036,C0805,20241005,1103.49,14.0
4655,1ffeb3d3-01e9-4039-aba9-dd49b01c7bca,1037,C0178,20240609,662.27,5.0
4656,57a39abc-0acd-48d4-89fa-a09f286fb0b4,1045,C0356,20240814,385.64,10.0
4657,80e503ed-12ea-4a8a-a35b-800ec9bd0732,1039,C0116,20240610,919.13,11.0
4658,e1485826-b5d4-42b6-b5a2-7e08a2bc2afb,1020,C0985,20240621,1605.91,41.0
4659,7e47f11a-2b0a-4da0-8842-9711cd4b1ac3,1047,C0462,20241016,812.51,16.0
4660,6c42ef98-1138-4122-ab16-0b1b96e37f4c,1026,C0689,20241107,1906.11,50.0
4661,4eb31eaf-ed1a-4e9b-bdf3-0387320e9361,1024,C0716,20241116,766.77,32.0
4662,c4192281-eed3-461d-a6a5-b78cfff147d2,1013,C0351,20240602,1085.41,2.0
4663,8acb91b6-0344-480e-9627-20c2bf4ad27c,1008,C0167,20241001,1015.07,1.0
4664,faa451f1-88de-46dc-8818-767d224c97ef,1045,C0822,20240918,659.78,29.0
4665,ed1aec1a-98b5-4bd7-b3a6-b697577e7bf0,1035,C0231,20240916,1460.61,4.0
4666,5fac6b34-6c41-47d0-80bc-002923ac0fd0,1020,C0997,20240607,1721.48,24.0
4667,0a2449c7-7dac-4414-baf1-3642693a70c1,1011,C0813,20240610,1444.81,35.0
4668,85df3162-fb06-49cf-af76-39e181cd8b32,1018,C0676,20241123,484.46,21.0
4669,10469f88-5182-4c5e-af1d-ae95fa2e5d95,1036,C0454,20241102,1015.07,6.0
4670,49068e63-34dd-4600-b108-537dd4fd2038,1007,C0005,20240727,154.03,16.0
4671,f2857e7c-f59e-4b88-b808-8485a914fa0b,1028,C0449,20240929,1931.77,30.0
4672,0bf228b8-2fc6-4c68-a6d3-3ffdf1a9e635,1034,C0667,20240816,1015.07,10.0
4673,8176405f-6985-41ca-81ce-ce0ff3fe90d4,1003,C0818,20241030,1109.43,29.0
4674,dc87abbb-503f-4cb6-95a5-28735f5d1af3,1037,C0727,20240724,308.54,28.0
4675,26779d80-17f1-45ed-87c8-f8360e869c51,1018,C0298,20240908,1038.41,20.0
4676,a5b41727-9e97-4c3e-9a60-6ad0177f08ae,1004,C0329,20240909,482.46,18.0
4677,0b3d7d19-6a66-4c5f-8edb-a087cbc09ce4,1038,C0363,20240713,360.75,15.0
4678,981240b1-c65d-4a02-b31c-46275e526391,1031,C0402,20241018,1675.2,12.0
4679,e8bf2101-5c1d-4017-8e56-d1f5894bbebb,1039,C0718,20240617,1496.6,11.0
4680,a14300f7-1535-4cc5-b3ea-c74313740eb4,1014,C0294,20240816,361.36,17.0
4681,921520fa-0282-44cd-b555-7672ceed2417,1041,C0635,20240915,1273.25,23.0
4682,405f9ade-f97d-44d5-82af-d45c14bc045a,1004,C0001,20241019,670.17,7.0
4683,012ce126-d34e-41f4-8d3c-6d91e4e2a6b6,1002,C0655,20240811,1377.03,23.0
4684,f19b50e9-da09-4d68-a71a-63a0e1467fff,1032,C0152,20240807,1297.55,22.0
4685,07c182ec-f508-4dbc-a817-dacfbfb4daae,1040,C0187,20241106,1073.08,44.0
4686,0aa3786c-5389-478f-afec-cc6dbcc81d86,1034,C0490,20240810,1055.64,47.0
4687,d98157ef-24e4-4944-8970-4e13636a88cd,1032,C0515,20240810,864.64,48.0
4688,6d6bf454-1fe7-4717-844b-2e17006e45e2,1043,C0109,20240908,562.13,26.0
4689,b6fe3820-22fd-49a5-9f97-df13f6bd45f7,1039,C0319,20241111,1306.34,27.0
4690,63961934-0bf4-44e2-b032-1f9a6e5700da,1000,C0987,20240809,1648.34,20.0
4691,c7a48108-d023-4d02-874c-c110db1a750c,1020,C0209,20240627,983.91,44.0
4692,73d37296-c4ab-4521-8efc-e5c2f09127fb,1038,C0065,20241109,1171.44,10.0
4693,71fc78bf-3057-4993-8af6-d29157766ddb,1046,C0821,20241007,1569.22,27.0
4694,3fdb33a2-9c1e-4a2b-9706-f661bcb59a9f,1019,C0612,20241117,1251.37,25.0
4695,9f92cbc6-1225-4f02-8a55-0ab68eb60676,1029,C0765,20240819,1028.31,24.0
4696,87a4a069-96d3-49f0-9353-106592c1f4e3,1002,C0444,20241005,1268.89,48.0
4697,00d04402-2e88-416c-8b04-dbd4c3da6360,1040,C0668,20241114,1587.3,12.0
4698,1f6ec7e4-3b81-40e3-9b83-7b555f1b02d6,1012,C0677,20241020,1603.83,8.0
4699,5e826219-c666-44f9-b08e-f0583524bac9,1026,C0659,20241120,1015.07,41.0
4700,1dbb4fff-795a-47d5-97eb-d4b83913f26c,1042,C0898,20240914,1506.68,26.0
4701,742079a1-df31-432a-b8c2-314a37f5af1c,1015,C0867,20240628,627.65,9.0
4702,f962c626-b9eb-4394-a3eb-7b17abeee9ca,1020,C0481,20241009,1531.61,12.0
4703,9f8374f8-511d-4a0d-b9b6-b3ecda0f60e0,1012,C0776,20240812,1899.9,4.0
4704,7e3469f4-e85c-4878-8610-be7959a4dee3,1020,C0166,20240613,370.75,23.0
4705,09f1108d-e743-41bc-8f4b-5fbf6e744cac,1006,C0091,20240907,1732.8,18.0
4706,e92db9d4-1c6b-49ff-9b02-c175ece02ad7,1006,C0662,20240821,449.51,4.0
4707,e2c0a417-36db-4128-a2cd-8ec4d6e96434,1030,C0705,20240726,598.29,45.0
4708,26502234-c204-4643-b20f-5094f709af55,1018,C0403,20240714,424.99,1.0
4709,04e02a00-5397-4a40-b3a6-e073445643f6,1029,C0180,20240816,969.82,42.0
4710,3bbc21ca-4008-434d-85d3-8df9c0b074b3,1002,C0073,20241008,690.71,8.0
4711,aceeea8e-d9ef-4828-ba84-b61cd385029b,1000,C0371,20240913,577.62,25.0
4712,2ba46383-5668-431f-951e-261babbdaeaa,1007,C0966,20240715,1320.9,48.0
4713,eea2776c-9bef-4185-84d3-00e8e3a3f7db,1033,C0893,20240814,1108.82,33.0
4714,3c23464b-20cb-4912-b2c6-b964efee7b01,1024,C0018,20240628,1199.81,27.0
4715,a1860a74-d71a-4ecb-bf6f-9dc69a487d1c,1014,C0345,20240915,529.72,28.0
4716,365649f6-b8a7-4c09-a78d-9448b76a4fcc,1008,C0904,20241003,503.47,42.0
4717,c149c472-cd97-4676-8174-e9c57cf2d81f,1044,C0412,20240627,1606.58,4.0
4718,a257d022-f27f-4af2-a55b-1d54b1645f7d,1000,C0748,20240803,1150.99,35.0
4719,1b315aed-7974-4bed-ad70-33b8e586abc4,1037,C0239,20241026,576.57,19.0
4720,0ae47718-d059-4300-ba4a-8481a2c2425d,1038,C0638,20240726,784.64,37.0
4721,1c2d1184-94a7-43af-b237-4c6e2148015f,1026,C0595,20241014,783.79,48.0
4722,10ce45be-73b2-40fb-bd95-eb59c69f132c,1008,C0322,20240919,777.24,10.0
4723,9f5e670b-5e2c-4d3c-a9c9-89bab6b1ec3f,1006,C0600,20241116,1466.46,21.0
4724,5b5a3f54-9ea4-48f2-baa6-ffc358a85541,1000,C0332,20241006,841.06,29.0
4725,672b5339-3428-4642-b279-6e671dfb33c4,1000,C0491,20241016,1573.38,34.0
4726,7e2c5a80-f37f-4361-b449-8895d5d424eb,1014,C0184,20240731,1767.92,42.0
4727,9862eebc-3f54-4938-acba-07c7ca63f1b1,1034,C0709,20240615,298.71,3.0
4728,a8d0f862-c90f-4149-a226-ed7961af9242,1000,C0867,20241013,1478.72,17.0
4729,828d6de5-5533-4351-a769-04448c66105b,1009,C0475,20241101,741.46,47.0
4730,e1b627d4-1249-4f34-98b3-6bb11c9ca611,1000,C0554,20240605,980.84,50.0
4731,a2e578e7-4ec1-4f34-9135-5663f1af4755,1020,C0815,20240911,1303.58,4.0
4732,17096ee7-f972-4ae0-b1c1-41934fc5dc91,1015,C0200,20241030,1024.06,39.0
4733,d24aefde-150a-4771-9767-1e99d522c910,1044,C0606,20241123,1563.0,20.0
4734,8944e908-a0fb-45c5-b64d-56f6fb066f3a,1006,C0758,20240727,1085.98,40.0
4735,af9d02f9-6459-427a-ada7-a2988db87e64,1036,C0020,20240917,1599.77,49.0
4736,682db02d-f976-4dfb-ab5e-d399321aa49f,1048,C0983,20240913,1736.62,19.0
4737,a2ca5b20-90e8-493e-a843-1311022887be,1038,C0084,20240719,1051.09,13.0
4738,5729a1ee-da13-4ce7-88ff-7441ce158193,1046,C0282,20241108,1608.2,33.0
4739,3039efa8-a96f-4a9e-8abd-bddfed11c18b,1039,C0654,20240701,1015.07,5.0
4740,989eb1fe-b390-4185-93c7-ef623ebe0a78,1042,C0799,20240629,677.18,43.0
4741,bc61c74a-67d8-4da9-9e8f-e666e99550f4,1025,C0164,20241029,1015.07,24.0
4742,0432300b-0935-4246-9731-26b294857a25,1048,C0858,20240706,638.15,2.0
4743,65414f87-8c2d-4571-892a-38775f7da65f,1021,C0958,20240806,467.34,11.0
4744,eadf4db6-2d65-4b6e-a5ba-3f22c919c8c7,1025,C0847,20240721,1415.13,1.0
4745,71f03059-966c-47d7-8c5a-c7327a1bd6e0,1047,C0371,20240914,1852.97,50.0
4746,90a34503-efca-4b24-9fe9-9ca7b52cc001,1001,C0379,20241101,98.84,1.0
4747,a4182fd1-3276-4c4c-8b9a-2f0ccfde6ba0,1037,C0274,20240809,1913.02,13.0
4748,01267fcc-e206-4df0-a7c6-ba6110ba9ce5,1031,C0699,20241110,1852.18,19.0
4749,9acdbbd3-9987-41e9-8080-c3ec6f1875bf,1017,C0989,20241004,1003.43,11.0
4750,99d6f5d4-60b2-40e3-b548-941340ba3711,1026,C0556,20240714,627.79,23.0
4751,a7438949-9389-45bf-8638-b82c0e701cd3,1007,C0738,20241004,285.35,1.0
4752,c6136857-760d-4d9c-b703-5014a2d92edf,1001,C0549,20240807,443.83,41.0
4753,139d4be1-40ff-440b-8c6d-5e0ba8f9f1c9,1037,C0026,20240622,1208.27,12.0
4754,f4add594-9788-4bb7-aa1d-867283347d1f,1018,C0594,20240725,836.09,11.0
4755,ebb79e32-cf0d-41d3-8ffd-0a7057aa5c6e,1035,C0774,20240803,1017.47,23.0
4756,dbb2d1de-b6a4-409e-a77b-842e49aff609,1038,C0395,20240918,1047.73,44.0
4757,a0fbd518-ef87-44e9-9ce9-c31ae86c1843,1035,C0903,20241020,1814.61,41.0
4758,af1948f7-0eee-4614-88bc-0f9be8e519aa,1018,C0957,20240913,74975.93,39.0
4759,93910697-daa6-459d-9bbf-6a6d3185c441,1008,C0968,20240627,1929.66,36.0
4760,cc2982ae-83f3-4605-95a8-72a3b440ecee,1010,C0457,20240914,112.12,46.0
4761,e78349fb-237f-43ac-ba8f-9f8294e161fe,1032,C0214,20241028,1234.36,26.0
4762,0a069b1c-e692-4447-9581-81452eeff6d3,1041,C0807,20240926,817.69,16.0
4763,f0bed9e8-a5cc-448c-b44f-c391927e6f92,1049,C0440,20240829,1887.61,23.0
4764,b3870c47-3191-4676-b0e9-3b80b198068c,1005,C0197,20240906,1385.6,4.0
4765,81b192e1-bbde-45fa-b309-79cbf971dbec,1022,C0467,20240731,1705.94,17.0
4766,05f4b5e6-d69f-4c93-9e6a-00d00a61ee72,1045,C0164,20240623,1226.78,33.0
4767,97133a10-0aff-4b30-923c-f908f5b01cf8,1041,C0182,20240723,1164.91,19.0
4768,fd434c06-69dc-45c3-8c35-b47288ffbb80,1041,C0383,20240725,708.39,15.0
4769,b5ba10ab-72e8-4ff1-99a8-947cae3e8fba,1006,C0338,20240912,1967.39,37.0
4770,62eb89dd-7b5e-44c0-a156-6152a7d4495e,1032,C0274,20240928,253.61,21.0
4771,36d6b720-a069-43a6-9e5d-1f3a1956848c,1009,C0363,20240702,175.71,13.0
4772,36bd80f7-4dca-4184-9f70-ee2df484965e,1009,C0667,20240925,119.66,8.0
4773,7750f8b5-072d-4643-ad9b-b28dd4ab6847,1002,C0323,20240801,1212.78,35.0
4774,9403a40a-2992-4872-9aef-bce9beb7b4e8,1026,C0634,20241022,1727.91,2.0
4775,13439025-0a1f-4af1-874f-07af3443b02b,1032,C0903,20241120,1015.07,14.0
4776,1fb4d877-219b-4424-8068-b59ab14618aa,1045,C0918,20241110,686.55,15.0
4777,f70bd449-989e-4d56-a50a-219c13dd1a5b,1023,C0940,20241025,1303.7,5.0
4778,446ba258-2582-4638-a0b3-36d08409bf66,1001,C0989,20240702,1838.81,19.0
4779,30406d92-4121-4263-9be4-1fa534af7240,1010,C0689,20241117,1015.07,33.0
4780,141e003a-3b5c-4a0d-9389-f02642d3cab9,1011,C0846,20240825,847.02,36.0
4781,b245e128-c3b1-4820-a252-25fbf663f1af,1029,C0187,20240807,73.8,13.0
4782,76ae1025-0315-42e3-a3ed-30399d086b4d,1001,C0810,20240803,451.63,40.0
4783,a4a7b886-0358-432b-aed1-aa9b183345aa,1006,C0918,20241001,1612.56,27.0
4784,95873d4f-f4f3-4658-8872-8d9720f75f67,1040,C0145,20240823,405.74,38.0
4785,2a58b488-e743-42b0-8a85-c217897adf24,1046,C0461,20241116,1872.2,30.0
4786,269fc879-e91a-4f4a-8871-28a82a4c9a32,1036,C0460,20240907,330.27,32.0
4787,a39f7e3f-e45c-4a0f-a8a0-bca7be86ab3e,1006,C0453,20240828,76.63,37.0
4788,580f2a4f-5f50-4be7-acb9-a20ce46d6643,1037,C0641,20240719,288.76,25.0
4789,2bf5ffa1-c437-4402-b860-3a095633b9cd,1014,C0287,20240913,589.6,6.0
4790,084fd7cb-5c99-40bf-86f9-32137b005646,1015,C0705,20240830,959.36,35.0
4791,9d62f410-7fc4-4575-b12a-111af0da1a90,1002,C0357,20240712,396.46,19.0
4792,da629630-5c88-45bc-a7a7-408ed7d61399,1028,C0860,20240603,612.05,9.0
4793,f405baf3-c7c9-450b-a7cf-f820df2b372f,1000,C0995,20240808,1779.5,21.0
4794,f114ae33-3c6f-42e0-ad2e-95520d39066f,1030,C0484,20240922,1457.19,27.0
4795,ff3f45ff-9ed1-43db-9779-f7c470602997,1009,C0468,20241025,1467.11,30.0
4796,35d4db77-2bc1-4a65-b7c1-a5308f6fa594,1014,C0757,20240814,89.78,12.0
4797,73e0de56-ef01-46e8-b3b1-21a1002639cb,1042,C0945,20240609,1741.59,34.0
4798,34fc05e7-5f61-46ce-b352-6d037ee50144,1019,C0949,20241011,414.94,25.0
4799,b0aaf37e-0576-47e8-b81d-304ae7df37c5,1005,C0876,20241029,802.93,18.0
4800,41c0c2d0-f354-44e2-8127-6fff577e2a60,1009,C0435,20241031,1527.93,22.0
4801,4d4393e3-4f9c-4786-bfbc-59c0d384216d,1029,C0178,20240610,639.46,38.0
4802,c750fe37-5c7f-4830-a5c8-03d5e4d52b73,1017,C0184,20241006,498.17,24.0
4803,d9d2711b-1b64-4f10-82b3-ce332f74a9fd,1015,C0079,20241114,1378.37,34.0
4804,01dd6d38-e6c0-4020-a98e-86db3721d583,1040,C0867,20240906,1535.16,2.0
4805,4203af17-b547-436b-a18b-8b93aacca20f,1029,C0997,20240930,1017.36,18.0
4806,3e66220f-5dca-4746-82ae-32c753a15c1f,1003,C0621,20240920,1015.07,39.0
4807,3b093c1d-c5f2-4f48-af4b-480a35b8aca8,1019,C0422,20241120,1015.07,38.0
4808,7fe22ad8-c059-4611-8202-8d7d1a808cee,1017,C0322,20240617,913.64,39.0
4809,9cfceb43-0c77-464f-8b72-57e6d63c0207,1010,C0758,20240823,1217.07,32.0
4810,f30b1bb6-ec43-4e61-ac76-d309ae06fbe1,1025,C0220,20241029,1315.09,8.0
4811,485e8f04-1f64-4939-913c-bafb3b992902,1049,C0468,20240711,1538.95,11.0
4812,b5f3f3b9-1556-4669-aca7-808339179bb3,1024,C0015,20240605,1027.64,49.0
4813,f43f0b7d-38fd-4de7-b467-fb3684df89e2,1038,C0800,20240722,1998.14,50.0
4814,63e6ebe2-a8d5-4f60-831f-60ee9ca08ab8,1016,C0709,20240922,1381.37,39.0
4815,5bc49be2-09e0-46cc-af93-857a9825297d,1000,C0660,20240821,1015.07,4.0
4816,579de368-ba30-46bb-b913-3ec66856ceb1,1028,C0040,20240901,1882.88,4.0
4817,e742c881-0aa2-454d-9ccb-66650fbfee9b,1043,C0571,20240701,1918.5,5.0
4818,f1160333-71e6-4461-a084-c5c6e1ee5f08,1027,C0414,20241026,109.58,23.0
4819,7a77472e-0d55-4703-b267-98d5aedda0be,1022,C0132,20240726,1670.22,50.0
4820,697bfb2a-0065-433b-9fd4-a5f675981850,1001,C0551,20240914,1652.76,22.0
4821,746c42bf-3ab7-40a5-8695-f9ca5c42a55c,1014,C0435,20240821,1656.91,7.0
4822,ca903f80-9787-498a-b87b-3e3a341e598d,1008,C0515,20240808,1178.72,5.0
4823,79fb4f43-832a-453f-8336-318619fa5d82,1019,C0305,20240609,1357.18,36.0
4824,493dffff-8669-4304-87ad-9a63299d36b7,1017,C0806,20240629,638.93,45.0
4825,f1197330-10ee-4ee1-b165-373b76d73ce3,1048,C0597,20241120,1969.95,8.0
4826,2d271245-2f44-45cc-a44e-974a396bde13,1010,C0752,20240909,162.92,34.0
4827,ffed65cd-5594-402c-9d70-b7fcd88eeeee,1016,C0221,20241026,602.53,20.0
4828,aa1e2a64-e6ac-471c-ab99-b39fdeac9462,1041,C0338,20241002,1879.42,44.0
4829,4f06813e-0149-48c2-a8e5-4093ba28b545,1046,C0295,20240711,886.33,10.0
4830,436ab867-0ccd-4c9f-9e1b-3d5b1498a389,1044,C0623,20240607,1080.53,16.0
4831,7ffd8d75-d385-4aa5-b07e-8a419697575c,1041,C0086,20240709,738.63,21.0
4832,4b817411-784c-400a-9835-ca3f6c6d3343,1007,C0981,20241002,1040.2,47.0
4833,367d0871-bc4d-4ae2-8b41-f47193b104b4,1017,C0053,20240929,971.33,38.0
4834,ce2e7bdb-77bf-4a7e-9f9f-7c1c9ea60a07,1049,C0223,20240620,269.17,2.0
4835,18989170-ed68-4946-bc90-dff4d8bfbcaa,1006,C0648,20241115,568.97,16.0
4836,c79c093c-6b02-46d1-a6b9-9f41f08f3ce3,1028,C0099,20241111,1682.9,25.0
4837,edbf5feb-2bde-457c-950b-f7a797ffe021,1039,C0340,20241105,1348.28,24.0
4838,b7359acc-5de0-4fe5-88c2-427022d0c260,1023,C0802,20240717,1114.05,19.0
4839,9a792f6f-3c86-4e10-8353-69a1821432a8,1044,C0464,20241113,1015.07,26.0
4840,b6daa5c4-e806-4960-9a26-c8017c184fd3,1006,C0231,20240731,1794.21,27.0
4841,1f2bceea-5fdd-4e1e-a3b5-db3f0a2e88ac,1039,C0705,20240731,845.81,50.0
4842,8d04de2b-eca2-4954-8311-8e1b2c36fdf0,1029,C0378,20241106,237.82,44.0
4843,7a9a31cc-a72e-4912-af75-c3afb215d49f,1002,C0871,20240926,1857.33,23.0
4844,b6b20f91-7bd9-4e29-a55e-e3b8ab818fe4,1007,C0642,20241009,193.28,27.0
4845,20548d7a-df02-41ca-9ae5-a3ce83b55034,1008,C0837,20240820,862.78,4.0
4846,83faec54-6592-4890-9bb0-452cc813b717,1013,C0138,20240821,1015.07,1.0
4847,ce621858-fa9d-4b4f-bce5-91ec68909c61,1036,C0533,20240804,726.19,32.0
4848,72be0740-2759-452f-b4ee-703330797f30,1034,C0767,20240916,363.18,48.0
4849,84b242d9-31b4-4ea5-a572-7881b2f2e984,1004,C0683,20241026,96.16,34.0
4850,b88e6d2f-fc6f-43c3-9afa-08983b5b0b9c,1001,C0484,20240626,1516.52,32.0
4851,f56cd43d-9bb8-4f40-a0b0-bd9b08c9f5b3,1014,C0213,20241010,1342.86,2.0
4852,186fcc1f-b36a-4363-823b-fbc3c0eba971,1011,C0038,20240822,57947.39,8.0
4853,8d2fd401-cb76-4e0d-aede-dfc5a46cb011,1002,C0414,20240929,1963.24,24.0
4854,65f0e908-bab2-41dd-bbbb-4407055022ca,1046,C0899,20241106,1274.76,1.0
4855,197b2b31-b009-4246-b165-32b67af32d96,1041,C0665,20240917,1883.2,29.0
4856,351b2e80-855e-4b42-9e31-b538878f6ac6,1025,C0776,20240727,1357.03,24.0
4857,e1d72021-f4e8-458e-b422-eb850d8037eb,1039,C0150,20240606,1292.63,46.0
4858,e8856edf-3305-4dcd-9b35-c092636f6b0b,1032,C0624,20240824,1251.65,18.0
4859,42e4f65c-f905-4c2e-9134-098e710eed2d,1027,C0932,20240730,936.38,42.0
4860,671f8654-4e53-46ce-b31b-4df8a32b09a2,1042,C0537,20241105,476.19,22.0
4861,8b422e12-f596-405b-99f2-aada7437eb8a,1024,C0161,20240607,1323.54,3.0
4862,49b493dd-82d8-4b2e-bad1-8ebc849fbc4c,1015,C0204,20240818,1890.53,28.0
4863,58717b51-ce4d-4996-aeff-b50da2bdfc38,1016,C0063,20240924,1526.69,10.0
4864,1fc46947-7d84-4527-950f-85df468bc1b1,1006,C0094,20240704,1327.35,8.0
4865,b1193c41-019c-4cdb-9b9e-43bb1c1fe837,1035,C0322,20241023,1186.27,40.0
4866,858076bd-2931-48e2-b595-cd194518b37a,1039,C0163,20241027,1745.11,40.0
4867,5fe91635-6c7e-44b8-b6e5-5e6836a469ea,1006,C0675,20240712,1246.91,44.0
4868,bd2031e7-1049-407d-9ad6-c71e993ef455,1044,C0182,20240723,1853.04,20.0
4869,edcc8f5b-8f09-4a65-8ecb-b3f8677b7f9a,1009,C0599,20241024,1954.27,8.0
4870,5b782240-13ec-46e8-a6a7-47a8d81612c9,1040,C0098,20240926,107.45,45.0
4871,b5dac3c0-c62f-4393-a5e3-28ebe01dbc60,1027,C0765,20240622,232.91,44.0
4872,34c7d2c4-cb27-452b-8e23-0e2c3d88f2a0,1037,C0105,20241016,1219.89,30.0
4873,008b488d-439e-4131-8f98-00d15a38cb89,1008,C0436,20240628,449.11,7.0
4874,c2a417c8-6cbe-4be5-bd1c-cad4a4391791,1023,C0902,20240812,1015.07,45.0
4875,2907ad7e-ed84-4247-a260-e65885982cba,1027,C0732,20240719,261.2,17.0
4876,29b8bfd7-bcaa-4140-b1b3-d37862231044,1040,C0166,20240601,983.18,42.0
4877,61ed3bb2-770c-4630-a570-7df4453f1bfd,1018,C0504,20241120,655.16,11.0
4878,cd12c3c7-f425-4662-8691-7467ee6a04eb,1030,C0770,20240611,572.12,25.0
4879,f271eb5c-5d9a-4f2c-9261-8d21ad8782a1,1027,C0026,20240609,554.81,16.0
4880,6e9491a8-813b-407b-ad26-55d1049d1859,1043,C0439,20240926,1354.03,39.0
4881,f8407209-8fc1-42b0-82e0-2acb1d32ecb1,1037,C0168,20241004,1486.14,1.0
4882,7bfa4763-02d8-48cc-bc31-6ac03f9f42cf,1017,C0386,20240619,1917.51,45.0
4883,69e32fe1-8802-4317-9440-5472982e732f,1009,C0020,20241104,1123.52,40.0
4884,d5c00ad1-dd67-448d-89cb-ee3ef1707f4d,1049,C0417,20240602,1866.35,23.0
4885,5b0b9016-ef9c-496e-b93f-f3ffc4cd964c,1037,C0009,20241004,1169.64,40.0
4886,af07a838-f2e4-4893-9781-746ade9463c8,1049,C0997,20240716,1738.77,23.0
4887,9f47ea98-e0d2-486f-9021-29afecd0b97e,1023,C0414,20241020,1131.02,11.0
4888,acddbc0a-0972-4c04-a2a1-09b253e45c96,1041,C0735,20240814,1107.11,24.0
4889,84ce7556-8e1f-49d0-9cb2-d9a58f0c1a51,1036,C0024,20240608,562.38,30.0
4890,92b7b24f-a76e-4890-80f6-a7f1c0f3c726,1023,C0807,20240716,561.3,25.0
4891,cd04c988-0a30-4e9a-ada8-404d8b5d34dd,1007,C0118,20240901,1887.92,37.0
4892,13b60ab7-5e72-4910-b22a-f6c54ccccec4,1040,C0616,20240618,339.44,48.0
4893,bd903631-e81d-4f95-8e45-c002739db381,1012,C0761,20240715,1458.79,50.0
4894,6894e91f-0c0a-4494-9b15-ecbf893e8b5c,1021,C0626,20241022,641.1,35.0
4895,e0a67d2f-fdf7-4566-be61-7b6ebd2d31fa,1033,C0360,20240731,1351.51,25.0
4896,b8731a88-a8ba-4c73-9c44-90d01e6ed7e7,1022,C0864,20240618,706.51,18.0
4897,8ce892d6-eb94-423e-96a7-e12772f05396,1026,C0177,20241104,306.14,38.0
4898,ea907499-c97c-4775-af88-1f87ef600c35,1013,C0869,20240612,1015.34,27.0
4899,2114d816-5d4e-41db-bce8-82fb251bafc7,1018,C0854,20240831,1604.41,14.0
4900,b1e0a186-e275-4c37-aec1-8eb2b021fe5c,1044,C0363,20240805,1781.61,25.0
4901,d4ceb686-2bce-42d5-8261-2d283f5d5363,1045,C0766,20240901,488.96,37.0
4902,dfa47e58-2d52-4327-a43a-daef9db1ffbc,1027,C0916,20241015,352.46,7.0
4903,46981e0f-c993-4865-97aa-3d7f88870794,1030,C0040,20241026,1500.76,28.0
4904,11fb7c2c-9add-46bc-9eb5-41f4069ab2bb,1001,C0308,20240830,1057.57,25.0
4905,c7ed5fd5-45f2-4c23-bbad-5c9f8138a0e9,1033,C0224,20240809,1949.77,40.0
4906,78a7b04d-c35e-47fb-b989-74445a73b6e8,1040,C0164,20241015,71.98,9.0
4907,40bd5cda-1e34-45c4-a621-25f748bc0058,1010,C0423,20241024,1573.43,9.0
4908,6dc83202-450c-4545-804c-213b389e787a,1001,C0231,20240812,855.88,28.0
4909,8d90e007-596d-4f15-a637-8c676e133a41,1025,C0179,20241118,863.68,18.0
4910,cd265515-82b9-4b32-8ba5-04531b40dcd1,1024,C0883,20240702,678.57,34.0
4911,4bdccb6c-06ee-4660-8200-72f9fd2688a7,1007,C0530,20241016,1219.4,29.0
4912,5d228c08-885e-4061-8924-4f5633d94da8,1043,C0727,20240912,697.89,33.0
4913,a8011ecb-8e95-4770-af88-8b3accea86d7,1002,C0865,20240602,1110.42,6.0
4914,d3087e4b-f6c0-4d75-abc9-34188a4b8fc5,1018,C0555,20240624,1015.07,1.0
4915,d66bd98b-db86-4aaf-bfdb-9260fa08661c,1025,C0180,20241105,1412.3,4.0
4916,b13a9ec5-247e-4b61-8dc7-536b98d84851,1003,C0378,20240627,1487.14,20.0
4917,84fa710d-f385-4af6-8fbd-aa853373087b,1016,C0214,20241116,1646.56,43.0
4918,d0b438c9-c151-4051-959a-eb20e39caa5a,1048,C0955,20240926,1367.46,23.0
4919,ee0bc2e0-9232-461f-a541-61f788abb0aa,1013,C0806,20240715,970.96,14.0
4920,c63f7f44-20dc-49e0-b744-13145fff6e10,1045,C0871,20240627,252.44,47.0
4921,f1f2c8f0-8415-47b5-a567-2290831cafd6,1000,C0312,20240621,329.69,1.0
4922,7b6a1c65-c130-4b8f-b4cb-655d19f4d54d,1011,C0296,20240703,1109.81,37.0
4923,571cf09b-b3b6-41da-9795-224c08472027,1035,C0661,20241008,290.54,41.0
4924,7b0366c9-bb0a-466f-8010-1030ac1d0be0,1023,C0851,20240623,1744.95,29.0
4925,147e8e87-acc9-4f76-9845-3b1bb667b8b9,1011,C0782,20241123,608.98,35.0
4926,e0ae9c82-2640-4ccb-9cc6-4b14223410cd,1024,C0743,20240706,952.39,4.0
4927,3f20a3d0-cc94-4fb1-8b68-fd5e48a2c13f,1005,C0880,20240714,1654.8,47.0
4928,ad560161-3d3d-461c-ba27-206afd453e7a,1032,C0367,20241018,324.72,20.0
4929,efd05a11-6947-4f54-9606-8ceeb6bb5976,1026,C0672,20240613,755.13,9.0
4930,7a794715-ef62-4372-939a-d9bb7201ce1e,1033,C0153,20240619,903.19,25.0
4931,6148c67a-3f1f-4ad5-8bd1-26cc9aa1a84c,1012,C0676,20241123,976.81,29.0
4932,52696f49-4393-4c96-9024-8ec76044f411,1031,C0086,20240904,928.06,15.0
4933,f68f346a-c278-446b-9c53-d886b7c1f30b,1030,C0714,20241103,1015.07,50.0
4934,c3f7c8f9-0da7-4cc8-b7d4-c8e3a396ee33,1037,C0924,20241020,1391.39,38.0
4935,b0da9cf9-a952-4a96-af72-942b586c2276,1023,C0751,20240821,1932.03,31.0
4936,84dc26db-e474-444a-8c48-3db56d338cde,1031,C0834,20240726,538.81,17.0
4937,05fded45-02a0-4039-a2c8-45e17443d9b6,1022,C0818,20240823,742.15,46.0
4938,abf07ace-f0e4-4767-951a-1c9565f35aa7,1003,C0470,20240816,132.37,44.0
4939,1a1e79c7-5960-4ed2-96ce-643eb620c913,1007,C0583,20241017,1345.3,35.0
4940,91334560-9874-435a-99e0-4bdd34b34b4b,1019,C0351,20240701,520.74,50.0
4941,a87c1839-1e8b-428c-9364-52bd1d53db8a,1036,C0815,20241021,1593.64,33.0
4942,93123726-5a1e-4075-a4a0-18278aa7920a,1032,C0524,20240823,1736.71,13.0
4943,75f0649a-8ef3-4a60-9841-aafff2902fa9,1022,C0846,20241122,1076.48,22.0
4944,fd4f915c-cc5c-4431-a49b-66edb780511f,1028,C0526,20240619,672.24,19.0
4945,f7e701a8-a385-453b-bf27-6f9fe68d16f1,1023,C0147,20240811,1719.04,12.0
4946,7467d0d0-fa6d-4412-8f47-e60a8a78f9c8,1027,C0589,20241104,460.23,11.0
4947,4ca0da5d-8d29-4945-b438-154e41720871,1003,C0585,20240627,614.84,45.0
4948,bbf06a39-efad-4976-97a6-c87908b0a478,1018,C0217,20240626,1015.07,24.0
4949,2b8e9a1c-6a77-4ef7-9215-997c0286ab8e,1022,C0567,20240818,1514.88,11.0
4950,60f83f63-0a7f-4f71-8ff4-e4521f6caf04,1026,C0075,20240814,324.59,19.0
4951,a463c54e-b502-4a2b-8a2b-16eb0b42c86e,1034,C0292,20240625,1252.74,45.0
4952,a88f963e-c3a3-4b26-9e8d-f5fbb40c50dc,1022,C0351,20240805,424.04,29.0
4953,c2a5edbd-d6c2-49f3-8387-4d61cb874ac6,1028,C0057,20241110,1198.12,5.0
4954,0e41bfe4-253f-4d86-92ce-042a216454b5,1006,C0346,20240903,702.3,35.0
4955,234bfc4c-b7e5-4c27-a4cd-e74ad09db624,1014,C0737,20240710,860.87,26.0
4956,d14d5888-51fc-457c-860c-0b99b69c623d,1019,C0387,20240903,321.65,2.0
4957,6ce90a64-ed12-4f6a-b41c-4e943bc9546e,1023,C0277,20240916,1081.97,19.0
4958,afbc7f66-cc3c-4f8b-96ad-c6931dee1658,1000,C0854,20240624,1901.31,15.0
4959,0d7dfa0f-1c8c-44e5-99d2-caa39523d16f,1004,C0138,20241005,712.85,43.0
4960,ae742497-9baa-4b6d-a752-565498fb44f7,1002,C0748,20241025,1358.81,46.0
4961,1f00eb95-f3aa-4bfa-95b8-2ef83cf4f4dc,1031,C0906,20240928,1848.51,17.0
4962,0c615746-48be-4a03-8125-2d457c736d5e,1027,C0796,20241029,1642.79,24.0
4963,b308bf5b-7246-4e5a-a238-adb8f588baa8,1034,C0008,20240906,1432.51,37.0
4964,d52fed9b-3d53-4478-b059-dc9ce930c8c4,1014,C0366,20240809,405.16,12.0
4965,64a048dd-6c81-496e-8864-fd7f10b69651,1014,C0728,20240915,494.24,16.0
4966,0c22e6b2-9690-487d-91d8-1bc09ebbf34e,1007,C0446,20241008,1062.42,39.0
4967,a4e7fce5-2160-4104-a5b6-18c8572c612b,1004,C0165,20240607,497.61,2.0
4968,71399c3a-8ab6-4514-9a67-f895c589e64e,1027,C0048,20240825,1465.79,38.0
4969,7dac984e-22f1-4445-bc14-d89fbdfea8b7,1047,C0563,20240917,995.45,35.0
4970,50c1b694-f11e-45c1-a1ea-4b452e18fe43,1030,C0105,20241006,486.27,40.0
4971,1faa1c26-3603-4009-b425-4a9644dfd512,1009,C0787,20240624,1788.4,24.0
4972,172f155f-35fc-4be9-99d1-0be1cf35e3d3,1027,C0704,20241029,1393.61,40.0
4973,604053ce-e237-46ee-8d9e-e3aba7678ca8,1015,C0566,20240814,860.29,6.0
4974,b957cc65-e021-4f49-92d8-9aad073362dc,1040,C0593,20240602,145.95,5.0
4975,9422f893-df71-4b21-b411-e7e3649fc90e,1029,C0013,20240801,728.17,14.0
4976,98e8c2ba-429c-4136-89c7-94ba73d33592,1021,C0082,20241119,1431.16,7.0
4977,636c4846-70b5-417d-8092-4bbe696dc169,1035,C0075,20240730,962.44,17.0
4978,d7396349-8d2e-4d1c-9014-3c40b7444a43,1031,C0519,20240628,601.83,17.0
4979,ceb7bbf3-2212-4fe5-bc00-f3798b1fef84,1038,C0818,20240907,751.04,33.0
4980,9e24170c-9d8c-48e7-bfd7-7e0d4359b2bb,1029,C0127,20241013,1000.74,23.0
4981,23724598-c647-46ea-9e04-d388c2e8cdbf,1044,C0363,20240902,271.96,25.0
4982,fd7f8f70-dbf1-45ab-9acb-15f1494bb97d,1046,C0252,20240708,479.7,6.0
4983,91f4f6ce-db0f-42f1-960d-a775926638ec,1035,C0259,20241010,1420.06,40.0
4984,228dc0e6-73c7-4858-9d1a-dc00f69a72de,1002,C0404,20240730,1015.07,30.0
4985,a1be0620-1410-4b8f-9e28-dbd84fa85595,1014,C0203,20240607,164.73,14.0
4986,7bfe695d-00ea-48c1-b08d-d2b93533d944,1016,C0533,20240726,915.02,49.0
4987,bd9921ae-c5d7-413b-ac24-80c847df574c,1005,C0831,20240922,1102.56,44.0
4988,ea905288-40b4-413d-b8a0-ed3f612a13a2,1000,C0165,20240817,295.83,48.0
4989,83618174-a526-49ed-8a0e-ad00f70b9155,1023,C0219,20240611,1349.1,6.0
4990,27d5de68-3799-414e-9e3b-6cf380fdcbd9,1041,C0256,20240922,1403.03,36.0
4991,41044105-e5de-4f58-98a1-f8ce170779f6,1022,C0592,20241019,1638.35,25.0
4992,1a01067d-feed-4290-8175-ead7816f651b,1048,C0290,20241122,647.87,38.0
4993,c4b370a9-c73d-4028-8e69-09c84c54cd80,1031,C0165,20240903,1805.38,31.0
4994,9a779059-8bc8-4041-a87f-1380b6a6bd93,1008,C0017,20241005,1420.41,16.0
4995,0611d835-0de2-4bf2-a39c-d228e9a31708,1028,C0210,20240613,1957.58,23.0
4996,b15f06e3-5a9d-415e-a65c-15a41257025c,1000,C0901,20240804,1115.85,40.0
4997,cdd58995-118b-4c97-8aa8-8b5993e9017f,1029,C0945,20240715,519.54,15.0
4998,b444b076-e513-481e-af57-6ac5b2344d0f,1012,C0542,20240802,1078.83,6.0
4999,0f798351-b00a-459c-9f2d-dd15ff6cd66d,1008,C0682,20240825,1532.27,11.0
5000,726ecc48-59ab-469b-98dd-ff0d5f35c795,1008,C0929,20241012,450.19,12.0
5001,1ee75beb-d71c-40bf-aa35-de2ed89ce697,1009,C0437,20240905,1371.46,33.0
5002,0c9e7f5a-dc4f-40de-9f4e-02ba2040ecef,1046,C0226,20240816,1418.86,17.0
5003,08803f53-8873-4f7c-83ac-addf7f3a283f,1012,C0226,20240923,1267.95,35.0
5004,0ee25e39-3083-442b-8abb-ea9d69d564b1,1010,C0133,20240623,1714.05,46.0
5005,1e74abde-9d14-4f3a-99f8-30cee03d5578,1003,C0084,20240827,335.11,25.0
5006,1d87c177-4150-402d-a769-3a95a4ab9240,1008,C0447,20240605,216.34,47.0
5007,6d52b8c6-be35-45e3-b9d8-26cfe5e9f9ce,1000,C0725,20241101,1429.94,15.0
5008,9350550e-eae7-42ed-8e39-8f797395a462,1025,C0719,20241112,744.39,41.0
5009,225204fc-9ee0-4080-9a31-3a633a815f08,1032,C0632,20241025,1626.16,34.0
5010,9b4a7e62-ccff-4e58-a62d-4e30c6770c60,1003,C0049,20240709,1914.87,15.0
5011,27d94727-08b0-4466-92b7-0b0f291f8469,1031,C0798,20240813,885.34,26.0
5012,6b344fd2-f5a8-4cde-976a-11076157ff3f,1023,C0711,20240618,1663.36,30.0
5013,3dda9802-bd29-4abb-8a10-1f943b845efd,1016,C0719,20241009,1624.64,22.0
5014,539024f0-a859-49fe-88a1-07805d744768,1021,C0105,20241126,1441.86,24.0
5015,e13e04dc-a348-4320-8870-e32618c24660,1045,C0179,20240612,1385.82,34.0
5016,69398204-32a3-4bb8-b8de-4695198a0faa,1004,C0056,20240828,1579.09,14.0
5017,114949c6-d8b8-4a8c-b631-be5dbcefe221,1032,C0426,20240607,1319.0,5.0
5018,ee78a657-f451-48d0-a267-a30ce7672702,1015,C0164,20240826,522.56,48.0
5019,7abe80e5-bec5-4940-9b04-bfe68a130118,1017,C0224,20241110,1064.66,24.0
5020,2716959c-9e12-4b8f-bc78-a43fe4bdb41e,1045,C0188,20240703,334.43,29.0
5021,b91fe025-f365-4883-b6ba-cddc4503b664,1006,C0422,20241110,1142.24,28.0
5022,6a3619c5-4f55-4c8e-9fdf-70270e9b21fe,1023,C0676,20240917,371.03,49.0
5023,8d4f3a3e-f620-4c5c-9274-2f574d093415,1018,C0884,20240613,1419.18,5.0
5024,4e32b3cb-5083-4222-b815-3cae8692d55d,1004,C0002,20240719,363.39,27.0
5025,fbd34f13-2760-4ef1-92fe-4b5c5875cdfd,1010,C0319,20240615,465.36,18.0
5026,a9f8f101-db6d-4e31-a663-70a85dc57fab,1024,C0621,20240728,211.1,36.0
5027,bb51e490-2f7c-46e9-9485-91abe7605ba7,1022,C0959,20240706,418.49,10.0
5028,5742ca8d-bf56-46a3-94df-de86c887ba6c,1028,C0068,20240728,1170.06,34.0
5029,558bffd5-ed0e-4309-8161-deec64df95b0,1002,C0077,20240928,417.04,24.0
5030,39c01e8e-dc95-4242-b00f-67ccf64ceb56,1036,C0041,20241024,1258.56,12.0
5031,cd3d5600-ffbe-46c9-8017-271ee075342f,1006,C0285,20240927,1807.4,42.0
5032,c3b2b053-7df2-447b-ad41-55512fe89ede,1049,C0255,20240918,657.08,34.0
5033,555178d7-30a9-4c47-a5fb-249fa05fa488,1031,C0517,20240708,1411.16,50.0
5034,1515c637-8f3d-4bd3-bdcd-4f5661a2a9d3,1042,C0577,20240801,1620.69,40.0
5035,de89fe97-9009-4965-91be-83d49b2a8e13,1013,C0200,20240623,1119.19,6.0
5036,97c87a68-bcc6-4329-84bd-e65de33deffa,1001,C0678,20241014,1015.07,31.0
5037,9622e350-9e95-4025-9cdb-0d5bd1669911,1029,C0067,20241116,1490.18,1.0
5038,b2cde40e-a830-4ec6-8f55-241335aae7cc,1033,C0823,20240709,1378.82,10.0
5039,c8da6b8b-1eb5-4c47-879a-62b364249732,1039,C0154,20241120,892.19,30.0
5040,e689d8a5-1236-41ae-8039-b8d6fa5b7346,1007,C0617,20240716,1909.73,24.0
5041,467c91df-e90a-4124-9a29-9327a50340de,1017,C0980,20240620,1015.07,9.0
5042,a0a478cd-8ab9-415d-85b5-803acc17c25b,1003,C0796,20241007,1256.13,38.0
5043,9ff9a9fb-6368-4cd5-bb67-42cf5b61fa18,1047,C0257,20240627,274.16,48.0
5044,dcd24495-9bca-4ee4-8bf8-a19c383879c2,1040,C0616,20240804,1648.36,6.0
5045,0411c7d7-2776-4283-9974-cfa68afc6be5,1034,C0695,20240616,1876.31,34.0
5046,2b84bfcb-ed75-4c49-9879-b6dfa2e4b5dc,1022,C0604,20240813,697.29,13.0
5047,4d365c41-bcda-40c6-9b49-0cb8f5a41a47,1025,C0017,20240711,1126.56,23.0
5048,e65527af-7d8e-48c3-b2eb-519aff5f95d6,1035,C0472,20240611,1133.51,28.0
5049,a035c6d1-a9d6-4362-9d18-596d4b94982f,1017,C0993,20240813,1237.45,47.0
5050,c689f7c9-8e85-4739-8572-9bb90a0a2c24,1008,C0382,20240814,179.32,25.0
5051,d0beb938-5bf5-433a-824a-bea52d22b52c,1002,C0849,20240618,179.38,18.0
5052,09756b81-d295-425e-a8b5-6980de210bae,1023,C0800,20241021,714.34,31.0
5053,ffe78d83-1032-4f4e-96b6-c7b09b512c69,1040,C0091,20241123,1422.53,50.0
5054,be399d0c-6892-4a9a-a3f2-bf5503ea6732,1022,C0134,20240815,346.09,33.0
5055,7b410b4c-033d-4408-8f2c-99d5b82151b8,1010,C0215,20241009,904.85,29.0
5056,2a2b8cc1-c141-4ee9-9970-7d17c2b2ad3a,1000,C0156,20240617,1570.49,8.0
5057,9b4a2e0a-c513-4844-8cb7-ce4fc644f73a,1020,C0171,20241022,1939.81,49.0
5058,d9ae0d0e-6b94-4b66-a2d4-107d92b0d1bf,1017,C0958,20241126,1074.23,28.0
5059,695dc421-a567-4ff9-af2c-614639abc740,1032,C0112,20240621,329.82,7.0
5060,bd081815-c7ab-4430-9365-997cc26dc78a,1024,C0643,20240930,1160.87,42.0
5061,a73e5ccb-a04f-4b05-961a-ababc2704c95,1009,C0605,20240731,1671.42,47.0
5062,f3376615-5e13-40bc-b48d-f2836cf85c54,1035,C0502,20240822,424.7,9.0
5063,91b43ffe-c971-4a39-acd5-3f613026a4b9,1039,C0279,20240708,463.35,18.0
5064,f4354428-68b0-4106-8fc2-4a1ddd698a3e,1010,C0782,20241023,898.13,13.0
5065,0e9cca06-156f-48b9-a72a-bcb9156de690,1028,C0957,20240908,1373.87,10.0
5066,f2aaf669-9254-4ed3-b9b3-b19a53086ab9,1024,C0725,20240911,624.92,37.0
5067,e7319784-09fa-42c3-97fb-c2fd0eb69423,1038,C0866,20241103,662.4,40.0
5068,5e3c261a-5875-4025-afcd-7c4bc36a5437,1043,C0226,20241016,1379.48,37.0
5069,b1c90a4c-e854-45af-afef-1565492dafb3,1020,C0747,20240831,686.62,26.0
5070,261f507d-6cf3-4c05-b6f7-3427a3114768,1025,C0266,20241022,363.99,13.0
5071,af72b036-4b94-45f0-bece-8eb5240c4aa9,1035,C0780,20240810,1951.39,32.0
5072,b8457903-2463-4c0e-950d-7747ded0974a,1001,C0016,20240927,917.34,28.0
5073,9924af4d-ab88-4671-a493-a5b64afd0b61,1029,C0851,20240918,1033.61,6.0
5074,cd35119f-2720-4b2e-be39-3a6edd90075f,1008,C0596,20241122,303.63,16.0
5075,161fc32c-1010-48b5-a38c-78ae05b43f6b,1019,C0703,20241029,175.58,8.0
5076,c10d9eba-28cc-4695-b959-e8c56c8d8426,1043,C0112,20240719,1219.73,20.0
5077,905a73e3-c06e-4704-b99b-507ca9694cdf,1040,C0937,20240609,446.31,50.0
5078,a9e241f2-b9d0-49c0-9628-79b8f08bbcee,1040,C0002,20240704,1374.93,29.0
5079,8a668c7d-f185-4887-ba71-0a9c6235a4c9,1033,C0133,20240923,62.74,40.0
5080,d6969685-ee4c-4eba-8b99-036dfa79084e,1035,C0673,20240605,870.49,40.0
5081,3dfa1df7-5f04-4303-a659-39ffa17ddcf1,1040,C0797,20241023,1291.29,22.0
5082,b3ee9d23-d70c-4e30-8b1c-63830a899f5a,1002,C0857,20241127,674.91,38.0
5083,ef92b1ce-46d9-4d8c-b300-8760e44bbba9,1036,C0523,20240804,1596.72,38.0
5084,aee1f8d0-b57d-4f01-919c-9938adebc508,1045,C0970,20240722,1967.08,37.0
5085,a20dbd82-ac0c-48a5-a854-38a1f427dbcf,1045,C0156,20241013,1435.06,36.0
5086,600730b6-d8c5-4083-b2ea-ed6c720bd9d8,1009,C0824,20241127,183.85,42.0
5087,586d6c29-cb5e-453d-aede-28d9567c0505,1006,C0012,20240603,953.63,50.0
5088,6a5e7c0e-537f-48b9-a106-ae97115677a9,1039,C0625,20240722,762.0,27.0
5089,04c60e0c-79c8-4f20-ba44-77e58a312a8d,1035,C0590,20240809,543.81,24.0
5090,1b8d942e-ba19-4e07-a05f-eaa36bfbc55d,1038,C0284,20240829,225.6,40.0
5091,67f8cb27-b226-4315-9f44-4f2c01bb4270,1016,C0179,20241027,1959.14,14.0
5092,4fdd0f11-f4de-4ef4-beeb-44ffbaf19794,1022,C0563,20240823,255.49,49.0
5093,e6fcb493-5a48-4395-a3b2-e0fc28005252,1000,C0793,20240711,476.29,41.0
5094,21ee9450-bf11-48cc-95a8-b2c59f2780c4,1020,C0735,20241112,697.64,21.0
5095,5e2bd60b-b5c7-4f25-a855-b7532a14918c,1013,C0285,20241026,1680.87,23.0
5096,96aa66dc-bbd2-4edf-b7ce-e57a12591051,1049,C0588,20240911,1195.6,39.0
5097,bd989669-d369-4007-a4a2-671c900553a2,1036,C0454,20241119,1012.44,50.0
5098,2cd147e5-8d92-471c-b15e-5d81d5bf2ccc,1042,C0321,20240805,897.68,20.0
5099,3c411526-d1a0-44b6-89d0-d520a9d64c95,1047,C0225,20241112,706.36,14.0
5100,91af45c7-c03a-4d85-8cb0-d079574743ab,1019,C0726,20241122,1674.81,27.0
5101,a0bf595e-8d20-4fc8-ad4e-112803be2626,1009,C0370,20240809,992.52,49.0
5102,6c51766e-03b8-4099-8952-bc0ed29cae38,1000,C0908,20241105,1608.0,11.0
5103,b7d94cf2-f0f3-40ec-b7a2-163b31f855d6,1030,C0026,20241019,675.06,36.0
5104,11e7922f-7668-44fd-9f01-9c3ef21c2425,1035,C0383,20241121,1942.11,29.0
5105,0165cb3c-6b5f-4152-b0fa-f462d47037c9,1049,C0627,20240623,1000.33,29.0
5106,65fbaa4e-e55c-4165-ab95-79ccb024b57c,1012,C0033,20240705,636.65,35.0
5107,eacc3ab1-1747-4011-836b-927ede60e244,1035,C0068,20240724,1015.07,46.0
5108,2321a13d-0f46-4588-98ef-7f9b1f3064d7,1046,C0110,20240603,227.83,47.0
5109,2c5fc395-228f-4fbc-80a1-8d7b89d48718,1008,C0368,20241101,1015.07,7.0
5110,924b77d2-6be0-4bb8-8a1d-b3e1a5ea2a22,1019,C0794,20240628,1414.31,25.0
5111,82091c7f-f451-4059-9535-009c6225a915,1031,C0411,20241018,541.62,25.0
5112,37eecd6a-c299-4797-9ebb-3b2899f340a6,1015,C0047,20240901,1422.35,36.0
5113,7f63b922-198d-484e-b621-20a684021742,1037,C0468,20240608,1044.94,22.0
5114,be57dc1c-8ca4-41f5-bb16-488731d55c8b,1038,C0967,20240707,1538.59,19.0
5115,18f9bb79-bd2e-4c86-a234-44245bea4599,1037,C0552,20240922,914.59,21.0
5116,ec05e9a0-4f25-4aba-a7c6-651b5bb8feea,1010,C0342,20240606,1015.07,14.0
5117,c40e31e2-21a7-4c54-94f2-df6eecc6c6df,1031,C0390,20241015,884.23,6.0
5118,17f3a4ba-16cc-4a51-af34-4084ef148f27,1032,C0749,20241113,559.84,48.0
5119,b12108f5-5dbf-403b-9d47-5485e9fcd2c4,1027,C0375,20240707,1717.95,46.0
5120,df9fdebd-35ad-4e90-b16b-38a925b9f5ff,1011,C0317,20240905,1528.04,47.0
5121,6a27fe7b-2850-468b-85a1-62e5e783663e,1027,C0596,20240925,1247.16,4.0
5122,c121990a-9bd6-4440-9a96-1ca2d6262fe8,1001,C0717,20241019,594.08,34.0
5123,5f4b22ca-185c-433a-becb-2c5afcc9e956,1049,C0367,20240721,246.25,8.0
5124,b30d7bca-5188-4710-b00d-1322d97b2f5b,1040,C0502,20240718,1455.11,15.0
5125,be38b9d4-fb4c-40dd-8323-14cc851ca4fb,1049,C0695,20240906,657.34,50.0
5126,04dfa5c9-53b8-4a82-ae28-817350d756f4,1030,C0586,20241124,1084.19,36.0
5127,53e3badd-9179-4142-b3ef-300f2090cfb1,1000,C0783,20240917,1826.14,34.0
5128,38df0031-cdcf-409a-9617-0c5b7b09444e,1033,C0335,20240901,1512.96,25.0
5129,33f8e0a8-cc95-4111-958a-a78589d4dc5e,1040,C0517,20240902,1155.52,24.0
5130,83e005de-f6a4-4cfc-9d2f-ed71a71623d3,1002,C0857,20240626,981.94,44.0
5131,cb96c1d0-1965-4bcf-988f-bffb7bf50ae7,1031,C0142,20240719,50.97,42.0
5132,7c4d210f-846b-45f1-805a-c82f53385a6f,1015,C0179,20240906,1443.35,8.0
5133,8daf12a7-5811-40ba-923f-97c87dfe90a1,1002,C0746,20241021,1957.53,34.0
5134,4bee0456-3bb7-439b-9636-c079518a4f1a,1026,C0026,20240717,1618.88,12.0
5135,16a0519a-bbc9-419e-ace6-f234f0060a4f,1012,C0095,20240930,1906.71,5.0
5136,8cb1df77-9e5d-4071-9768-4ffe1b3ec633,1019,C0331,20241110,1631.83,7.0
5137,47b48c5d-eab4-4e2f-a7a3-4bbc462cb70d,1024,C0597,20240905,1996.4,26.0
5138,a3ba5325-1dbc-4431-8e81-eb09fdecde73,1013,C0908,20241108,1932.01,11.0
5139,df071b8f-56df-44bf-b947-bb3b8bd06202,1036,C0893,20240809,1552.3,34.0
5140,efe51e3d-e0ff-4777-8d25-582e10e15ef2,1009,C0959,20241025,1894.79,22.0
5141,fd0e3381-7de5-4af6-8b98-1a74d1610ee7,1007,C0842,20240824,778.21,25.0
5142,3d8fb0ed-601a-4e56-a897-793ed95cc72e,1013,C0293,20241031,649.06,41.0
5143,de535afa-e0f1-47ef-9258-0eca88650b26,1049,C0509,20240612,1272.97,28.0
5144,8983575e-8da9-4107-9218-3fe4107cee73,1017,C0846,20240829,1109.46,19.0
5145,8093711f-04f7-4e72-a8ea-1a47e4546d8b,1004,C0155,20241007,401.48,37.0
5146,3eb743d5-19ae-4291-ae0e-5485a1d681ff,1006,C0393,20240801,1102.69,12.0
5147,940b40f5-c416-4a6a-841f-db51ad4c3f14,1035,C0120,20241011,159.03,41.0
5148,8cccf011-37dd-4210-9a85-42219e2b67fb,1018,C0623,20241005,557.44,25.0
5149,35b711a2-0d35-4e29-ba31-647c8299e24a,1006,C0724,20241021,1574.24,5.0
5150,76e3a14c-e85e-4d59-a377-350a3e622687,1004,C0599,20240817,339.07,31.0
5151,5508c826-3f6f-4621-87a5-b76dbbaa30ab,1006,C0651,20240826,1557.63,23.0
5152,0f1311c8-f6ac-4139-aea5-8641b7b26f3a,1041,C0936,20240820,732.07,9.0
5153,dae8c411-0acd-41fc-9027-e051114b39ab,1025,C0821,20240904,686.03,3.0
5154,2ed9de07-655e-4262-9e1c-8777a6027675,1022,C0501,20240828,862.55,21.0
5155,1a709c50-d6bb-4db1-a148-2d65d38785d8,1014,C0989,20240722,1729.87,7.0
5156,c09af74d-a035-4bdb-a1f1-0c9aecc87c7b,1006,C0383,20240604,841.11,33.0
5157,fc5ca328-560a-4e87-8398-9bd1fefa367a,1018,C0506,20240702,1579.1,14.0
5158,5da5ca4e-7777-4fd2-bb11-75ab38715693,1011,C0015,20240801,661.69,25.0
5159,a9ae28e8-8b47-4dd2-a613-8f439c347784,1030,C0833,20241023,1374.09,3.0
5160,f44deeca-0712-4e40-bc78-370b4311cbce,1003,C0745,20240711,1993.28,24.0
5161,de58653f-b438-48f0-b9b5-bef51bc99a54,1045,C0414,20240716,1137.53,46.0
5162,10dd5018-9c53-4afa-8cdb-0ccf3c17173e,1003,C0385,20241106,91.48,2.0
5163,0376ddcb-fd86-4918-8f9a-c22a1f5f64e2,1022,C0530,20240625,950.9,8.0
5164,1dcf71f5-5208-48ed-b8b3-8ac643af84bd,1033,C0883,20240826,741.83,35.0
5165,89484481-a882-4de1-8dad-c7e7d503261e,1037,C0735,20240917,946.83,28.0
5166,ca112a02-cec3-4e23-9eac-0a8eb5c37f3e,1029,C0720,20240728,50.39,28.0
5167,8ee9ec5a-9891-464c-a2d0-1a51b9b4605a,1015,C0094,20240920,727.29,5.0
5168,94246edd-bd49-49a9-9617-805b8dbaf4d8,1029,C0411,20240704,1257.84,5.0
5169,2dbd3877-2f39-48ac-bc19-1e8fc422924f,1011,C0119,20241025,1954.81,20.0
5170,4dbfa2f0-1aae-4d5b-b689-427b33de0e44,1007,C0604,20240730,654.34,11.0
5171,a9950de2-2ab1-46e5-94d9-dbda64cd9625,1031,C0039,20240901,286.16,35.0
5172,20314205-de98-430d-8ed3-07f1722681b8,1039,C0475,20240705,1125.15,45.0
5173,569373e7-2b11-4ee6-ae33-ec2ec4dad074,1045,C0370,20240628,820.01,26.0
5174,af37bea8-9b30-4889-b1be-83b0c5467389,1012,C0402,20240725,611.88,33.0
5175,3d944d06-19d1-4dde-aa0d-4f1024c57f2b,1048,C0534,20240911,278.28,35.0
5176,ed995d65-2b1c-4416-847c-788e04de8a7a,1011,C0559,20240926,851.44,25.0
5177,e142e2a2-2175-4bff-a0e4-e82696c255fa,1019,C0753,20240929,1164.65,9.0
5178,6e6832d9-33b4-49bb-863b-1b357dea831f,1022,C0976,20241110,1015.07,24.0
5179,3c14bf5d-428a-495f-b854-dc03c849b839,1027,C0810,20240910,900.76,20.0
5180,77d44449-4234-413f-b4d5-cb993ea9add7,1015,C0810,20241030,1926.59,19.0
5181,420fc09b-8082-4353-b528-05ec678041f0,1039,C0207,20240913,792.86,21.0
5182,662a57b4-bc3c-4c63-af37-d47f518ce8ff,1009,C0126,20240719,1885.69,45.0
5183,096830a9-544c-45cf-ba49-bbe5a2a5a5dc,1022,C0170,20240630,308.96,13.0
5184,8fadbee4-ae72-4a1e-be35-33aa891eaf2b,1007,C0539,20241013,876.92,2.0
5185,9574741d-e352-4b00-920d-3686bb3f2002,1008,C0287,20241022,1515.39,20.0
5186,436a9055-e465-40b0-a921-8e467ae9b533,1030,C0282,20240701,1112.8,11.0
5187,24b7cbec-29a0-4960-930f-5dcc4167f867,1027,C0898,20240725,246.26,10.0
5188,82d0ad9a-7f8a-4148-bce0-23a4b7b2ee3d,1042,C0900,20240930,1015.07,13.0
5189,f2e3a77b-af9f-43fa-b189-bcb6d1051ac8,1019,C0617,20240704,146.27,4.0
5190,f206f29c-fe59-4363-ac1f-39feefd029e1,1028,C0021,20240829,883.43,40.0
5191,8a2a4757-538d-4b94-8ad8-70b3642dc3e2,1033,C1000,20240820,1325.74,9.0
5192,4227d6d1-d5bd-4f59-aa1c-27e711cc6247,1003,C0254,20240609,164.99,39.0
5193,153aff1b-b2b3-42d2-8688-e0cd11090f59,1047,C0720,20241013,512.74,35.0
5194,0a888877-49c5-46df-954b-067c8170906b,1018,C0008,20240915,286.36,3.0
5195,f1cc7b24-b768-478f-a7bc-7fc4075e78dd,1013,C0294,20240625,157.25,19.0
5196,288f81a6-28bd-426b-82ab-feba45454457,1046,C0180,20240605,833.82,49.0
5197,8797b675-ed64-4bf4-9f16-b1f79d38e7bf,1025,C0961,20241002,1015.07,40.0
5198,5b71f48c-dae2-4e41-88fd-528994a86d9a,1013,C0249,20241108,1001.02,13.0
5199,0fcfb563-1bdf-4a72-8cff-dea83bf3de6c,1047,C0176,20240914,572.27,35.0
5200,fc54a554-b61d-4430-b0f3-c264115bd272,1022,C0325,20241017,435.28,27.0
5201,b7829bc5-41df-42e0-bfcd-f5b1aff408a2,1001,C0611,20241120,161.35,34.0
5202,f145cfcc-f939-4d60-bbf7-a27112413984,1048,C0944,20241126,696.18,24.0
5203,32c638ff-1320-4b7f-8efa-c9f5d9e0fccb,1000,C0091,20240908,1851.16,42.0
5204,66bb2c3a-b067-4a73-b7de-1001fef0137a,1017,C0948,20240814,1831.76,25.0
5205,9e6fdba4-dfd9-46ba-b166-efbcec4b7047,1043,C0601,20240613,651.46,43.0
5206,17c7bf95-b10c-4e30-b8c4-8850df033102,1033,C0695,20241019,1364.03,50.0
5207,e7666542-be4b-402d-846a-383eeb32b889,1034,C0456,20241025,1015.07,44.0
5208,be3de547-1c0a-4ec1-9259-42d17dc66163,1026,C0318,20240727,213.68,12.0
5209,e31646d8-9c93-45dc-ade8-1780ebcc1e1c,1033,C0068,20241005,878.54,40.0
5210,153c8962-e733-47ef-9bc6-f52812c12635,1041,C0833,20240611,885.93,3.0
5211,8309bab0-b24c-46ec-b9a9-eefcca7a27a8,1025,C0781,20240708,270.15,12.0
5212,6325e15c-3e0a-43e2-ae2d-f88839258352,1000,C0968,20241011,1776.38,37.0
5213,7159de92-3f16-4d8b-99a1-9477c9cf55ed,1016,C0712,20240905,349.55,17.0
5214,6ec13a63-b610-4549-8a98-c9a2af5f69cd,1011,C0550,20241028,396.47,40.0
5215,d226fbc8-6174-47c1-ba4c-b7cc192bbc6a,1045,C0101,20240928,1483.87,29.0
5216,92bc34a8-6be0-4359-a9d9-5e51cba223bd,1049,C0515,20240807,912.07,12.0
5217,7a7a2c44-9a43-4ecb-805f-5ed13bce58b0,1018,C0555,20240825,1025.04,47.0
5218,f89a5e45-ee65-405c-b095-ae4749f10534,1044,C0058,20240615,274.38,14.0
5219,02c8e435-d2fe-4cd0-9147-3184f12369d2,1025,C0989,20240712,513.43,6.0
5220,85d6c14f-8567-499d-8d3b-6d6bbec083ca,1000,C0021,20240905,1015.07,38.0
5221,e8c92a91-040c-4e5c-84fa-0e69d7457a0b,1009,C0960,20241102,962.4,2.0
5222,3edea2f7-0558-476d-b5eb-9e186ea34d5f,1014,C0887,20240609,1897.14,17.0
5223,732fac83-033c-4a24-a914-e7819db9b10a,1039,C0030,20240717,773.54,33.0
5224,183a7344-9ed2-45de-9e18-ddbba312c5fd,1026,C0902,20240919,987.78,43.0
5225,7b816371-2912-4a46-84ba-51c17888d47a,1044,C0504,20241028,778.82,4.0
5226,ff27a166-175c-46b2-b0c4-c08ff403018d,1012,C0991,20241011,1015.07,4.0
5227,4ef8f157-cc4b-42b1-ace6-0b4a609093b7,1026,C0181,20240603,440.32,2.0
5228,86b090bb-ea74-475a-a8c2-143b654657bf,1020,C0173,20240820,1158.0,9.0
5229,5fd11722-761f-4745-a68d-22c86544e7dd,1006,C0493,20241108,604.97,25.0
5230,374884c0-99ea-4099-827f-31071f88fff9,1009,C0390,20241007,824.4,25.0
5231,32b0d474-64e0-47c8-a4b9-983aa4ee62cb,1020,C0895,20240824,1364.34,1.0
5232,b0ccc035-7083-4036-a963-93689c6a6049,1049,C0534,20240830,989.95,23.0
5233,0b815685-a796-4c15-afc6-636f7cf8286b,1025,C0795,20241015,1015.07,9.0
5234,704c9a1d-b3ce-460d-9ba8-a3922a393541,1005,C0176,20241015,1575.06,6.0
5235,b3410993-9357-46ad-a690-f248139c6115,1023,C0938,20240626,1725.9,29.0
5236,34567cbf-78f7-47f5-819c-a34e86f023af,1049,C0591,20240814,82.37,32.0
5237,5ed2fd58-561e-4076-9c49-69089ae94862,1035,C0593,20240924,1169.86,16.0
5238,1ef2e3f4-3964-42ad-a7f5-c6fe25b77869,1031,C0337,20240928,1015.07,50.0
5239,f7a65b25-ed9e-4d85-9b06-d7300da5c10b,1001,C0479,20241008,458.44,13.0
5240,cc53a9d2-4dbf-4561-be18-66bcbff899e6,1028,C0112,20241001,604.57,22.0
5241,7bcea613-4504-43c7-af82-d778832a30b7,1016,C0847,20240715,63242.95,36.0
5242,97aba2ae-470f-4c51-8e4c-8f9e19b51903,1032,C0664,20241121,1015.07,6.0
5243,7f61b318-2302-49d6-b32a-961670180576,1030,C0612,20240720,1307.63,9.0
5244,73b87b7f-77b3-4d68-98f4-ea86c0c6e29c,1006,C0551,20241017,151.68,45.0
5245,57229c50-8bb3-4055-859d-4eada1d54d53,1044,C0590,20241107,1557.55,41.0
5246,bad0982e-a724-4a2c-a69b-09bb902b6084,1047,C0972,20240807,1305.7,39.0
5247,857f6f22-a479-4f66-86ed-f780fa821567,1049,C0499,20240717,1699.19,14.0
5248,a605a255-dd20-402f-b2b5-4fb262b97300,1040,C0903,20240822,369.64,21.0
5249,88b44eb9-8072-49d2-86e8-e8cf3cecbf1a,1031,C0656,20241012,736.68,24.0
5250,33409123-eca8-42e3-823b-8574551dfe3f,1014,C0026,20240616,328.62,49.0
5251,388439c1-470d-4b96-ac2c-36c6b70281cd,1002,C0982,20240716,1385.98,36.0
5252,a4378f1a-0044-4b7d-b171-4edcc5c10b5f,1041,C0845,20240906,1427.68,25.0
5253,fb9aef4f-9a30-404e-babb-248d11f21d3f,1020,C0359,20240726,995.54,37.0
5254,d3e37738-0ac9-470a-aa29-941b5654f6cc,1042,C0293,20240602,446.13,14.0
5255,641bab62-d216-464e-83e8-68a552bf9ffa,1040,C0483,20240808,1164.87,38.0
5256,c22ce58b-912e-4e44-bb97-612ce21514b1,1024,C0292,20241025,1422.36,48.0
5257,2b6ab443-e318-4336-a1bf-e7982b153829,1025,C0983,20241101,945.26,26.0
5258,82088c0b-61fc-4467-aad9-7893678ab80d,1043,C0377,20240724,981.96,1.0
5259,7294f2c7-3a2f-49dd-bc49-7b1d27570939,1046,C0269,20240912,52.82,13.0
5260,e07ad5bb-5d47-48fd-a3f8-2f739525677d,1021,C0744,20240812,858.82,22.0
5261,5a6e6c34-32b5-4082-b373-1e344b146e1d,1042,C0374,20241019,1845.6,1.0
5262,49360b61-aea9-4744-bf19-7613a23beff6,1047,C0032,20241029,1919.73,50.0
5263,e5793b1f-0f76-4c71-9b17-f6563be858c9,1013,C0153,20240708,1566.07,47.0
5264,0f155621-3d6e-4f33-b964-8e8ac42029b5,1018,C0126,20240809,818.36,46.0
5265,be2a8b80-8447-4a51-910f-d686977fc9f1,1037,C0891,20240613,875.72,44.0
5266,a5596354-383c-4cfb-b1e4-83688f8f8e2a,1041,C0964,20240915,1437.05,18.0
5267,d56fa780-7e80-45fa-878f-dd6f48781f6f,1032,C0690,20240806,1502.15,9.0
5268,3de489c3-33f5-47ce-81ab-4884af0f5496,1011,C0136,20241029,813.06,19.0
5269,0b48f0b3-9948-403a-b7ff-4fc921e9e127,1047,C0993,20240630,1534.11,25.0
5270,a8623973-ae75-4594-91e6-c71033fa8540,1037,C0191,20240924,186.33,17.0
5271,d15b2e3d-a959-41af-940e-c568262f19d2,1040,C0861,20240606,1228.39,2.0
5272,f69dfecc-a53c-471e-a890-b5c122d27257,1008,C0695,20240911,1137.86,28.0
5273,e78bd819-2d1b-4371-9b29-ed7c0c5e1699,1006,C0202,20240608,461.67,26.0
5274,62517741-3bf5-484d-85c8-1b114cc72013,1033,C0199,20240725,1015.07,12.0
5275,d6764f46-f92f-4136-bf27-3aa62d9b7dee,1021,C0039,20240917,92.65,33.0
5276,e5e64f6c-e666-487a-a274-5dcf19815845,1048,C0396,20240605,157.94,46.0
5277,f4cc4799-cf96-486f-9328-3f81c8d2b497,1030,C0308,20240725,1964.55,45.0
5278,a4695896-17a4-4422-b6dd-4bbb0762024c,1024,C0706,20240702,752.51,15.0
5279,7e00b16f-5460-439d-af77-9e30e93e68d9,1029,C0578,20241024,1819.96,37.0
5280,6d160ceb-e43e-47ca-9bac-7939fd083d56,1022,C0259,20240613,1543.42,44.0
5281,73ccb2c2-0c42-49f7-a007-fcec9900577f,1002,C0845,20241114,680.17,30.0
5282,82563a92-ff33-4da2-a462-ba65bf3fc355,1048,C0599,20241120,1186.97,11.0
5283,593f119a-73f2-4948-987a-c7bcf11b9ecb,1049,C0234,20241025,246.5,10.0
5284,1659c9e4-c45c-457d-a0a3-0576ba12c798,1011,C0293,20241106,306.06,24.0
5285,0e9728eb-1e33-4530-9f03-ee1d7ec65909,1032,C0511,20240916,1015.07,6.0
5286,c8a991f5-1af7-4831-94ef-5f5a637b0761,1019,C0112,20241016,1015.07,9.0
5287,32dfbd1e-13b9-4c6f-9b88-5e0371a6b51d,1001,C0639,20240803,329.74,25.0
5288,b1dd8c02-1799-4730-938a-4deed4ad092a,1017,C0807,20241004,779.18,42.0
5289,563c862f-7835-4ea4-a171-37dcf71af9dc,1025,C0219,20241031,1975.33,39.0
5290,90f31154-d640-46aa-b225-bf0b73c78edc,1025,C0151,20241112,518.69,5.0
5291,6a19f743-2940-4ac7-8a31-b6c4d4e748ce,1010,C0436,20240727,970.64,7.0
5292,c0289593-6577-46f3-bb20-2ec38637de73,1025,C0968,20240809,1712.96,42.0
5293,34b8863b-619a-4b14-b07a-0a5eeed024b7,1019,C0810,20241123,1015.07,7.0
5294,383262f3-d56a-47da-a8bd-8bf1af8c4ca4,1000,C0524,20241123,1860.17,15.0
5295,e528b384-8a25-442f-9a14-dfbc1329a4b5,1046,C0745,20240816,1697.22,41.0
5296,5d2f31cc-216d-4d75-b473-045a61d73df7,1000,C0814,20240919,915.26,41.0
5297,cfa02769-a826-462e-b38b-04a2a4a268db,1040,C0427,20240923,158.54,26.0
5298,5e4f24eb-98da-4091-a9b5-9fc3db9ada7a,1028,C0496,20241110,1061.67,28.0
5299,fd1d4a01-9a51-4ee7-9a39-a035796f8a78,1036,C0456,20240930,556.56,2.0
5300,a681f4c2-c47d-4ac0-9078-103749f300d8,1049,C0482,20240912,1904.81,22.0
5301,a673adb6-7eaa-492f-a4b4-62871d14ce80,1001,C0456,20241017,1301.23,15.0
5302,9bd45998-6b78-4c33-b917-ef485cded3b7,1047,C0495,20240802,422.55,21.0
5303,518c7695-5628-4c2b-b2c4-6323e6fc1c40,1012,C0986,20240804,1075.77,8.0
5304,d0635289-5afe-4c9a-87ec-99b016189cb4,1041,C0495,20240620,922.74,22.0
5305,67950dc2-dda2-4652-9116-71d9e683e3c7,1045,C0439,20240919,54.37,4.0
5306,8552f54c-0ec5-4916-a813-44a437bc3fb1,1009,C0088,20240709,1015.07,38.0
5307,dca15a87-9c68-4812-ba46-1a6c8a67b068,1030,C0882,20241117,798.89,1.0
5308,e9cac2e1-bc8c-40c5-a00d-409fea6c91a2,1015,C0482,20240707,1928.14,20.0
5309,d3d38a44-ac84-49ea-a163-eb53afd6af59,1001,C0584,20240809,575.54,36.0
5310,abb4a821-627d-4ae7-b28f-3ff23636969f,1004,C0198,20240720,1579.17,31.0
5311,cfdbeb47-2a5f-4078-b75b-81a1c8d0f3fe,1039,C0711,20240608,1015.07,40.0
5312,c84cbe8c-8329-4c92-89ce-399afb69c576,1024,C0891,20240610,282.99,1.0
5313,e55ea63c-53ea-476c-8f80-b52dd32c4b59,1016,C0430,20241028,952.63,18.0
5314,2ba08303-31db-45bc-926a-07ad447c2a9f,1033,C0690,20241023,1048.64,8.0
5315,0e327b2c-4137-4d45-ae12-75948719a940,1008,C0300,20240630,1015.07,44.0
5316,e10548ef-c839-4489-8c1d-a29325fd9973,1030,C0860,20240910,782.47,49.0
5317,92c9f8b7-a6f1-4044-8ab9-b73473a12a60,1014,C0266,20241029,428.08,14.0
5318,46110a26-1441-4c68-a0f8-5e2f1fb0deb8,1023,C0671,20240901,538.59,29.0
5319,15d28cec-6c72-493b-a641-1f4badc2b60a,1034,C0237,20240928,1422.87,21.0
5320,c36cf449-7277-441f-ba31-4ed78809e52d,1017,C0376,20240602,1837.76,32.0
5321,7cd09ef4-255a-4e52-9faf-0c23cb2ca417,1014,C0246,20240728,848.63,25.0
5322,c31a97d4-8851-4bdd-82c0-11f93e429287,1000,C0604,20240605,1069.65,28.0
5323,54f7cb5e-25b0-49d7-a744-b3113c3a6d64,1034,C0184,20241123,1446.67,44.0
5324,17788fa1-7152-4e65-99ff-d6d1a6c69f1b,1048,C0784,20240605,138.5,41.0
5325,817511d0-0136-4b7b-8829-d0082a8f9ac9,1006,C0704,20240913,1080.38,48.0
5326,75f316c9-575a-4ab8-a081-1fb09c125bd7,1032,C0447,20240617,31585.65,4.0
5327,f98a0ce3-85c1-4018-bd3f-3f22b71eed91,1033,C0954,20240621,672.46,17.0
5328,5cd098bf-d549-4a7d-995d-3f3b8bf671f4,1041,C0269,20240714,192.55,48.0
5329,f0513cf6-f783-4823-a6c4-fd71a7dee80a,1045,C0944,20240731,903.02,34.0
5330,2c6652ff-673e-4e8f-ab90-1cb104a63df9,1022,C0414,20240707,724.25,13.0
5331,eed8ac91-d944-453c-a3f8-66521bb2f286,1010,C0923,20241119,317.24,23.0
5332,efaf9822-c465-4d4a-9c08-061e4f2f4e2c,1037,C0655,20240714,620.59,30.0
5333,930b005a-f01e-4ea2-8594-39d712633c05,1013,C0808,20240919,1971.08,10.0
5334,8dab1862-8e35-480f-b721-e9693644420e,1024,C0810,20240719,1015.07,22.0
5335,4bc87953-ba4f-4333-b6f1-9080511dfb89,1014,C0833,20240726,894.24,4.0
5336,a541d605-8c5a-496e-bab1-4139411c57fc,1004,C0833,20240803,203.24,28.0
5337,bac904c3-5aad-4d09-aa2c-1c7eb2436691,1042,C0991,20240731,674.55,15.0
5338,025a57f6-e899-4bc1-ac4d-6142dd5a50e2,1021,C0846,20240706,1619.0,22.0
5339,a6a041da-3811-44f3-8f30-8ccce73325ca,1007,C0654,20240823,228.73,20.0
5340,02b9aadd-bf9a-4774-9c23-f2fd693b443f,1002,C0380,20241004,965.08,45.0
5341,a9b8f952-8d6c-42c0-9340-1450162355dd,1024,C0236,20240925,1250.01,17.0
5342,4a3ff4af-567c-4a1f-9d1b-716e0efa39e4,1038,C0990,20240704,1264.21,49.0
5343,04e39de4-176a-4725-a127-cf4120abbf0c,1011,C0391,20240604,1009.4,12.0
5344,db9248a8-c1dc-4ec9-b6ae-12ffb95890b0,1013,C0312,20241008,250.85,28.0
5345,d0e7dc69-a766-448d-95f9-b6e6cdcc6a5c,1040,C0436,20241020,947.39,40.0
5346,f0548e45-3890-4fca-8c16-28962bda904a,1046,C0808,20240731,225.41,37.0
5347,6d8b8dc6-b053-4ed2-93f1-35bd1d40a490,1004,C0286,20240802,1315.64,25.0
5348,aee5350a-d1be-4e86-ab7e-879aafaa1c5b,1048,C0309,20240731,1960.98,5.0
5349,741d77df-9d12-4ab7-9466-bd41d19ad053,1026,C0968,20240705,1565.2,41.0
5350,85f93a3c-9264-4aef-9d19-c7e33d89347c,1002,C0449,20241026,1058.47,25.0
5351,a845b424-2991-40f0-af56-a47675bc622d,1042,C0598,20240619,628.03,20.0
5352,615f41ed-7d7b-445b-b6ff-fb72be68e8e2,1007,C0374,20240722,1431.04,42.0
5353,e9d073df-11e7-487f-a741-00a1121c7258,1025,C0376,20240606,151.82,14.0
5354,d6e7156d-dabb-424e-9dc9-e3696a98b73d,1044,C0576,20240601,1596.26,29.0
5355,4decb003-9234-48bd-97b6-f448911d0ae2,1035,C0611,20241126,1698.3,35.0
5356,6c546dde-639a-4589-999f-024688f657aa,1031,C0083,20240614,963.45,11.0
5357,a9333803-0f6e-49a2-9bc0-4cedcbeccb73,1043,C0316,20241011,1579.35,2.0
5358,2578a447-d85b-4bfb-b767-a34b82437935,1035,C0675,20241029,166.61,4.0
5359,a668fecf-2ae1-4b3b-b320-1d7782175124,1037,C0278,20241116,75195.85,25.0
5360,f72da15a-e2f3-40c9-b27c-4bc27f43f670,1015,C0828,20240613,1005.74,15.0
5361,eb6d8614-6c2c-4b0c-b68c-9b699e595226,1040,C0549,20240721,723.36,6.0
5362,34039a75-f8dd-4e22-b2ef-2d31fc4429fd,1028,C0920,20241019,848.02,6.0
5363,fc5a966e-6717-4750-b527-d5f1bfa51cdb,1040,C0412,20240629,308.82,9.0
5364,e5744c9a-48bd-4ae4-8728-bfaab92ba854,1047,C0876,20240615,1948.85,18.0
5365,5008d5e5-c5c6-43ac-91e6-f3aa6a18bdae,1009,C0646,20240819,1015.07,14.0
5366,dd513e14-9876-47fb-8ef7-d6a7ee8b204c,1033,C0048,20240929,305.8,20.0
5367,37346e4a-ddc9-414e-949b-72e8148136f3,1033,C0507,20240918,1441.2,27.0
5368,636b3539-28c1-4e42-886f-6b8d85b2c913,1039,C0542,20240720,1336.44,9.0
5369,7ec810e4-2ae1-4645-9863-6ae794fc1f50,1022,C0534,20241120,78.83,26.0
5370,3ddc34ae-cacd-4cb8-b066-e7e08f6074de,1016,C0435,20240926,1393.86,29.0
5371,b0c20c15-fa11-408f-94c9-bb7fa4acce3a,1002,C0333,20241031,1272.95,39.0
5372,b5d2a699-bca2-4b02-9dc5-8ee916b7f06e,1019,C0326,20240924,1383.37,14.0
5373,56c62dd4-9bcc-4bb0-a971-b97f004ee22d,1048,C0372,20240811,573.53,47.0
5374,b852ec44-c4db-408b-a9d0-972ef39378cf,1031,C0827,20240608,899.36,49.0
5375,e6ccee74-63bb-4586-8e4a-72547b61522a,1047,C0611,20240830,1646.97,39.0
5376,6252d99f-2552-4918-98e5-7435bd57a7dc,1036,C0642,20240730,1252.62,39.0
5377,b2880cc5-4fff-42b5-9906-bcac9504ea38,1033,C0359,20240601,860.6,10.0
5378,3ebf408a-d51d-4227-a49a-d1ff092d5dfb,1043,C0171,20240727,998.1,20.0
5379,d11d4cf1-be2d-40bd-aa3a-fbbb50490ab9,1043,C0690,20241123,1127.42,9.0
5380,3c231dc7-2932-4e0a-89ae-a62c7467f787,1006,C0462,20240606,1589.8,35.0
5381,34b2d709-bd11-4afa-a113-eaf41c5be60f,1048,C0755,20240610,786.62,47.0
5382,6583b1f3-51ba-463d-afb1-48285d9373f0,1030,C0026,20240706,1578.61,2.0
5383,a0c123d8-7900-4988-b918-547049261120,1010,C0983,20240720,577.37,5.0
5384,58c0ce36-2c38-418d-9a98-98ed051bfba7,1033,C0420,20240608,941.86,22.0
5385,727485ad-794d-4433-b29c-4e696b49fecb,1012,C0509,20240625,1729.94,11.0
5386,16e0b5d9-5e9b-474d-8f09-40f9c54f195f,1011,C0189,20240708,1038.98,10.0
5387,394bad51-f930-4fc6-bcf7-4e4c13e1af27,1007,C0331,20240811,1635.51,23.0
5388,434e23de-b8cd-4e97-8a4d-ef3c2eefdd8f,1032,C0356,20240808,576.79,9.0
5389,49833193-88f9-47cc-80b5-d7cf049bccbc,1045,C0674,20240922,653.27,29.0
5390,e279ec31-03d3-43a2-8a89-05b1ef6c2dd5,1021,C0047,20241026,1841.97,13.0
5391,8439eb09-a453-407d-a7ad-d21c2a6ae2cd,1024,C0546,20241020,843.3,4.0
5392,a2d1392a-e903-41b4-9939-6a43a4904885,1013,C0595,20240926,1628.74,30.0
5393,9f099441-a234-4ee7-98d1-32f4f4c3c128,1000,C0860,20240812,1984.86,26.0
5394,c4f8af3b-ce97-4eb9-ae87-46300d2b7fb7,1007,C0733,20240925,1254.62,19.0
5395,5d74811e-c3bf-40a0-ab09-cd9d86525f7d,1016,C0228,20240610,291.15,24.0
5396,5fa4a9af-75cd-4cab-8a17-52f536fd27eb,1000,C0267,20240928,365.81,34.0
5397,892d7160-835b-4b9c-aac6-07a9e5648ee0,1038,C0302,20241017,984.26,6.0
5398,e56786f2-8cc4-42af-9c1d-8cd53dcabdfd,1011,C0876,20240627,1694.74,15.0
5399,eace38ca-8e0a-468b-ab38-d8459e1929c0,1033,C0277,20240801,230.36,4.0
5400,387c9ea3-1503-4e14-8a9d-3453f0039195,1003,C0796,20240924,258.58,37.0
5401,f8af318a-869d-4f27-9fa1-0c4a750aed73,1040,C0194,20241117,694.43,2.0
5402,59e71daf-c4d3-46a9-9fcd-7215fdbeccf0,1031,C0104,20240807,1413.48,17.0
5403,447f6e88-87f3-4c9b-9327-bf52ed0cff0d,1010,C0900,20240716,669.33,30.0
5404,aee46c58-049e-4769-8a0d-ff7fc67911d9,1001,C0400,20240913,1899.66,42.0
5405,76b5856d-e498-44df-97d3-cf3397ba6c18,1005,C0674,20240801,688.47,42.0
5406,6abb56f6-02fb-485f-bfe3-43e6dc30d460,1042,C0661,20240718,852.31,30.0
5407,359013b8-d61c-487c-b1fd-9263eebb79e4,1042,C0341,20240726,1090.83,33.0
5408,b7dc43a7-8b3c-4f78-9cb8-590c6bce3410,1016,C0861,20240611,858.1,32.0
5409,db1a45f5-7f0a-46ec-98a4-538480705300,1005,C0081,20240621,1472.06,23.0
5410,ef7826af-f881-466b-bbbf-ac35f5cc3243,1029,C0555,20240705,1541.0,2.0
5411,96874557-e64b-4974-b348-29972ee51b04,1042,C0642,20240726,64.13,14.0
5412,73da1c5e-1dca-4e8a-9358-84219d58c41e,1046,C0058,20240619,1978.63,46.0
5413,0de0f3c7-b36f-411c-ad00-cfd755007e13,1034,C0263,20240625,1015.07,48.0
5414,1b51e607-0caa-4228-b88e-7e560ca5c966,1007,C0107,20240819,1671.56,24.0
5415,1d90dadf-f0d7-4bd4-beb9-7c68a00a2d57,1036,C0746,20240718,273.3,12.0
5416,1be7e535-6bce-4234-9366-86c57b6288a8,1013,C0256,20240716,1015.07,39.0
5417,34f8c732-41e9-487c-a6e2-d61a807dfe36,1001,C0720,20241001,1015.07,12.0
5418,a1fc394a-54e2-4928-a92b-adba3ca09501,1019,C0520,20240626,982.62,38.0
5419,f505da24-5caf-413e-ba52-451e72b0c1af,1025,C0734,20241016,1659.9,15.0
5420,bf6f5652-ec6e-44d8-9fbf-2407fa4e6fcb,1022,C0241,20241016,221.0,37.0
5421,60c2ecf5-7189-4b20-a02c-2d608a3e54cd,1012,C0948,20241006,1015.07,16.0
5422,8b369692-01f6-441b-ae62-1876ebb503bf,1038,C0037,20241128,1015.07,37.0
5423,3581f459-83b5-4149-85df-4c752eb309f0,1010,C0453,20240616,1153.46,30.0
5424,8ff69f25-e99a-463c-82f2-9a90faadfc92,1007,C0873,20240917,1861.53,50.0
5425,d149f22b-a4ef-45a8-85f2-737308d20a70,1015,C0623,20240923,1402.39,38.0
5426,6c7c253c-9729-4be9-9a76-486d9c304a07,1047,C0528,20240824,769.4,2.0
5427,e437fbad-313c-472a-a257-5722901e6242,1045,C0818,20240801,1559.31,15.0
5428,f461a39c-c97b-4e47-a891-b747471d4c71,1032,C0236,20240802,70.15,22.0
5429,217aee38-e1cb-4fa2-adf8-168f9d1e0e84,1049,C0711,20241118,709.17,45.0
5430,16690fbc-d4d1-4ffb-9f12-f5dfac58708d,1019,C0800,20240630,1577.61,28.0
5431,66aad30a-869f-4a5a-8de3-803b6c0d8067,1000,C0605,20240612,284.44,50.0
5432,21691e0b-59ba-4fe3-87d7-49e5c4b3fb8a,1030,C0134,20240619,975.5,44.0
5433,3400a6b3-b9c9-4fe5-ad5b-265f5b2331a1,1000,C0170,20240826,304.52,43.0
5434,80c0a602-1995-4fc4-ac5d-ca7858e6c39b,1043,C0281,20240701,1211.12,19.0
5435,eec82113-6963-4e83-89b3-0247073fa7e9,1045,C0570,20240810,353.69,34.0
5436,3d3565c5-adf0-44d4-a02e-c456e782bbbc,1046,C0971,20240820,85.8,46.0
5437,ca0a0156-a164-4487-a8f8-a2cb1d34603c,1030,C0517,20241120,868.56,38.0
5438,3e97bb37-59dd-45d8-8b61-77d1a297c6eb,1000,C0982,20240904,1213.67,34.0
5439,5007f3af-f0b9-4217-82d6-053cdf447c44,1009,C0290,20240829,1300.35,43.0
5440,ead4cf08-a49b-4877-a5e9-414e71195016,1003,C0063,20240703,1251.62,41.0
5441,3a1b2880-40d7-495d-9a33-cd182b11e868,1002,C0747,20240909,719.53,26.0
5442,23acfc14-a76d-44c4-8b32-3ba3e6fe0348,1002,C0704,20241121,1674.62,31.0
5443,f1ad29f4-9f90-4258-aeea-7a185168ae18,1033,C0758,20240618,685.56,38.0
5444,809e909e-f698-43df-840e-512b133efd71,1005,C0341,20240917,1566.27,21.0
5445,a9c907be-61d7-4fe1-84cf-3183a158c770,1038,C0256,20241101,1685.2,50.0
5446,77e8e8cf-ceed-47b5-a82a-07acd860adf2,1039,C0353,20240916,1596.81,16.0
5447,4ab67885-caf9-44fa-a7a1-3a7c88b1df1b,1004,C0253,20240605,466.57,29.0
5448,1a35dd24-5d21-4bc3-97b4-a79a6ff23d87,1034,C0864,20240908,1418.46,16.0
5449,aedb4084-5db2-4638-a51a-478b4b1380a0,1030,C0568,20240713,1888.31,48.0
5450,b95d6a1c-f978-432b-9c29-7820464d4575,1020,C0611,20240720,295.99,12.0
5451,db49ba7a-6c3f-41ed-ac43-91967ea36ae5,1026,C0946,20240921,636.26,25.0
5452,cc506579-e80a-4ec2-9df7-c96c44f30340,1011,C0750,20240916,366.58,17.0
5453,c026d4fe-2e5c-4fd1-ab2d-04c04ccf2a2a,1001,C0598,20241120,1765.62,46.0
5454,168d55fd-2819-49d8-b148-e8c230d25732,1033,C0186,20240804,322.29,29.0
5455,fa599082-aab0-4e24-be3d-23a1064545de,1021,C0056,20241104,811.63,20.0
5456,a80d677d-7a6b-4f9b-9743-38f6301cccd8,1016,C0484,20241027,1851.45,7.0
5457,08e5b048-4232-4fec-a2ef-c9ed33a56748,1032,C0768,20240720,1015.07,17.0
5458,963a4c67-ead1-46aa-9ca7-d6d6411c7f6a,1008,C0574,20241002,325.04,21.0
5459,f9f92f60-0cd3-4150-b662-0bdc0a5ed171,1022,C0427,20240621,1322.95,19.0
5460,2cd3ff80-8c6d-4ecd-8aa0-7ed4333c0ef8,1015,C0965,20241002,872.27,11.0
5461,ce2976d3-e6e8-48c1-9fbb-3dbd14bc7254,1026,C0321,20240622,248.16,41.0
5462,2c18e81b-cb3f-414a-b381-858a6a785709,1044,C0525,20240808,1639.19,1.0
5463,de2c9954-d00f-4205-a4d5-2e50d2f2bad5,1044,C0676,20241015,1659.98,47.0
5464,3ebc4a1a-daab-40ff-ba09-b50a02dc27e5,1040,C0041,20240621,1534.97,26.0
5465,0112af18-ab34-428c-851e-8d5547e1f69f,1040,C0321,20240711,237.02,24.0
5466,ecec246e-2846-4c0d-a287-69fa7ae04bb4,1028,C0732,20240808,1507.56,34.0
5467,97c574d3-9d03-4a29-bc7d-6be3c97aae36,1027,C0068,20240601,1141.55,13.0
5468,9aa89eab-f7ee-4e82-8f5e-8c545c0547f0,1035,C0918,20241116,1015.07,13.0
5469,a59beabc-8010-4290-88da-ef850791fb35,1003,C0718,20240830,357.11,39.0
5470,18722990-18e5-4ffa-b5ef-299070e09cf4,1008,C0852,20241004,1420.92,7.0
5471,dc422e0a-51e2-40fb-bf04-fd0eea8e8c97,1013,C0864,20240729,173.27,24.0
5472,e315c0b8-1fec-4ede-868a-f4c0d9350d08,1011,C0375,20240811,1180.56,6.0
5473,0c0d31c9-293f-4388-a817-d777fdf1ce64,1032,C0861,20240704,1015.07,3.0
5474,10af8c3f-a68a-46ff-adf7-13c79292fc4e,1008,C0742,20240913,708.02,22.0
5475,fd42bd4d-b31c-4877-ba0a-024149f0df68,1005,C0399,20240725,1850.64,11.0
5476,bb5ad4a9-c5f7-40d1-99d1-29e96891180a,1049,C0637,20241010,1293.82,1.0
5477,5a7f9edf-a917-432c-bafd-46b72bdaccfa,1009,C0368,20240804,1393.27,50.0
5478,607008fb-e9a3-49a4-9d83-f4861a5c7b18,1003,C0717,20240814,923.13,34.0
5479,f1084dcb-5338-4229-8242-686b814dbb94,1029,C0312,20240822,230.93,23.0
5480,e5022bcc-9edd-4338-bbb0-4210f9e98aaf,1015,C0805,20240817,234.01,9.0
5481,f9b2c9c8-9bf2-46eb-a549-a05a9a967508,1007,C0184,20240717,1857.32,36.0
5482,5a420e30-8a1f-4c64-af91-394017115d4a,1025,C0336,20240717,1252.68,10.0
5483,b7652258-8c19-4425-846e-02c552e70676,1016,C0863,20240726,72.43,12.0
5484,50f8a17f-2a1d-4f22-9774-0da673fabeff,1011,C0070,20240925,1100.66,21.0
5485,8bfb2155-8239-46fb-8c72-e52406fbeebd,1016,C0937,20240628,100.4,20.0
5486,34793430-b135-4a11-bdfc-2b0fc2b2e67e,1024,C0429,20240808,1130.2,50.0
5487,9ff69ee3-937c-4caa-8e4a-e1aba45a3012,1031,C0058,20240624,419.29,40.0
5488,452d42e3-27fd-42fb-8e6c-a7c684eaeff7,1031,C0434,20240922,747.03,8.0
5489,f37679bb-0fc7-46a5-ae2c-a21497637d11,1036,C0237,20241005,672.29,50.0
5490,572b460f-64c8-4a4c-9a99-92701ad3c9ad,1035,C0625,20240807,822.06,37.0
5491,81c5e94a-5c16-4ca7-9097-de1d63027231,1033,C0646,20240704,613.22,38.0
5492,05bed33a-23d0-4df6-bbc0-fb172f433438,1013,C0795,20240708,1951.46,3.0
5493,cd340ae6-0dd0-45cd-aae4-5040641de360,1037,C0122,20241001,21923.45,25.0
5494,2852be90-df28-42e7-bb59-433baa4fde47,1020,C0508,20240612,1626.3,28.0
5495,f257e478-060e-48e1-b21d-12da97448211,1025,C0925,20241108,1929.3,14.0
5496,58121277-d22d-4adc-b6aa-235a8c529927,1046,C0157,20240927,1015.07,18.0
5497,3ea2e4a9-4b3d-43ec-a0ce-5826cc795b6a,1024,C0125,20240728,225.18,46.0
5498,5c4abff6-82bc-4db9-b96c-0dba4b266a49,1043,C0152,20241018,1516.1,35.0
5499,f00035f8-13d5-4e2d-8fba-cf07891180af,1020,C0693,20241127,1507.52,40.0
5500,2c0c62a3-3460-43e8-8cb6-4107e9a5d428,1007,C0175,20240605,302.55,34.0
5501,8abd789e-6e5b-4b07-95a4-30ba4beef71f,1007,C0333,20240824,604.15,42.0
5502,f6d887bc-3a50-4b39-ae49-18388abdb65f,1007,C0027,20240611,675.86,13.0
5503,67c0b35f-292b-4864-882d-8ee613cad1b4,1047,C0100,20241116,815.62,29.0
5504,630db4ab-1faa-4e5b-871b-57ffd032ed33,1011,C0382,20240604,1948.71,9.0
5505,410f8f61-251d-4382-8ce9-00c14421db53,1033,C0037,20240810,1913.87,25.0
5506,325ee219-916d-4248-88c7-09deeb8f9d3c,1000,C0520,20240620,154.99,31.0
5507,b034b3b5-05df-422f-b087-e91ec34048eb,1002,C0452,20240805,472.52,8.0
5508,8b881e31-a097-4199-8db6-900437329025,1048,C0034,20241009,1204.6,38.0
5509,bf5ad18b-ceca-49ca-a22a-a3c94dd6e0d5,1010,C0211,20241007,330.06,38.0
5510,9ee837e7-6ce0-4aa5-a92e-d13402a5f06f,1045,C0746,20241023,828.11,43.0
5511,415cfe5a-bcc8-4799-8faa-cf65790af340,1037,C0063,20241010,147.93,22.0
5512,167f0ccd-e09c-48df-a59e-7a982bf561ca,1025,C0610,20240612,1286.13,38.0
5513,c737bffe-4dda-43a6-86c5-8485a23bd0af,1002,C0373,20240831,96.61,7.0
5514,6daf84d6-58f8-43ca-9e8c-17756315f713,1031,C0935,20240607,486.85,6.0
5515,f4e2a747-6f2b-4cc9-ad76-e20b945a89f6,1008,C0378,20240703,295.33,18.0
5516,0434d5e2-6af6-44e2-8ab2-8cfb4f51737e,1038,C0361,20240915,758.85,8.0
5517,22a74da4-9c26-4c1a-9bad-efb77f29fd1a,1045,C0046,20240729,206.52,29.0
5518,9ae6be37-8002-46ea-9dab-fb5be83cc019,1022,C0815,20241018,781.86,3.0
5519,0f824b06-e093-4385-8ebc-0f696a9c7391,1039,C0607,20240908,320.6,48.0
5520,5af82a78-6178-48eb-9b8c-790952fc91a3,1007,C0866,20241008,1506.78,5.0
5521,ce572085-fae9-423c-904a-d32071b17d84,1026,C0104,20240622,541.41,19.0
5522,44c48914-16b8-4e52-9ec6-7e83fa0ee1d5,1025,C0053,20240709,1015.07,10.0
5523,9b44f346-9e0f-48d5-af10-f68f3bb46098,1000,C0099,20241015,495.82,42.0
5524,7fb7bea2-039a-4ff5-a198-d6ffd83a4ef0,1039,C0297,20241011,1015.07,48.0
5525,5ce752a2-1c8b-4d08-b8a1-8e6ff5900158,1021,C0075,20240718,321.86,46.0
5526,250d4b0e-dc53-4d62-8893-c23c4b77fed2,1044,C0640,20240606,1015.07,14.0
5527,46050d94-5e8a-417c-a397-cee3592f298f,1004,C0990,20241027,132.82,50.0
5528,697888cd-ec20-4ea4-8c5b-bd000267bfd3,1010,C0306,20240829,1221.13,48.0
5529,ed6f95df-a27a-40d8-80d7-3238ae4a4fa1,1001,C0519,20240926,1466.65,32.0
5530,48db856c-600f-4aa8-9260-c588ee91f4fb,1038,C0165,20241019,1173.53,28.0
5531,d2d13da4-240f-4e7d-8b62-5e78da3b7757,1024,C0092,20241013,132.83,19.0
5532,9f353e1f-ad8b-493a-8aa3-22774afe7333,1048,C0544,20240916,1870.68,37.0
5533,cf62360c-1cd8-41f3-a077-f4dd584690f3,1044,C0070,20241115,1237.4,29.0
5534,f41ac71c-31a3-4afa-aeb9-c977b2b1f1c1,1013,C0080,20240820,1015.07,8.0
5535,1e2699c8-8491-4018-b275-e00364a4325c,1038,C0070,20240816,1733.9,32.0
5536,1e682783-f0f0-4512-8140-cd1473f3d2ad,1017,C0833,20241121,1633.22,2.0
5537,c46d20b5-eef0-4d62-8797-2f7c152251a5,1034,C0688,20241121,520.68,20.0
5538,2385fcd2-ae2a-49ee-896c-72ecc627852a,1038,C0971,20241021,1258.13,47.0
5539,2d6f29ed-de8f-47be-bf18-df88d8ddc141,1002,C0394,20240911,162.37,16.0
5540,4b7a6693-5876-441f-a5c0-969b45587d6d,1007,C0208,20241114,934.12,14.0
5541,7bdf64f2-9bec-4322-80b1-40b976cce066,1019,C0516,20240601,607.0,4.0
5542,a90d7cbe-14b3-46f7-b49c-93e72025ee25,1038,C0358,20240814,1177.15,47.0
5543,080f2854-d224-4ce6-824a-c3c2ac03cb88,1032,C0949,20241015,1220.51,14.0
5544,e6617518-42c0-4168-9213-f5a398377323,1017,C0875,20241126,938.94,20.0
5545,ce03b487-9500-4bd1-91c5-e10cd1e1f61d,1015,C0742,20240901,1445.39,18.0
5546,3496569e-ab8c-495b-8054-3c23dbaba575,1029,C0032,20240926,864.72,27.0
5547,5b7a04bf-c25c-4791-a0dc-faf4f98fd7c7,1021,C0141,20240719,1966.89,41.0
5548,1d9cc283-f5d0-4900-9f28-1c920a005ffe,1004,C0519,20240727,679.53,31.0
5549,58a09a38-f272-47c8-a09a-769117907263,1045,C0963,20240922,892.58,8.0
5550,7ddccc97-04e4-4399-b1a3-74162d867659,1022,C0357,20241125,1426.3,1.0
5551,d83d11e5-d990-4901-8e99-82254f271502,1002,C0502,20240609,1401.36,2.0
5552,ae7b5378-a571-4a5b-80c4-9dbf428ab2c7,1031,C0621,20241001,264.4,31.0
5553,25c2ecca-905b-4479-af4a-f8a05c4f4b6f,1043,C0965,20240813,515.93,33.0
5554,35f63617-65d3-4560-bf3a-aba25696f4d9,1025,C0147,20240618,910.08,2.0
5555,f000d828-73b1-4974-8e86-213a03a0528c,1032,C0413,20241116,1579.57,15.0
5556,f5135214-282b-46ac-947c-9a24e556b68f,1011,C0757,20240717,1678.08,8.0
5557,5be4cf12-de66-44e0-b304-7d71bc1c807c,1009,C0714,20241101,999.07,14.0
5558,e64adec5-722e-4398-9728-1e9c432bce6a,1027,C0884,20240809,1066.05,23.0
5559,66a76d0c-6a10-4a85-a6dd-ce20868b664c,1036,C0657,20240908,678.65,10.0
5560,74089d46-f51d-4911-ada5-ebe02c2c2418,1044,C0837,20240907,1015.07,25.0
5561,9d00c5ad-c245-4099-ad57-6d1133299650,1012,C0302,20240829,75.07,36.0
5562,870237ba-5253-4cd3-b3da-e20395c7a505,1011,C0843,20240712,996.55,47.0
5563,324d7b19-70a1-48c8-b3ba-6589ed1ec2a6,1033,C0318,20240612,1270.73,23.0
5564,20803c0e-ebc4-4661-8691-a4ae5b1e0120,1005,C0575,20240702,1015.07,22.0
5565,c53e8977-2056-44d6-9b56-0f37cbd5fa0a,1045,C0011,20241122,1875.64,1.0
5566,ad658bc8-4b67-4b35-b8f8-e8a3d5b6ae8a,1049,C0093,20240731,1545.62,31.0
5567,ae01326f-aed1-435b-8f04-bbafce938b39,1005,C0700,20241029,1330.51,5.0
5568,323b26d0-7d01-4919-a624-4c975cdc7b4a,1044,C0898,20240716,169.73,38.0
5569,79023286-354d-44d7-9bc0-a12bfd4b0b26,1040,C0843,20241104,1359.94,35.0
5570,211a4533-a25c-4744-ab6f-020a79906b63,1011,C0124,20240803,1866.66,43.0
5571,89d80ce7-3fae-4702-b3a4-6fe4132e2937,1041,C0483,20240831,765.32,28.0
5572,36da7f01-4998-48ff-8c1f-21a7ccff7b2e,1001,C0019,20241029,1469.18,6.0
5573,61439fd4-d873-46f5-9561-fe84569e59e8,1030,C0163,20241015,200.11,39.0
5574,a60eddd4-c74c-4104-add9-126d0f3bb023,1048,C0271,20241017,1162.96,36.0
5575,c7b0f13f-2dd2-4c41-995f-63beecf75f00,1014,C0313,20240705,1431.57,10.0
5576,c2339e31-2d87-4f03-b066-d099a94c1228,1002,C0318,20241120,1747.71,43.0
5577,5eba6b26-429f-420a-bbf4-ed69195dd681,1039,C0386,20241114,1774.74,3.0
5578,26d242cc-71ae-45dd-8754-a3a9c48a8e67,1011,C0670,20241123,309.73,7.0
5579,2a597cf6-202a-40f3-9ec4-60d6d4f3920f,1019,C0677,20241006,376.13,37.0
5580,81d84daa-a3b6-425f-989b-be9414ca946f,1005,C0256,20240828,1015.07,19.0
5581,47ca7b8b-dc3f-493c-8d1b-3edce8a8cc74,1037,C0005,20241011,511.39,46.0
5582,626633bd-0e1c-4484-8c5d-7eec7da3591e,1017,C0370,20241117,97.47,11.0
5583,9aceda2c-6a09-44d6-bace-d037234f2ad0,1017,C0048,20240719,713.7,34.0
5584,449d3f05-c1b1-4772-8826-73d2d2a544de,1002,C0287,20241107,1746.92,19.0
5585,8a102fba-47a3-4c81-b871-cc58d981c2ce,1001,C0394,20241021,307.29,42.0
5586,8823acac-b710-4fd3-9241-e071422d9202,1039,C0485,20240701,268.83,15.0
5587,bba9a3e0-3a04-448b-be40-f0cc28695a6b,1030,C0386,20240707,1090.23,22.0
5588,3a6851ab-5871-4064-90de-a386a41fedaf,1031,C0843,20240602,325.81,32.0
5589,01f584ce-42e4-453b-ab95-a8fffe0b24d0,1001,C0871,20240717,1782.98,6.0
5590,f8cf39cd-a5f1-4678-8697-56b9d230513b,1009,C0190,20240910,1647.14,33.0
5591,d8c84969-0054-4f1f-a251-55e21327ab8c,1025,C0750,20241012,347.07,47.0
5592,72fa485e-0996-4960-9afc-7d1e51cd9383,1008,C0413,20241121,1015.07,6.0
5593,af0d4cc0-334f-4569-9f8a-406a743ba170,1031,C0234,20240920,1829.98,47.0
5594,dbb2e2c5-fc6d-4535-90e0-6fb86d27ff14,1048,C0517,20241023,366.22,6.0
5595,c7d0a1e3-5fd0-4cd9-8a78-63a6b038f374,1035,C0472,20240624,622.88,4.0
5596,e14e5977-1c87-4740-80f9-49826ef342e8,1045,C0288,20240629,1788.64,25.0
5597,c15ccd39-1cbe-41e1-97af-fb5dcb5e2df6,1022,C0211,20241020,738.2,18.0
5598,19fbadf3-ee54-462f-859a-aab98bfb1f1c,1006,C0115,20240927,1963.49,6.0
5599,0c5bf2c1-a7b6-401f-8ae1-a3f49909c8d3,1017,C0743,20241128,1810.66,8.0
5600,a5e04245-94cc-4b78-b366-bfcab4ddd673,1003,C0154,20240928,1712.69,7.0
5601,2f14299c-2a21-44a7-81ae-7779f3c8618d,1028,C0966,20241120,142.28,11.0
5602,a49429e1-1dd2-47a9-94a8-e5751e23b5a6,1008,C0596,20240904,1556.24,23.0
5603,5fa2d1b1-f0c0-4fd6-a24e-4c40912621fc,1045,C0277,20241119,178.36,30.0
5604,e720b484-4de5-41c5-9009-98c8feec7cca,1001,C0114,20240705,674.67,3.0
5605,ebd7de81-2127-44b4-bf8c-563d3d89f755,1022,C0336,20241021,1896.92,17.0
5606,dfc95465-ce4e-4d66-9b56-c3324c4357fb,1005,C0882,20240907,308.86,9.0
5607,884465ad-aafd-4242-b631-62dd12ce6547,1045,C0861,20240707,1876.14,15.0
5608,25ec869b-f71c-485b-89b2-2a205e53b816,1014,C0988,20240726,749.08,37.0
5609,27f53982-4bb5-45b0-99a9-eb877c083d49,1020,C0383,20240822,512.7,44.0
5610,9df555e6-30d9-4423-97ad-34a263e28dc2,1008,C0862,20241116,557.08,44.0
5611,97f30237-95fd-4c1f-8d3c-9056fdf8f9cc,1025,C0921,20240718,884.67,42.0
5612,ac298c09-61ce-422d-a40c-4c5b9ee4fa31,1000,C0354,20241030,707.26,15.0
5613,a591d8c9-a65d-43bf-9c0f-a15cb069eb43,1001,C0028,20241105,328.99,36.0
5614,fdcdf1a0-cedc-43a1-bf61-b72e7d82d3ef,1039,C0500,20241117,246.69,49.0
5615,62dfa6cb-d764-4ac8-8661-6bf0e60fe5be,1029,C0891,20240715,1140.8,40.0
5616,2ca9b60d-ee43-486f-bcce-511087052021,1036,C0370,20241127,105.2,35.0
5617,b36ad54b-9087-47c0-b335-6ce68bae538b,1017,C0369,20241116,559.41,19.0
5618,d8931c6d-ccb6-4047-987b-96946c6a2422,1000,C0014,20240917,61.12,42.0
5619,63ab736b-87cc-406f-a585-63a55aa912ad,1032,C0680,20240610,471.5,2.0
5620,da8fab37-ca26-4a99-b3ee-ab38bcace388,1046,C0036,20240723,1781.34,27.0
5621,af2b5dfa-7c31-4cc5-a254-a065b66f1f51,1009,C0639,20240820,82.66,21.0
5622,afa9e639-77c8-4a69-8e5f-141302462857,1002,C0867,20241011,318.02,29.0
5623,efa5374c-b948-4b9b-b14c-d34b96e3645b,1025,C0303,20240712,559.2,50.0
5624,209d583b-2e67-4e36-a7b2-1cff08698575,1015,C0087,20240722,460.4,4.0
5625,0c2a4618-77a5-4793-8d9b-443cf3977be2,1024,C0318,20240711,934.96,34.0
5626,05722241-6317-478c-9f5d-72721548d575,1001,C0780,20241017,994.08,40.0
5627,d9a7f777-bffd-4a87-aee2-0ba3bebc7fd9,1048,C0719,20241015,1660.11,16.0
5628,61a439bd-ef7d-4430-b8fc-a64d0a1963ba,1046,C0918,20240912,1991.52,17.0
5629,53150c7f-9e33-4997-834b-52213e7d724f,1000,C0941,20240609,964.25,47.0
5630,4cfc8358-d32c-470c-afa1-f9ef9cf38174,1005,C0128,20240616,158.36,39.0
5631,5ffefb55-8f12-43dd-ab51-b112b3a1ce1b,1019,C0774,20241017,1317.41,35.0
5632,058f8e57-e065-4d7c-a1b0-768f9590aa03,1024,C0343,20240827,1670.84,49.0
5633,a9008591-b5ae-47f6-868e-593526025104,1031,C0127,20240828,1874.84,43.0
5634,6c6f387d-187c-4e6d-ad58-fc542f6b8d74,1032,C0231,20240722,311.76,46.0
5635,549da877-7366-4f25-8e7b-c89bd28b9e63,1031,C0452,20240814,626.31,22.0
5636,f938cf85-b5fe-4610-85aa-775d0f3b5fd7,1027,C0468,20240606,531.65,23.0
5637,e14343c9-eb17-4082-b6b2-1ad5121530b3,1002,C0175,20240807,219.58,11.0
5638,24ae02b3-95c6-4e11-bf4d-1b189275741c,1000,C0871,20240907,432.3,45.0
5639,04025243-5dfe-4bdb-9adf-9fac009701b1,1025,C0497,20240709,1948.87,29.0
5640,c0ad0254-028a-46dd-9a16-d3431eb5249d,1020,C0608,20240611,1877.77,27.0
5641,ce8b4dac-de1f-45f9-b827-62241b3cf541,1010,C0040,20240802,1921.73,41.0
5642,658bd669-2a6f-42b2-8d24-980ead141a70,1049,C0882,20240729,1519.98,32.0
5643,b08f0a74-7a3f-4924-922e-caaf3cc0ae8d,1039,C0229,20241122,1121.59,30.0
5644,b11454c9-0580-48f7-8be9-2c72c343a0e2,1031,C0380,20240607,952.6,32.0
5645,eb5b7701-d295-45ee-8490-adbf26185271,1006,C0703,20240917,222.75,2.0
5646,58988fe0-c6d9-4da7-b97a-02aaa41399bc,1016,C0774,20241003,1953.31,42.0
5647,5aa38b50-67d4-431f-a338-929ba7fd7ab6,1028,C0617,20241117,135.79,14.0
5648,b1a06f6b-7b2d-48b3-8f7b-6b9cb97fa553,1020,C0268,20241126,663.26,12.0
5649,32917fb0-979d-405b-b2c5-d5e150b87eb3,1015,C0968,20241002,597.72,36.0
5650,4395d758-75b5-412c-857d-6e7aba1d86b9,1042,C0628,20241115,183.51,12.0
5651,d3704f36-7b02-4fdf-bd2f-8c1d60f9f1d0,1039,C0604,20240829,1670.83,18.0
5652,cfd0c39a-1d92-4cc3-ba99-3760ce9b69e6,1010,C0643,20240808,1886.13,30.0
5653,e4673a78-c7b5-4509-b0ee-9942d7135132,1029,C0620,20240707,1630.45,10.0
5654,d83bc259-1475-4048-9508-1dce54ae5764,1028,C0155,20241115,1497.55,37.0
5655,39f9278f-5dcd-4402-802f-3194de420f32,1011,C0164,20240907,1079.68,16.0
5656,a0abd89c-727f-4198-9217-3346b86aaec3,1038,C0759,20240726,1883.68,37.0
5657,111d7a09-70b0-4649-8fc2-04fa66d8dc8c,1009,C0021,20240731,54.99,11.0
5658,c5a86d2e-c81a-4dda-a09f-a0d713faaab9,1023,C0140,20240925,294.66,31.0
5659,cfd8371c-d93f-4a1c-9cb6-7f673b22c4e8,1022,C0467,20240804,1194.2,47.0
5660,869ab33a-d599-4842-aa14-44b2e0d816f0,1006,C0687,20241123,1015.07,7.0
5661,78836038-5fd2-48e0-adc7-00a64b8ea65d,1015,C0412,20240915,761.96,34.0
5662,59329733-13ac-4311-b6e5-ee8d980c83ea,1032,C0705,20240713,1706.75,35.0
5663,4b42b0d9-70c5-4c7a-94a2-033827678e28,1039,C0572,20241106,1578.49,28.0
5664,c1388e1c-6079-4042-8d21-7a6beac5815d,1037,C0292,20240803,218.82,35.0
5665,848c1fc2-8679-4159-80ff-049f7f5512f8,1031,C0758,20240923,408.97,10.0
5666,9a0a50f0-779c-40f6-b46f-aa81d2d9f124,1028,C0993,20240623,1322.52,43.0
5667,3ed2c414-08e7-43ad-aef7-1f3d4634aa0a,1008,C0304,20240726,1236.39,13.0
5668,d45b3cce-a002-4fe2-9700-2d95d50eea65,1000,C0221,20240614,717.72,21.0
5669,27a44cdb-4f4c-4f09-8397-ced346d4163e,1015,C0737,20241104,870.76,49.0
5670,c8aa459c-d856-406f-b20c-f151dca361d5,1029,C0393,20240927,899.79,33.0
5671,1ecf435b-27dc-4292-bf16-51db212d8996,1043,C0722,20241004,481.55,32.0
5672,c60a2043-2c94-46ee-875f-0960eec71b32,1041,C0436,20241117,1989.96,45.0
5673,9b58fa74-f3ec-4753-8c86-c99710b006e8,1026,C0363,20241031,1169.1,41.0
5674,d9eca511-835d-41c8-b9e9-7327204eba60,1021,C0729,20240918,808.63,44.0
5675,7d65c999-54b9-4294-a9fa-61cd8556963c,1012,C0630,20241126,669.05,37.0
5676,59c3c76e-3533-4c67-8dc2-62bfcb213f79,1047,C0050,20241115,247.29,15.0
5677,4f08ce6a-36bf-48fa-94a6-67b361a86df9,1029,C0102,20240608,565.17,39.0
5678,cb931058-e3e5-4ed2-9342-b7e70be1ca11,1028,C0105,20240728,968.69,42.0
5679,fe117f98-adc9-4ce3-b28f-1c5a05bd108e,1046,C0673,20240627,1807.12,29.0
5680,c63170b4-8a18-4a0d-9b73-a85c3709749f,1011,C0220,20240725,1230.33,22.0
5681,61505ddd-c685-42f9-8647-4ce2ab0c237a,1045,C0537,20240907,882.06,22.0
5682,cd6c0d9e-7e32-4fb1-8063-b2d9f866954f,1009,C0858,20240913,1979.51,20.0
5683,486dcd48-a26f-40cc-a930-5ea37d67907f,1033,C0400,20241016,660.26,7.0
5684,93f05b19-11c8-4dac-804b-abf5f728f75a,1003,C0556,20240604,921.7,2.0
5685,f352d36b-2717-4b1a-a583-f32cae0e1bb7,1031,C0128,20240720,1298.16,14.0
5686,985a74f2-b20b-4e5c-b8f4-c1b39ad8a584,1012,C0123,20240923,488.5,21.0
5687,2c77b828-9692-454b-b3fe-6107892d3355,1004,C0688,20240810,685.51,42.0
5688,f26bc80c-e812-4ec7-9073-41299be50090,1036,C0222,20240803,142.26,44.0
5689,c771feae-088b-4afc-9abf-94a1bf96422f,1046,C0812,20241013,870.32,47.0
5690,fd2ed11f-f36c-4fce-910c-2c5e7ece8a09,1042,C0416,20241126,529.75,15.0
5691,de439b70-adc6-4777-bf11-1a289dbae6ea,1019,C0497,20240916,1500.58,32.0
5692,8c134c2b-c2b5-49b1-a16d-26b089e8e6dd,1001,C0662,20240706,1240.12,12.0
5693,accecd94-7d7f-4fc3-9feb-927a45502926,1003,C0357,20240707,363.43,25.0
5694,25f12a8f-517a-4c57-aeb3-c1d93be6e152,1008,C0294,20240629,357.9,29.0
5695,12e2cab8-79ec-4938-8a83-c1c7b5b07000,1043,C0961,20241007,876.31,41.0
5696,d7cc3d69-243e-412a-868a-09cea075b633,1011,C0372,20240905,1825.65,47.0
5697,15170cdd-cf56-48a1-93e7-39631c7357d0,1023,C0846,20241102,699.02,2.0
5698,cc0a073a-d638-4dbe-b3b2-dbbf367b3ed3,1000,C0480,20240704,1064.73,11.0
5699,c40a73a8-2153-47b4-8c0e-a6ddfc2a5cac,1027,C0199,20241124,514.5,49.0
5700,219a4026-2c0a-4e5c-a453-aa535d518d6a,1005,C0822,20240604,682.26,30.0
5701,bc00f8f8-4873-4d9a-a499-1ef06b26bbbf,1045,C0618,20240726,1987.61,36.0
5702,f057117f-ec79-429d-95e8-44a4bcfdb83f,1017,C0632,20240626,659.14,30.0
5703,a23dddb0-2bb5-425b-a801-995ba4db912a,1049,C0392,20240629,478.25,38.0
5704,1cc6f63e-c3f3-43bf-b3ae-ac727c3519bd,1034,C0003,20240618,1973.14,40.0
5705,8772ec94-e041-4c52-ad8b-adb08e5e8407,1004,C0942,20241014,671.33,35.0
5706,456e2ac0-7777-4f39-92ff-8853ac5c9eb1,1028,C0099,20241011,1369.24,1.0
5707,7b924a31-616c-41da-a65e-1b24da79c1ba,1039,C0320,20240805,687.28,21.0
5708,2923e336-a939-411e-89fb-d322e089517a,1016,C0155,20241113,863.41,4.0
5709,48e55b71-e0fd-460c-8a6e-d8cb7b57f763,1034,C0645,20240929,353.94,16.0
5710,096f7026-4f5e-4583-bcc3-c0de00d2c67b,1048,C0909,20240629,172.19,40.0
5711,7da0c1ee-7b0b-4081-a626-075940af0d2a,1009,C0144,20240628,1806.04,26.0
5712,4512bae0-ce79-4c8e-803b-6cacebf8c575,1018,C0664,20241010,1084.9,39.0
5713,c4c7335b-700b-4881-bbc0-e60bbc26a15b,1017,C0913,20241109,278.47,33.0
5714,87c18089-02d5-4890-b761-9cf4f78ebf8b,1012,C0573,20240814,185.76,32.0
5715,c56a8833-bf4a-4084-9385-8e343033d7be,1015,C0835,20240719,69.74,45.0
5716,6b1addcd-7bf5-4b35-aefc-f0470a749ad3,1008,C0507,20240824,1862.3,29.0
5717,e6578558-0f03-496a-8c34-836403b129b0,1032,C0116,20240806,1350.96,31.0
5718,f28668b1-b0ce-4596-8f8f-d45d45bd7882,1000,C0378,20240719,218.79,20.0
5719,3509d880-7c74-4527-996b-76995af398fb,1007,C0960,20241107,1166.54,38.0
5720,d67077cf-5243-450e-b7a6-d2a3d88a8a37,1046,C0544,20240827,1751.27,34.0
5721,d7daf9a1-d09e-4f20-b298-da5b3eeff7a0,1024,C0116,20240918,1422.8,32.0
5722,9780ec35-23ad-474b-a4f6-294573019b27,1019,C0956,20240905,762.46,30.0
5723,d1c251c0-4ffe-45f3-be87-af07e61116e0,1034,C0769,20240813,855.19,10.0
5724,c5b9bc3b-5d9f-4921-97dc-f646c3b05363,1001,C0804,20240729,464.85,4.0
5725,facab733-3921-4073-ae28-ace3ad33c97d,1040,C0223,20240715,1015.07,11.0
5726,a28b15a1-8ca6-4de1-bc2c-58f8d68e5bbd,1041,C0973,20241016,1015.07,28.0
5727,7943ca8c-4160-44e6-bcac-502c0340408d,1035,C0348,20241020,126.68,33.0
5728,9a4311f4-63c0-4dca-afa1-8cc8b436370a,1022,C0194,20240610,1349.43,30.0
5729,a0a4aa5b-563a-468d-bbb2-c65a4f7746cd,1003,C0450,20240620,1194.85,47.0
5730,9eb00a81-2525-4f49-afb0-60a6bca3d09a,1037,C0339,20241108,772.01,45.0
5731,7a395c53-7060-4bdb-b111-4381b7617f78,1030,C0321,20240917,598.42,30.0
5732,5ccac768-be64-460e-839a-f5ed77d4d54f,1038,C0387,20241018,1863.28,11.0
5733,a65e72e6-fa3c-41d5-80fd-690285357c48,1023,C0729,20240710,1226.69,39.0
5734,5d6460e9-34ff-492b-b4bf-b12135bed682,1044,C0002,20240606,1457.72,15.0
5735,346d2114-2238-4c4b-93c1-3faef769c49e,1023,C0437,20241022,1203.13,40.0
5736,502003fa-344d-4ba8-b0fc-0277011cd867,1001,C0008,20240830,1569.42,49.0
5737,0908b540-19c5-4b7c-bcc1-c46245005d8d,1024,C0058,20241023,1109.93,25.0
5738,f6112713-aee8-42a1-9464-9049b517820b,1032,C0336,20240912,1928.56,17.0
5739,bdeff0ef-9bd4-43bf-aeb6-64f3f718140c,1028,C0024,20241004,638.22,45.0
5740,6836d603-1cf6-42b6-adf2-652401df18b5,1001,C0428,20241003,1291.75,12.0
5741,5d18e676-8820-43bb-908b-830862dd963b,1042,C0687,20240806,689.76,45.0
5742,82e837f0-24d8-48db-8c5d-c04aa224e5bc,1032,C0263,20241009,934.36,17.0
5743,6135164e-597b-47f6-86e4-dbabe1e3d558,1013,C0833,20240806,845.0,19.0
5744,75b93767-eeda-4e12-9719-775cc0829f09,1024,C0859,20241013,853.38,46.0
5745,3af31c6d-c942-4d16-ba20-200ae5ddb1cf,1002,C0959,20241110,1320.59,21.0
5746,57e626a1-55e3-4475-a950-7c0847617558,1030,C0865,20240817,1036.48,6.0
5747,5e4069ec-c99b-4216-983c-3a1f857be278,1028,C0112,20241110,153.09,36.0
5748,c98de032-7d96-41f5-899e-1aa340554069,1035,C0407,20240720,669.63,16.0
5749,5ff93dab-5a42-4fb7-8053-fc1c919fb401,1037,C0149,20240613,716.24,13.0
5750,2513009b-ee28-4a30-9c02-a30bfa2e3382,1022,C0431,20241006,1119.03,21.0
5751,2b5eae11-566c-4ba3-b836-b79b7a047d21,1010,C0128,20241014,297.06,37.0
5752,cddf1fc0-f14b-4e89-9290-bede8a47dd61,1023,C0574,20240707,1606.68,32.0
5753,44eb72ce-9019-4bab-9237-db06499ad8d1,1030,C0227,20240713,934.7,41.0
5754,497e0753-3361-41c6-a19d-d4071372cc20,1019,C0602,20240605,1274.73,30.0
5755,4277df99-066d-4dc1-bf3d-c786b97cade3,1037,C0747,20240909,141.61,24.0
5756,326d1093-8462-4e25-94e8-a07624498185,1005,C0310,20241102,1077.27,31.0
5757,a9de5b96-0e93-4bc1-a159-dbdff158d818,1040,C0784,20241009,184.07,20.0
5758,01cbd8e8-8de4-40aa-b580-aa812b3f85bf,1002,C0808,20240806,405.71,31.0
5759,70a1f9cc-fab5-41e2-b448-c4e2aba4a8d7,1016,C0903,20240918,704.36,35.0
5760,ff9ee88c-c311-4714-916a-00b2125f4129,1006,C0149,20241009,1015.07,29.0
5761,4d10db28-960f-4eff-be50-2aa0ed07fab7,1037,C0336,20240614,1712.74,46.0
5762,569eedfb-2a74-4697-8fc9-e58a656e71f3,1044,C0349,20241008,243.42,48.0
5763,a21dbdab-3569-481f-b516-969fb6e942be,1015,C0667,20240608,670.46,23.0
5764,274a9426-7fe9-4196-9e48-4494dc9be5fa,1016,C0740,20240917,1265.84,23.0
5765,47dd2b15-688c-46a2-9a61-266f31a38fcb,1016,C0813,20240710,1558.88,38.0
5766,ac62a28e-e0f4-49b1-8109-92725337f330,1003,C0272,20240816,955.38,14.0
5767,c248f61e-5de9-436b-a19a-f2828cf60c56,1046,C0517,20241013,82.65,10.0
5768,5ae87edd-7b53-465a-821b-ee6a083c4a73,1032,C0272,20240709,1036.56,43.0
5769,f8ab02b6-fecb-4580-8c7d-d11bf45e4213,1011,C0128,20241112,1286.52,36.0
5770,912e657d-2277-495e-a4a7-1d68ddb8eb27,1038,C0577,20240908,1555.12,44.0
5771,361efb8c-a709-4a85-bfde-99535c4b130a,1038,C0170,20240814,1016.35,42.0
5772,3c33f7f2-f84d-4029-9331-82ec1fbf67a2,1013,C0262,20241127,150.25,13.0
5773,4d026980-4d39-4ccd-8c36-ef7593b1a288,1013,C0390,20241123,1649.16,14.0
5774,542f0a6c-4e8c-4a0a-8b98-917963d9585a,1033,C0617,20241117,720.79,18.0
5775,3a683b05-1276-4044-933d-78a491667785,1040,C0661,20240730,224.97,39.0
5776,83453521-6ad9-44be-a776-aea651c3b2db,1009,C0530,20240616,946.54,22.0
5777,05a809db-1971-4317-8d43-136a9c05757a,1010,C0540,20240808,1015.07,26.0
5778,b817849a-53c7-4fc6-b689-ace1760629be,1004,C0507,20240818,359.39,30.0
5779,9b5cb3c4-88e6-41b7-a89e-ea6a1b6e3d2f,1045,C0543,20240705,1904.4,35.0
5780,752d69ce-5791-4d5a-98a3-7e7a591505e3,1018,C0950,20240904,1799.62,15.0
5781,65feba9d-b378-4782-898c-f0d168c51ead,1039,C0085,20241124,1015.07,17.0
5782,d4856e84-c3ee-4db4-a510-b09bc620883a,1031,C0707,20241022,1014.01,24.0
5783,3d59b295-bcad-4727-93cb-01cf5e817c9e,1019,C0825,20241010,732.45,27.0
5784,23b90d48-4033-4473-8385-fa6818bc0991,1023,C0435,20240907,742.45,47.0
5785,ee3178f1-64bf-4e96-aa07-3c76266fc64b,1047,C0879,20240818,990.22,46.0
5786,25271b42-1da3-44e9-82e5-ab99c49cf41b,1041,C0778,20241117,483.58,20.0
5787,92da4865-961a-4337-9987-c964c5d43b15,1018,C0909,20240710,1444.51,50.0
5788,a37eed27-20ce-453d-a95b-3e675a24abb4,1030,C0163,20240601,252.97,15.0
5789,97519206-45d3-47cf-919b-30b6ac3acfce,1012,C0239,20241029,1068.95,33.0
5790,b1e6e7fd-1b37-40c6-a664-a67ac8b69558,1040,C0329,20241009,798.59,25.0
5791,62726b94-6f9b-43b7-aff9-fb1422b6f528,1017,C0139,20240902,1214.94,40.0
5792,c75b7e6d-6da1-4f42-bfab-8211f746f51d,1031,C0573,20240614,192.07,42.0
5793,259538e1-9c37-4973-813d-0217faa6b254,1012,C0267,20241014,1354.19,8.0
5794,3c7690d0-aae9-4c74-ab8c-b25e1990b2da,1047,C0595,20241004,920.11,4.0
5795,154ef101-f44f-4bac-a603-aa80b262dccc,1012,C0827,20240828,1015.07,32.0
5796,de97e269-e37b-46fc-b9e3-c884faeb8fce,1033,C0994,20240613,1384.06,18.0
5797,65dd3768-a93f-4d8f-b33c-2dfb406ac914,1045,C0403,20240708,812.44,17.0
5798,ebd63f17-1d3f-413a-a02a-e8a41e6a84d3,1013,C0951,20241016,1002.35,47.0
5799,2c39f7fe-e5e5-4d91-af07-a9390d6e535d,1026,C0048,20240930,213.16,9.0
5800,44661b42-f69c-4ee2-9063-c9f251b59472,1020,C0858,20240609,1455.5,17.0
5801,96df8c1a-3deb-4658-8f67-5b51bd88fa3c,1016,C0949,20240719,1125.49,12.0
5802,f8978341-abe4-454b-9bbf-a6a8d7bdc55e,1009,C0337,20241002,426.89,32.0
5803,ea677d39-8421-40ac-81f4-e1cc15f3034a,1021,C0135,20241013,141.17,28.0
5804,5aa9a391-c847-4865-a439-be4254539da5,1028,C0205,20240726,1246.41,23.0
5805,7d6983ea-acd0-45ef-a8c2-e6377cc29f5c,1018,C0124,20240915,1015.07,1.0
5806,c08e6514-9a26-4242-aa8a-fde5d479c28d,1041,C0009,20240721,1594.31,9.0
5807,be442458-0656-4876-86e3-e004cd782b7e,1002,C0447,20240712,440.95,7.0
5808,5bb4b3af-f350-4cec-8fc1-dc92fa015275,1018,C0618,20241013,282.11,15.0
5809,83932ffd-007c-4558-ad27-1fa976539112,1014,C0300,20240910,462.11,12.0
5810,cf3e1aab-448c-4875-b126-c40e8c88c1ef,1014,C0866,20240609,569.53,8.0
5811,d25a364f-76a4-401d-b4ab-15cc136f05b4,1007,C0428,20240826,850.19,41.0
5812,cec64072-a470-468a-bf36-019d2fd6209d,1003,C0058,20241123,1547.8,2.0
5813,15c95296-952f-42ad-af19-988918562515,1028,C0431,20240621,740.01,13.0
5814,9f8b10cb-6886-41ab-8831-d08705880293,1041,C0219,20240620,1583.27,32.0
5815,622c691f-2b57-48ba-bfb5-86d796965ba8,1030,C0913,20240608,467.44,38.0
5816,d1dad35e-1eee-4b58-99dd-cbe3930dffe8,1011,C0054,20240820,1060.25,20.0
5817,1509ce00-61de-4159-8947-3f0bed6edf98,1047,C0058,20240617,1604.06,26.0
5818,21c62a28-b6e3-4de2-8722-40807a886245,1038,C0261,20240810,181.02,15.0
5819,5c0f09b8-2a87-43b9-9a56-7a7a8b1cf3b7,1028,C0210,20241017,1000.23,35.0
5820,aab5c2ee-fb70-4510-9b7a-8ab520cc4fb8,1010,C0923,20241115,1309.81,13.0
5821,688b1fc8-09b9-4de3-8a23-d00e718ffd35,1041,C0761,20240927,399.66,31.0
5822,f0f91289-9e04-4ada-b354-229cec828c9a,1048,C0913,20240913,197.18,18.0
5823,ea1de6b6-3e16-4e8a-9902-9a0655c20d00,1008,C0504,20240709,1537.37,28.0
5824,b5a1f358-be44-4cb8-93bf-96c62d0dc0cd,1045,C0398,20240826,228.05,21.0
5825,55badc54-3c6e-4965-bf0c-50e9a5b0f852,1044,C0626,20241012,937.97,8.0
5826,312345af-ca8c-4d2d-b89b-9ee07f3dd7a2,1045,C0312,20240825,1771.66,10.0
5827,d85f77c7-06e1-4afa-ab05-42b97e64dc1e,1043,C0545,20241104,1398.8,41.0
5828,71419936-2dbb-45c5-a686-b98a1c9e3018,1013,C0071,20240904,293.52,27.0
5829,166ae607-9c42-4c76-9236-d22af7bdcb14,1028,C0918,20240614,1086.48,3.0
5830,11c26728-a50b-47fe-a8da-20fa0852d0cb,1029,C0011,20240619,319.87,47.0
5831,7f4753dc-b595-4962-a73b-22732893d0a2,1005,C0885,20240806,449.83,44.0
5832,cf63eb7a-cde3-4ea1-9780-042574b2fd29,1007,C0495,20240710,257.41,27.0
5833,03efaeb4-c2c3-4394-a6a4-3502b356732a,1024,C0427,20241004,1817.93,5.0
5834,0bf8e671-034b-4174-aee3-2526981f0a66,1030,C0358,20241008,926.81,5.0
5835,32e5fea3-d002-4b91-9590-a4925d6a3a25,1026,C0487,20240831,51.56,13.0
5836,05228f3b-0958-4bd9-bf0f-45813422d74c,1030,C0320,20241009,1558.36,29.0
5837,22110c33-4a22-41c0-82c7-0da389d17516,1010,C0558,20240803,173.59,32.0
5838,0a78353f-4363-4d18-b36b-3f9171aae2b1,1045,C0103,20240829,1360.92,49.0
5839,e01b1270-e442-4c95-b0b1-f5c1d6f187d4,1045,C0411,20241112,979.55,23.0
5840,863e3b2b-819a-4b17-b0b9-2804502d8505,1012,C0823,20240609,1351.27,39.0
5841,27f81e7e-66cf-460a-895d-c2873d68fcbc,1043,C0091,20241124,1508.29,20.0
5842,224f00a0-b8b5-4d22-8cc0-cd2f39a9db93,1049,C0661,20240905,111.74,21.0
5843,9e3e869b-08a9-44fb-9f13-e5f27023209d,1014,C0176,20240908,891.74,31.0
5844,e00dc35b-f122-4f50-bcfb-832e31333c93,1014,C0409,20240803,1646.0,36.0
5845,3381ce7d-a9b8-44af-a24c-cc72a0edd48d,1045,C0544,20240820,453.39,45.0
5846,5e756463-c3e6-4048-8d70-712dd40a309c,1005,C0942,20240610,892.12,50.0
5847,8c84607e-a3c2-484d-8f07-4a49b24295cc,1018,C0683,20240804,790.13,30.0
5848,82a0e8dd-dab0-4bf3-9779-4948762542d6,1037,C0148,20241012,710.22,42.0
5849,5c87a4c9-b272-4cfd-95a3-bc0c50ce0308,1034,C0156,20240620,830.64,9.0
5850,81cc3632-a99e-4393-8297-17d64fcbf9d0,1046,C0716,20241115,289.48,47.0
5851,f73b0b0d-b4b5-45e0-a36f-e57484b3fcab,1001,C0797,20240917,734.89,39.0
5852,ab7b02cc-4149-4184-b0d3-afd997527eab,1011,C0331,20240812,142.86,50.0
5853,eec60a59-67aa-4cea-a647-d7094979e3a6,1007,C0561,20241016,1488.54,28.0
5854,f20132d3-0a5c-4a94-ab82-3071a89ef133,1042,C0322,20240825,638.58,1.0
5855,b1a9bcf3-b6ac-44d5-84ab-4de628670891,1038,C0786,20240614,1611.47,21.0
5856,c5c3bc54-59f1-4be5-8435-0acac1d702ee,1016,C0365,20240715,835.57,25.0
5857,a849a185-0bf5-4a13-89c9-023da4cdd7fb,1012,C0645,20240919,1608.53,25.0
5858,db771f62-dd36-40d5-b685-688256fe2058,1049,C0448,20241029,1140.96,47.0
5859,44426d37-ab73-45ae-a261-fef1b65cfdf4,1046,C0070,20240911,222.12,37.0
5860,fee880c3-8ae5-4c5e-8f18-7b034cafa696,1030,C0051,20240802,1684.62,27.0
5861,01bdb350-f5aa-4ef5-8888-e7be54bfa0c3,1036,C0417,20240818,149.96,33.0
5862,ade3bb30-b430-48b1-84ca-b79bb8b1f014,1041,C0022,20240614,129.2,37.0
5863,37bd202a-b5f2-4761-9682-9deb60d617a2,1039,C0434,20240829,570.96,41.0
5864,c5f2119b-20bd-4f90-895b-bf54793cbf14,1030,C0326,20240923,991.2,44.0
5865,bfdbf197-56d4-4453-b7df-235fe240a6da,1035,C0416,20240901,475.87,11.0
5866,88452e1c-c7a1-4a8f-90d1-0210f71a4218,1048,C0705,20240616,1884.08,22.0
5867,5ec929d8-f6a5-4a0e-b6f3-b30b5683c68f,1046,C0524,20240816,1281.33,28.0
5868,c1bc9de7-8b40-4cdb-a29e-0e9b71549a62,1010,C1000,20240606,215.16,10.0
5869,2f3171f8-ccf2-4c03-9aad-0bbc76885b4f,1022,C0345,20240722,256.11,22.0
5870,ba57ac3d-e71d-42df-a6d9-2e4bf717fa55,1015,C0705,20240612,937.22,45.0
5871,c8cf1199-b513-4bd0-96dc-bc166d6bfcb2,1033,C0698,20240721,1959.62,12.0
5872,4e4ddc5f-1ede-402f-ac8d-23a88d5246db,1015,C0332,20240917,1175.51,20.0
5873,d014e839-a17a-4050-91ad-8d5de7685973,1017,C0034,20240731,1614.38,32.0
5874,f0956368-f9d6-4b3f-8502-c5fc76d25bf8,1010,C0200,20241002,1411.89,26.0
5875,28eea001-699d-4716-8f8f-322443f0345c,1021,C0911,20241031,1998.51,30.0
5876,8ac268bf-b97b-450c-ae73-0fcb2ae0843b,1045,C0858,20240727,1087.44,34.0
5877,b64e56f6-7628-436b-bbe4-49760f23d99d,1028,C0940,20241004,1755.2,31.0
5878,821e8cc6-f6cb-4cbb-a25d-a0cad84b05e1,1026,C0842,20240923,66.8,9.0
5879,196b6e2d-e0bc-4840-8bfd-f0eb2b510007,1034,C0696,20240729,1132.79,43.0
5880,1da7c4f6-e5fe-46a4-a2a5-524cd16768ce,1004,C0299,20241017,466.78,42.0
5881,69bf2c97-ef4e-4163-aa82-4254310458d5,1032,C0841,20241002,266.99,11.0
5882,3190d167-ed25-4c32-a18f-21792a660a8a,1024,C0273,20240730,1723.9,36.0
5883,66acf6ef-d407-4388-b751-9d85568edb26,1047,C0706,20240821,1004.14,12.0
5884,642615f7-1f60-41f3-b0f2-2c2af0fdc7d7,1033,C0857,20241111,590.08,37.0
5885,8622442a-6c77-43c2-94c1-67931c98c6d6,1021,C0532,20240911,489.61,49.0
5886,c7c2627f-f321-4083-9bc8-de94a9237483,1022,C0334,20240812,188.17,34.0
5887,38a84938-25eb-4e0c-97fc-7d2be7f620da,1001,C0243,20240618,948.39,3.0
5888,40233fcf-2049-4dfb-9af0-cbb06581edd1,1029,C0116,20241126,981.65,44.0
5889,3c85b121-0a55-4e86-b314-b77828661f4b,1042,C0376,20241127,1299.32,45.0
5890,c290b167-d679-4c09-bf86-3e868f8f3586,1003,C0780,20241121,1769.18,2.0
5891,b149b074-f00a-4a03-9a66-6c1d394ce0e2,1048,C0296,20240914,1381.76,44.0
5892,a40e1128-5e1e-47ad-a0e7-057cdaec9069,1015,C0899,20240825,429.59,9.0
5893,8c262705-edc6-4e03-881e-31078619faed,1034,C0867,20240718,115.76,31.0
5894,f85ca4a9-f2e1-45cd-959f-7b2bed46d5a2,1000,C0243,20240806,1072.17,40.0
5895,e473e2dc-189f-4e05-9c46-3dbd6d70bf71,1007,C0965,20240705,596.64,29.0
5896,58cfb432-ff6c-4763-b266-c650cad6d074,1005,C0934,20240616,1704.35,1.0
5897,dc55cf29-d48e-4b1f-adde-cc1ff31cbbf8,1015,C0129,20241001,743.65,14.0
5898,66e272d1-a553-40b8-a31d-bb812f5e7fe9,1023,C0823,20240929,1746.8,3.0
5899,3ed80cf7-9287-4b53-b5b0-a6b7e5cc96e5,1023,C0635,20240702,1124.48,35.0
5900,fa5c335d-aef8-4fee-9775-d8decf64a16b,1021,C0912,20240923,1925.58,16.0
5901,9f7d4929-0b47-41e8-b070-89279691b675,1020,C0487,20241006,873.98,24.0
5902,08d97af2-d261-4ee0-bcd8-a8318d660cdf,1027,C0530,20240624,557.74,16.0
5903,a2eaf191-f74a-4c12-b3b7-a86435f7a04d,1022,C0076,20241005,446.26,1.0
5904,350383ac-49f9-4900-819f-ab929b736236,1047,C0983,20240922,1001.08,5.0
5905,ce4b426d-02d4-4de3-a6cd-0cf6d9e2b4ea,1012,C0166,20240613,1309.87,19.0
5906,277e6f64-8e76-4413-9295-55d0a4c537d9,1045,C0050,20240619,1698.39,29.0
5907,cd81b856-d7ba-404c-85be-3387ae5b25ae,1013,C0133,20241112,1615.5,21.0
5908,0ed7e518-5f3b-4a96-a37b-b0f716d66cee,1026,C0557,20240824,112.89,8.0
5909,26d87479-ffa3-4b00-8ff1-29f5c285d100,1011,C0355,20240824,1143.11,22.0
5910,563de245-c46f-4e3c-8a75-9c923024e9e8,1023,C0561,20240716,838.36,42.0
5911,fb04fdc2-f781-4531-803c-8aa1413ec6ba,1000,C0048,20240825,1509.53,10.0
5912,44959550-fd95-41f8-aaa5-2c406569ab79,1046,C0082,20240818,1769.49,43.0
5913,e56b8963-d803-4edd-9f0b-df29f51e524d,1015,C0116,20241109,1902.73,29.0
5914,034179a8-c4fd-472c-92fc-7431290131bf,1024,C0733,20241022,114.25,5.0
5915,cd9e2c5b-7bb9-49ea-8117-c1bacf30935e,1009,C0142,20241008,797.4,34.0
5916,ed76c6d2-3bfa-44e5-8058-d5c5cd6cc746,1018,C0569,20240828,487.61,26.0
5917,05357dbc-fccc-4835-84ca-12229eaae5bc,1033,C0915,20240904,926.26,30.0
5918,48de3a8d-47da-4eae-a9ea-cf603ecfe05a,1030,C0907,20240715,1641.92,7.0
5919,bb892852-1acc-456d-8e8d-2dfcc19fa7a3,1027,C0597,20240608,1376.44,29.0
5920,d3251c83-f310-47b2-9c2d-bb2023680ddb,1038,C0157,20240617,1462.06,2.0
5921,ef460b25-daf9-46e1-ac56-8fe37291d954,1024,C0486,20240804,1604.07,3.0
5922,782cdbe9-70a2-464b-8e97-1385ff7ff46f,1004,C0387,20240819,801.57,20.0
5923,731d239f-3e68-41d1-a159-1579a19f5231,1021,C0384,20240819,1211.79,37.0
5924,a7e8d14f-8c69-45ca-bf40-70f9d57d7d9e,1029,C0640,20240708,783.95,48.0
5925,c0762894-2756-4f13-a5eb-96e85f0e3cb4,1008,C0266,20241028,402.02,39.0
5926,7621895d-1073-4333-948e-477413f95ec0,1038,C0465,20241024,1321.48,37.0
5927,4eaaa06d-832f-4cef-b847-e02332a75906,1014,C0693,20240704,1393.54,32.0
5928,0aabbd17-d019-4653-9a7b-5b97736c766a,1019,C0553,20240804,810.93,19.0
5929,c3a5d916-ab66-4875-ab87-c731cdbfa491,1011,C0297,20240630,561.38,6.0
5930,42cc0a11-14d0-4f7b-8f89-8a316b248ff0,1012,C0780,20241003,1923.82,26.0
5931,9e460ded-f85b-4b1d-9ec6-299e31de563e,1012,C0439,20240819,788.27,29.0
5932,c431ff3b-4270-4c5e-94eb-d74f60c0268a,1016,C0499,20240920,1706.41,5.0
5933,806218db-65af-4e35-92a3-859f818145e3,1018,C0708,20240922,1431.95,19.0
5934,cbdcb4b7-4f1d-4d64-9da3-049bf8473cb6,1022,C0675,20241022,1224.09,49.0
5935,0c3d3cc6-bcc4-4d39-9069-fd54b82c0a79,1043,C0610,20240701,1618.02,41.0
5936,e338c317-2ac4-49c4-8f33-8a7c24e596cd,1032,C0995,20240616,398.4,23.0
5937,ed4a5f9f-8e88-494c-9c7d-786af7b8ef9b,1046,C0703,20241123,1940.28,41.0
5938,83e60dbc-5959-4175-95cd-15ed7eda8b24,1004,C0392,20240903,1335.92,46.0
5939,6da7bfb3-8a7e-41bd-88cf-1d0779f7c0b9,1042,C0801,20241121,1606.55,10.0
5940,a5db943f-3d96-4e3b-9b4c-faece916aa59,1005,C0994,20241013,1583.54,27.0
5941,08e3ec56-94a4-4060-99bb-d7d9d814b8a8,1045,C0959,20240824,1504.59,23.0
5942,91c3678b-a8f6-4313-883e-43506b99c5d5,1039,C0235,20241011,73.84,35.0
5943,61d3328d-1b59-47f0-a2a8-dbf9c9a864ce,1041,C0294,20240722,443.73,39.0
5944,cb8b517a-939b-4d08-8047-a860dfcdc97f,1049,C0226,20240908,1488.93,24.0
5945,5717fb24-2bd7-4a5b-bddb-804b3a1e98aa,1006,C0149,20241009,522.07,50.0
5946,0ed0ff1a-ee6a-4411-a999-00f94e64a715,1007,C0833,20240611,173.07,37.0
5947,65fb77e0-62ae-45a5-a02a-61f55132ddde,1030,C0450,20241119,374.02,8.0
5948,44af398e-601a-4f3d-819a-0cf2efea360a,1040,C0921,20241109,1628.09,34.0
5949,2f137239-f36a-487a-bf65-7005c67d81f6,1024,C0448,20241026,842.02,46.0
5950,ca5d6407-3d96-45cf-a5fb-56eb10409b47,1049,C0971,20241030,1746.47,5.0
5951,5a3fe251-4b98-43b8-b69c-77040036f7c1,1024,C0732,20241010,332.42,17.0
5952,ca10fd42-1b26-43a6-b4c8-9a81193ad29c,1042,C0758,20241115,1980.08,37.0
5953,c799873d-89e1-47ff-a6fc-e7ae2af585ee,1005,C0897,20240708,1334.41,17.0
5954,96afad5f-064e-43de-b503-404f6c9578d3,1044,C0021,20240914,1555.5,25.0
5955,b1f4b36d-f5f0-446d-8189-13fad69daed4,1033,C0635,20241117,462.42,29.0
5956,eedd962a-3da2-488d-ba47-1cc89bdcde10,1046,C0845,20240917,938.76,45.0
5957,745b7adf-58b0-4670-93f7-a4bcf1f3a872,1025,C0814,20240712,1015.07,24.0
5958,a9c55e25-fd02-434d-8854-2f3c04c9a0a3,1002,C0499,20240814,1814.55,29.0
5959,da5853be-8e42-4084-98f7-00de1da961bc,1049,C0023,20240702,1287.74,37.0
5960,002cc89e-5c55-4d2a-93de-9d0d488a2c0d,1015,C0018,20240922,1106.28,11.0
5961,f31dd415-3036-45f0-9dff-7face28231df,1048,C0930,20240602,1237.38,8.0
5962,d1732ea4-a156-4bb8-9707-ca3231f6e612,1026,C0151,20241109,403.15,36.0
5963,acfb5b75-d576-4642-a597-8ada0661e533,1000,C0826,20240610,968.98,44.0
5964,d2bb6f7f-c53b-4859-8781-8517c12c9d92,1027,C0196,20241123,939.07,43.0
5965,07d88071-ad88-4e03-b26c-aaa01acff9a3,1024,C0857,20240831,852.32,41.0
5966,c5422dc6-1f53-42e0-9525-7dc3e1817f8a,1035,C0180,20240917,1679.27,34.0
5967,215f9316-c823-45a7-993a-aab3e9db398a,1003,C0920,20241117,1045.0,37.0
5968,6a552c7f-5108-4b29-ac61-74cb27b65522,1045,C0490,20240620,1514.67,3.0
5969,c9fe00cd-3050-4a93-ac7c-3ab808cf61f4,1018,C0703,20240911,623.9,17.0
5970,7dc93acb-ffa9-494e-9b9a-137ed443347e,1016,C0244,20240725,1434.87,3.0
5971,75dc38b0-a7ed-4800-97bf-4b0b9ad73b6f,1012,C0973,20240804,1547.91,28.0
5972,129c4752-7254-4d74-aa3c-6b3aa561b624,1044,C0773,20241104,378.25,44.0
5973,9a02166c-2217-4562-b0f6-a331793501b3,1007,C0965,20240904,968.76,47.0
5974,c27debce-c74a-484f-8eee-5559d8c37d84,1047,C0336,20240814,1554.85,29.0
5975,dd1e16cf-c9a0-4c06-8fa8-6977f13aeee3,1044,C0348,20240902,669.91,38.0
5976,6a52babe-7eb9-4dff-b5d8-9f07a95d9fb4,1043,C0277,20240723,1494.44,40.0
5977,81930780-6407-4e77-af60-f361696abbfb,1049,C0840,20240717,302.41,35.0
5978,4a18c90e-dc5d-4d78-b8a5-141b9e795145,1018,C0345,20241021,1015.07,3.0
5979,545aeb07-1904-41fb-a3ff-be92bf6a9510,1023,C0590,20240622,681.46,29.0
5980,74d870e8-406c-4912-8b6a-65459ca11e1a,1005,C0743,20240810,1196.68,38.0
5981,39bbf86f-815c-45b6-b20c-01a5610bf537,1018,C0219,20240729,1656.34,6.0
5982,e30d97b7-0d8b-4391-bb4b-16537de08440,1016,C0098,20241024,1992.64,21.0
5983,2ea2fd11-a7a2-49d5-bc79-85102e8d3481,1045,C0925,20240729,678.78,34.0
5984,48e69f35-f2f4-4100-b7af-0b13b76b7e74,1010,C0126,20241013,463.67,11.0
5985,6ed425ad-429c-4edd-b9e3-b01e7cb928b4,1005,C0605,20240612,253.2,11.0
5986,78a647d3-9247-4d8b-a174-38afa1c61c8e,1025,C0261,20241126,717.01,38.0
5987,edb9e52c-c27b-4833-a5e4-05bcfa24828d,1008,C0064,20240922,1047.39,44.0
5988,42945c20-12a2-4f4c-a41c-0ea0ed2774c4,1036,C0914,20240708,1015.07,44.0
5989,8914e9b6-28aa-47b3-a907-4358ac4c2aba,1016,C0637,20240910,1609.77,42.0
5990,9ab29a3d-e050-4619-98e3-6835d7b2db5d,1020,C0051,20240626,1450.78,35.0
5991,43119ddd-a04d-4697-ae25-c3eb19a9fdab,1028,C0445,20240808,1526.68,38.0
5992,76c2a43c-0752-45e4-841b-ee0901a3b1ce,1026,C0130,20240817,472.8,50.0
5993,372c615a-2655-4dd7-b26d-fe4a3096679c,1017,C0456,20240830,1592.82,42.0
5994,3e1d8f68-78c9-4c26-b034-a54afc188916,1006,C0436,20240620,606.51,45.0
5995,f5886aa1-4ab3-421b-b74e-843b1f1167a5,1026,C0121,20240610,1588.01,49.0
5996,45e38117-f80b-4e8a-b715-4f1f37d3a055,1030,C0157,20241014,471.84,13.0
5997,29d43264-d21f-420e-a35f-2a15ecee3b6c,1022,C0705,20241125,1153.07,35.0
5998,70b88d5e-b185-4f9f-8428-394dc12b7e7b,1010,C0766,20240613,1763.85,45.0
5999,c4d4ea3e-3379-4aaf-bcae-c12d174a8816,1028,C0991,20241030,278.51,9.0
6000,2d63f346-d874-4001-8e6c-5f3103731987,1030,C0539,20240601,1576.85,21.0
6001,5b7132f7-d556-42c3-bce2-9cbf54ee2a33,1023,C0390,20240825,1015.07,24.0
6002,a7ea94d8-4e40-490e-b51f-64b89b67949c,1040,C0390,20241115,1646.79,8.0
6003,d3672724-4848-4f9a-9e81-e87c03b8deb5,1041,C0773,20240901,1545.04,19.0
6004,f359567b-798c-4987-ad89-3503aa663de4,1038,C0055,20240907,1571.19,45.0
6005,e86a77e2-64eb-4522-bf8b-20a9b27778f2,1048,C0047,20240604,1142.38,22.0
6006,4b55f7c8-b2ed-4e26-911a-491c456544b5,1004,C0453,20240625,1673.76,43.0
6007,1bcf7409-6128-457b-9e48-25572b97f267,1041,C0519,20240623,1319.41,45.0
6008,488a420c-5244-40c6-8349-e4e71de30824,1011,C0380,20241118,1051.63,48.0
6009,f29a4e36-d9cb-4940-8473-fef3aef28a0a,1022,C0610,20240813,1717.24,25.0
6010,f816fcb7-b1c7-4943-aa02-168fdc0c0553,1035,C0402,20241114,644.02,31.0
6011,800df3b4-d977-42a5-9ef8-518571f5e614,1040,C0194,20240623,353.02,24.0
6012,e627db43-60be-48ad-bd26-7cd4456703ab,1013,C0884,20241108,410.7,47.0
6013,03f20288-5fb6-4a7b-9d84-c83ae9f299c2,1032,C0596,20241020,1601.95,44.0
6014,d087c541-b007-42d7-a618-2b5fcd628c01,1017,C0287,20240703,1231.4,22.0
6015,c37bc196-bcb0-49e2-8f45-8ce5d444fb4c,1008,C0871,20240806,58156.88,21.0
6016,6ed35324-2f85-487c-934b-017528dfc4bf,1020,C0863,20240815,1064.59,12.0
6017,d2730bb6-5610-4c07-934d-aae30c00687d,1041,C0752,20241122,1764.23,22.0
6018,a77281b8-c0db-4589-8f3b-95ad488dd4ad,1041,C0170,20240929,1028.61,50.0
6019,a4143c8a-8611-4997-8bbf-3405dab4b5bb,1027,C0726,20241104,223.6,10.0
6020,ea6ec8e7-3274-402c-ad5d-ee57b6d0080a,1033,C0498,20240827,1990.33,33.0
6021,43ada594-bc63-46f0-9330-fca88143f6ba,1016,C0326,20240822,1597.82,18.0
6022,85be339b-ec7e-4897-a523-805abc92de44,1016,C0426,20240815,1398.3,42.0
6023,c00c5d24-bc6c-4438-8f70-3cfbef93a9f5,1046,C0274,20240621,1106.65,46.0
6024,91c34289-fe93-4221-a94e-c7706cf0b1df,1004,C0780,20240918,1062.36,9.0
6025,2a5f3bd1-dc45-44a8-b331-c4b1cd60bfc0,1010,C0927,20241017,946.84,25.0
6026,977eaf45-9245-4f77-827f-2adda6aa33fa,1024,C0630,20241019,520.53,33.0
6027,db108d50-b556-41b9-9932-b3ebbefe2eb7,1008,C0265,20240601,721.68,2.0
6028,b1725e7d-5366-42b1-8416-d732c20c27ab,1012,C0506,20241020,1550.97,11.0
6029,b152d4c5-d336-416f-bc2a-eb6cbe123263,1002,C0942,20240727,1320.59,50.0
6030,f30b4d26-9d43-495a-8093-4aaf09653742,1008,C0122,20240608,1543.08,15.0
6031,e100ad6c-49e4-40b5-8182-8305d2c8a373,1033,C0971,20240905,1015.07,24.0
6032,73637151-e223-488e-a8d3-a573ec44ce67,1032,C0348,20240603,1015.07,31.0
6033,5f34a61c-6d61-4ac9-ba08-16aa88cc3f0c,1009,C0346,20240805,1217.35,8.0
6034,44bff65d-462e-400f-b0c2-9b82b3e6e867,1007,C0145,20240607,754.68,2.0
6035,43260188-fff5-48c7-84dd-5fe60cf9004f,1002,C0918,20241111,1729.21,9.0
6036,3f99ecd7-3c54-450b-9e0d-7314c009e714,1046,C0365,20240716,742.98,11.0
6037,63e4d145-ea2c-4560-9dda-ba6e718c5a86,1028,C0734,20240709,1077.73,49.0
6038,eaa312db-9619-4dc6-ab0d-0d16d7921586,1029,C0592,20241025,1642.01,35.0
6039,9b664946-9cf7-4ba2-b100-f7b752dfd85e,1026,C0639,20240908,1015.07,50.0
6040,69b48072-8146-4d17-a95a-79be2a527858,1033,C0677,20241106,986.16,13.0
6041,d8456b67-5f80-45f4-9d18-335491205e68,1027,C0269,20241125,1463.14,16.0
6042,9c71a3f9-4053-4342-b576-adc29d7cd48a,1032,C0219,20240610,1515.42,50.0
6043,42f05aa0-94a6-4bda-92d0-0edce832cedd,1034,C0351,20240618,1578.7,1.0
6044,3a4fca7e-86dc-4c9f-9dd8-002640a71b6a,1002,C0967,20240630,1943.51,48.0
6045,1a8d6031-2c63-4dd4-a959-5e321e0eedf3,1021,C0620,20241109,938.37,48.0
6046,110291e9-501c-4fd5-bcc1-5ba26582f443,1022,C0719,20240820,1416.95,11.0
6047,35839148-917d-4f5d-a07a-201ad9e4a17f,1039,C0914,20240712,703.94,21.0
6048,f8c51ae2-9ac4-4f7d-9d9a-a977925af65f,1040,C0564,20240816,915.47,7.0
6049,56e315b8-b050-469e-b0c2-ab7083949e6a,1046,C0058,20241102,119.45,38.0
6050,9191e922-30c2-4537-8eb5-435c53a68d57,1047,C0671,20240809,1553.96,43.0
6051,d17de057-0931-4a0a-96cb-9e7e27336994,1041,C0519,20241103,414.23,28.0
6052,12b7521a-065f-4714-8e84-c60333e7e035,1035,C0156,20240911,325.31,27.0
6053,490bf0c3-a0fe-494e-a354-670afbd582d2,1043,C0048,20240603,439.76,49.0
6054,2505a072-86b0-4100-96ba-a39897b0af0d,1035,C0735,20241127,1959.99,30.0
6055,f7acd5f6-d1cc-44e3-8c18-2b817029d829,1000,C0444,20240711,1070.79,40.0
6056,b03fa8fc-6c1f-4320-849e-ac37afe9aef4,1011,C0217,20241108,365.9,31.0
6057,44318d0e-0e2d-4427-a36b-cb1a05284bbd,1030,C0260,20240821,132.69,34.0
6058,f93a1693-34a9-412a-b270-2a3690ffa5fb,1049,C0808,20240921,873.16,46.0
6059,d1e170d6-2ae2-4686-8d45-712f744c96e8,1013,C0138,20241022,766.34,30.0
6060,404b62a6-137d-4954-82e3-a50f1e5e85b8,1031,C0389,20240820,863.84,35.0
6061,97b813bc-9b1e-4c1c-8889-1eed09feeffc,1028,C0226,20240618,796.37,7.0
6062,c0c6eec1-9fb6-40c1-8d01-651f9d5b00ae,1017,C0407,20240617,1912.14,12.0
6063,bda542cf-3665-45d6-8d47-f6d491e2b51f,1044,C0051,20240905,1098.08,22.0
6064,d3b98322-f8a2-438d-9484-9ff5c1d82bae,1040,C0129,20240622,760.47,13.0
6065,55f09e7a-ef95-44ec-948a-6e48ea349eb5,1042,C0981,20241012,214.45,29.0
6066,7106582b-0353-4c68-bd98-fb4ee4a5dd48,1045,C0579,20240806,1832.12,44.0
6067,5d391cf6-ca63-4422-a396-38b67f4f5f0b,1036,C0944,20240628,1863.67,17.0
6068,baa59e17-55ed-4cff-880d-19bcd58ac86d,1007,C0944,20240707,1015.07,46.0
6069,f58a8baa-092e-44dd-a287-7444caee60da,1006,C0548,20240710,1037.78,31.0
6070,8e313d55-a044-4ad9-aab4-e8f2849bc7ba,1024,C0978,20240821,879.53,41.0
6071,b8dfbf24-a950-4ce3-b5c2-59248a468d77,1042,C0521,20240831,1036.66,18.0
6072,b77f87dc-0a13-4ccb-812c-0a016da2673c,1008,C0463,20240718,1322.09,22.0
6073,e2f5fc74-10e8-4bdb-9e35-2b5a513d9929,1006,C0647,20241026,202.28,50.0
6074,2b4ca3f6-c775-4363-8d7b-d971f2d369c0,1007,C0540,20240904,955.26,35.0
6075,fd18de90-1215-46f0-a7c8-a022c12a14c6,1018,C0672,20240827,1036.21,19.0
6076,5d0b794d-b653-49f7-b871-eb7de8d3e20b,1033,C0600,20241103,150.86,31.0
6077,32e586c2-1e78-4098-9045-254f72aba651,1021,C0546,20240908,66.04,5.0
6078,00158c87-2c6c-415c-87e0-65e1bbf36e88,1035,C0318,20241105,577.6,16.0
6079,df1f11f6-61a9-447b-879f-20c37943955c,1025,C0457,20240917,1015.07,2.0
6080,a1a0eaf0-8ee7-4f84-aa54-56de28458fab,1023,C0705,20240927,744.75,27.0
6081,80cb0c35-325a-466b-a2c1-bfd6eafa899d,1004,C0126,20240807,1465.13,23.0
6082,df00ce87-c94a-4c3e-a5a5-a8879a2c3f54,1039,C0289,20240908,223.67,30.0
6083,5d7e2f4f-40e2-4281-a9c6-9bcc52a2d573,1021,C0214,20240915,1030.54,38.0
6084,e6914dba-5c5d-4b54-b3e0-e137e81aac2c,1025,C0745,20240906,1470.99,33.0
6085,572bfbb8-4f60-4d8f-9054-0a2bbf5b7b09,1024,C0223,20241004,1436.76,7.0
6086,269ff491-ecd9-433f-b39a-38ea5637ac8b,1036,C0752,20241012,1431.42,20.0
6087,964954c7-2daf-42b1-8486-556e00bc993a,1032,C0852,20241015,565.83,9.0
6088,00f4074a-967f-4a68-8d29-6a2e435a57c9,1022,C0265,20241105,757.09,38.0
6089,09914281-b4b0-4c04-ba11-70ad7be0c9ad,1032,C0861,20241008,89.84,45.0
6090,68bcd008-df6d-4063-be0a-6ccb0c35e61c,1021,C0436,20240619,1622.54,3.0
6091,8a034642-4d1c-4ed8-b2f3-e975b2850e34,1042,C0011,20240918,1015.07,37.0
6092,5d6f417e-2a3b-472a-85b2-a2ac98d2e83d,1003,C0068,20241026,610.29,4.0
6093,c83d1a23-201a-4d58-bb53-183de0a3530c,1035,C0265,20240707,585.38,29.0
6094,cb751994-e813-4113-b2d0-e80e37493505,1030,C0869,20240712,1300.71,9.0
6095,22f98959-303b-47d9-8a61-4e8071e5f136,1000,C0343,20241028,1012.89,26.0
6096,ebc4d362-43ae-44d9-bac9-5f02615e7d36,1038,C0393,20240918,1206.97,35.0
6097,d582cc19-ef36-4f65-999b-5c8dc55ad7a5,1031,C0799,20241118,1889.4,26.0
6098,0516258b-93c7-41f3-be38-488d575d81e3,1048,C0914,20241025,1048.09,12.0
6099,e440c6ce-2c3e-46d6-9d31-804046d97109,1007,C0426,20240722,1510.44,2.0
6100,e58e853f-b00e-469a-b388-e76692d23bed,1041,C0127,20241114,1905.01,29.0
6101,b72dbcfd-29c9-44e6-95e6-3186a5157982,1026,C0144,20240620,631.46,16.0
6102,aad5c7df-3f39-4bc2-a5a4-18a0976d1479,1010,C0062,20240907,1844.78,2.0
6103,ff30077b-018f-424c-b01f-659b9abcc64b,1006,C0368,20240805,1599.28,14.0
6104,23543a68-b1e0-480b-a623-f09ef100370e,1046,C0412,20241101,722.76,36.0
6105,4c5442b8-b36c-4cff-a1c9-93eeaf90b252,1026,C0838,20241015,744.6,6.0
6106,4fa355f9-60e9-4772-bb69-81857780782a,1045,C0329,20240726,1887.76,33.0
6107,9bf5cd05-04dc-46d7-b443-9138cb16baec,1005,C0792,20240614,1015.07,39.0
6108,e674b371-1d36-4526-92cc-1acb1e744e01,1038,C0163,20241030,913.53,14.0
6109,d26d918e-6237-4197-8861-e2d1ef4b7871,1015,C0790,20240724,1740.86,29.0
6110,54802eb8-d8c3-4dcb-b968-0f4d231e985f,1023,C0204,20241112,1218.46,6.0
6111,2b9cab77-89d1-40cf-bde9-4a579bdda844,1039,C0278,20240803,1225.86,28.0
6112,fa66a559-2dc5-40e2-ad8c-c1416baf9700,1011,C0024,20240818,1992.49,19.0
6113,d1d73f43-473d-43d1-8962-0751fedd4ac7,1015,C0209,20240702,1896.88,41.0
6114,20d1da52-ef59-4db7-be3f-a7658cc4736c,1040,C0966,20241101,954.77,10.0
6115,9ed29a98-0391-47e4-b5b2-a8afc774598f,1005,C0855,20241015,1367.63,20.0
6116,c3c8cba2-ef77-4b30-a520-50e09fe3a0b2,1014,C0623,20240608,1007.94,42.0
6117,ac715f21-bd83-4d3d-827e-09e330e23926,1036,C0048,20240611,117.7,3.0
6118,7fa417cd-cf20-41af-83bb-a7ca9d4b65ed,1025,C0536,20240622,730.9,44.0
6119,bae5683b-5773-43c9-89d8-f915270ff383,1002,C0082,20240829,946.87,2.0
6120,2209a8d2-45d1-4033-b107-05451aca0c8c,1040,C0937,20241105,319.7,34.0
6121,cb0398c4-0c83-40a6-b8e9-cc2631cef17a,1025,C0136,20240620,1015.07,25.0
6122,bffd3760-0831-4788-b61e-585d1972f1f3,1022,C0106,20240923,591.69,30.0
6123,9df88d48-2384-4422-9aab-d8019d157d1a,1019,C0665,20240912,1374.68,43.0
6124,5c83df45-2c6b-4357-94ad-44e400d0fb4e,1015,C0717,20241110,889.58,12.0
6125,61994679-13a6-418e-a123-2e0665c59e94,1025,C0626,20240723,689.32,8.0
6126,9a99ef1e-9edd-4aaa-9a74-2710a269dffa,1031,C0288,20240916,1859.26,38.0
6127,e2d905ee-2d29-43f9-b979-ade28fc877df,1007,C0985,20240628,1921.15,49.0
6128,2e4f85b8-9ea4-4a00-9bf5-a5b303e12936,1043,C0973,20241123,1929.19,5.0
6129,b66cbd6e-9150-4a68-994c-ba66e4f435f1,1004,C0830,20240803,1668.05,28.0
6130,8ddf1615-d372-4cb4-81fa-761160aa0f0c,1048,C0757,20240627,156.28,1.0
6131,8c5b50e2-45e4-4dd1-8969-231a120703e9,1027,C0905,20241004,892.14,24.0
6132,ca71277a-2d46-475b-8ff2-c1a8a918d6ee,1005,C0273,20240903,189.41,37.0
6133,d474f502-55ec-44cf-ad9d-913fb5d7b808,1013,C0544,20241028,1078.94,4.0
6134,1e03ff58-b3e3-4b47-9fb2-f9549ece5a3d,1003,C0528,20240808,888.29,34.0
6135,e6cab7ee-df01-4543-ae05-cbd204ae9744,1020,C0638,20240613,1995.99,18.0
6136,ab672499-2f83-4bf7-8812-8f98ab40a0b2,1021,C0948,20240729,1519.62,50.0
6137,e22c8a34-1b42-4a41-9dfe-a4bb618ece72,1046,C0710,20241112,662.48,35.0
6138,59bf0de8-e9f5-4989-a47b-d75ad4ce3655,1039,C0907,20241011,171.54,25.0
6139,bef62e31-47cd-4fa8-b189-1a19a1f24d15,1027,C0297,20240829,1015.07,15.0
6140,d3ad88c5-c8ae-4dbd-8687-80865232ff04,1040,C0934,20240717,817.91,4.0
6141,93caa2db-88f5-4d2f-9ada-3c0150f20740,1038,C0965,20240712,91.58,30.0
6142,5b9125a9-849e-4f28-a795-ffbf839a2a21,1033,C0870,20240831,1796.22,34.0
6143,290ba098-37a6-4a37-9d5f-b248c74b3afc,1043,C0785,20241107,1214.57,11.0
6144,cfcbe930-89a7-4177-9145-2979efe905a6,1023,C0217,20240717,1510.3,17.0
6145,673860ca-96bf-4ea8-9623-b5ba2a2c8323,1041,C0515,20241014,1299.74,16.0
6146,9b64bb21-27d9-4652-a83c-d0284c7c2e39,1014,C0224,20241017,1167.54,23.0
6147,301a4a89-2b02-422b-bbc7-0a4285fd4bce,1037,C0996,20241019,1417.93,12.0
6148,d3b05630-e56e-4516-b4b6-0be32815418b,1027,C0290,20240918,536.67,13.0
6149,108b300e-f050-4d70-80d6-b279d30f9762,1005,C0517,20241013,1631.78,14.0
6150,105e61f9-cf7a-4245-aedc-3faaa93a01c4,1036,C0856,20241110,310.54,25.0
6151,c58642be-19c1-4618-87bf-cf639872331b,1008,C0910,20241029,418.92,12.0
6152,4af44237-19f1-466c-a139-3694651815fa,1048,C0507,20240704,293.23,49.0
6153,f2495139-1daf-43f9-ae39-c4b8e096e874,1042,C0655,20240701,548.91,50.0
6154,8df455e2-85f2-4cbd-b33e-295116d452bd,1005,C0722,20240926,768.64,41.0
6155,c5297cd1-be81-4362-867f-c3e52e0bf74b,1022,C0034,20241124,1015.07,31.0
6156,812f6096-fe06-49d0-be86-d93f19fa6aee,1039,C0446,20241007,366.19,14.0
6157,7b1fa662-d366-4250-bd78-638cdba71827,1047,C0842,20241026,1883.91,42.0
6158,c8df5878-1f3a-40e9-be09-3490f8013e89,1005,C0522,20241023,834.1,48.0
6159,b11aba5c-9354-4848-9da0-78e940e3b31f,1011,C0700,20241012,496.51,16.0
6160,e0f2a085-daa7-4208-b0ef-59af0bc9e41e,1030,C0893,20240708,229.51,45.0
6161,f50b7702-d750-48dc-8103-4e3ff93c283c,1017,C0716,20240628,236.56,25.0
6162,6881a32b-87db-4795-80b0-714f850d05bb,1031,C0808,20240724,287.49,36.0
6163,3b68545d-52a0-4744-a153-b5c4ccfb790a,1026,C0180,20240619,1925.86,44.0
6164,a1d85cb1-ec69-4175-aabb-faa595ca7e00,1034,C0182,20241126,510.77,17.0
6165,86496f19-6b02-482d-8e3d-5afd4e2683c6,1013,C0490,20240727,1001.52,34.0
6166,e059b8b3-913d-49ca-b58f-af29f1b3db62,1031,C0672,20241011,253.6,11.0
6167,769a26ec-b1d3-43f7-a8dc-afb01d50099e,1029,C0381,20241005,729.59,1.0
6168,7683ac14-e2d8-4d8a-92e1-6b8b29c73bd2,1007,C0568,20241123,1890.35,31.0
6169,16458e44-dd85-45d2-b8e1-16e0d020fd47,1037,C0729,20240814,1523.69,17.0
6170,1356d3af-4c2c-488d-8be9-7a0f214a3077,1016,C0412,20240828,1615.54,42.0
6171,7a0664de-da4b-4919-98c7-5ffe6bb2009c,1036,C0464,20241122,422.89,15.0
6172,2decc4cf-048a-490f-a456-129ba2698303,1029,C0891,20241002,1155.16,32.0
6173,ac7a098e-163b-49cb-87aa-004f14a09f98,1011,C0081,20240818,560.11,10.0
6174,977c636b-2863-4317-9ca4-ff22b18c33a7,1046,C0514,20241103,389.22,23.0
6175,911aa159-5fcf-44d0-8f7e-f1714803cb98,1014,C0235,20240608,906.85,34.0
6176,43a3c923-f5f8-4a8b-864f-0d9e86d98d1c,1033,C1000,20240618,727.58,27.0
6177,df37ea74-5935-442b-99d5-468fdb3b8fb1,1031,C0300,20240701,1398.08,9.0
6178,d098fb88-6afe-4188-863c-5bcddd01881c,1031,C0138,20241112,1709.99,14.0
6179,a82f3de5-a3b0-4f20-9ee2-b2243e6ae95a,1022,C0071,20240917,325.47,41.0
6180,1ee94bc5-3a3a-4ecd-9bd1-48fc3271212f,1006,C0252,20241109,1015.07,50.0
6181,c3817b64-06f2-45b3-8aea-aa22371a8d77,1005,C0234,20241112,995.49,35.0
6182,71017eed-9567-4fc2-9c58-f34b90d6afda,1019,C0376,20241106,951.82,18.0
6183,88ce358a-8e0e-42f1-a762-06fa802c0a95,1011,C0003,20240924,863.95,3.0
6184,db949d51-32e0-40b0-bc95-79ebb408252c,1018,C0780,20241002,1324.58,50.0
6185,5c12e585-ef78-4dfd-a068-12ab1511fdb9,1032,C0206,20241108,1971.98,24.0
6186,db51ef1b-d7d7-41bb-9303-9d79ef68d723,1011,C0598,20240810,1015.07,37.0
6187,b9c7db6b-d87e-40eb-bb99-e6e8731daf13,1003,C0131,20240911,1245.26,39.0
6188,22b64213-4958-4726-ae0c-dea8126c56f1,1042,C0613,20240926,877.52,36.0
6189,fae9ec08-50ef-4d75-8945-579a26631a91,1046,C0516,20240608,1592.81,46.0
6190,a2aea8dd-85df-4e51-abcd-cfcc1328b9cb,1024,C0690,20240625,685.27,48.0
6191,56df2dd3-ea97-4fd4-82e2-cd538bea676a,1002,C0989,20240622,1120.64,12.0
6192,deb787fd-fdb5-49a0-807c-3a13c87e45c7,1000,C0654,20241121,1833.11,27.0
6193,4887cc81-5105-4696-9f68-15b1b4599a06,1014,C0375,20240803,721.75,30.0
6194,643be45c-96ab-4fec-bbeb-eb025b554bbb,1024,C0341,20240812,261.54,25.0
6195,677274d3-6bfb-4376-b271-c4e7a13b3378,1011,C0009,20240727,1259.25,42.0
6196,f92f359a-0f53-4a97-af9d-829f7c8c70ac,1013,C0391,20240627,1579.61,3.0
6197,57ceff6c-d1d8-4b63-a163-03c42c47bcbf,1049,C0292,20240622,151.7,25.0
6198,f317582a-296c-4209-a8a6-34597033867d,1037,C0498,20240919,536.28,10.0
6199,0bc2fcbf-3cf6-4c7e-a2bc-7050daf7d5d3,1037,C0230,20241022,1698.64,27.0
6200,4ccf911e-d62a-412f-91fa-ed347f282034,1036,C0813,20240627,1611.87,3.0
6201,27079e38-7576-451f-8637-00f55f67748a,1004,C0084,20240602,312.67,49.0
6202,ad78c932-1e31-4c1c-94f7-c753fe2f0970,1037,C0225,20240705,573.11,15.0
6203,2bd7cc29-3f98-4143-873d-236a238ac7c7,1048,C0385,20241008,1274.45,42.0
6204,4c03d340-3183-490f-bbec-aebf30b47bd6,1042,C0244,20240715,490.59,18.0
6205,490390be-56d6-4220-8d83-37a1eee8fb9d,1023,C0782,20240827,1791.75,32.0
6206,ed37b4eb-9fa7-41af-b545-643f24b83f5a,1029,C0842,20240913,773.2,46.0
6207,6a951d8d-4647-4b32-a80e-eb7255b540df,1032,C0461,20240829,1550.13,19.0
6208,7a1e30a1-cf20-468c-abb9-5c4ed92a27de,1001,C0201,20240713,1392.8,15.0
6209,8ed37b9c-a4e9-48b0-ae02-1768cbe46e0c,1030,C0823,20240727,1671.55,6.0
6210,003f489f-8cb5-46df-bb71-865189898bcf,1037,C0490,20240708,692.68,25.0
6211,7001b687-ab05-4d10-b010-858df2cee1e7,1030,C0667,20240619,1489.44,6.0
6212,2a8e8bc1-c2f2-439e-924d-5d82780123bb,1039,C0963,20241012,666.27,9.0
6213,fc41a03c-dec2-4ca5-bb9e-47299dbb5010,1020,C0378,20241111,666.52,31.0
6214,e96923ee-edb2-47ae-aebf-466f0d305c4b,1029,C0133,20240927,1015.07,39.0
6215,df35fc3d-b74e-4c4b-8694-bd1dc4695bfe,1014,C0365,20241017,110.38,11.0
6216,35ecdd96-cd92-4124-a1b0-62f4828b1571,1030,C0447,20240905,1687.2,45.0
6217,d02dcd84-ed6a-4c4a-a641-71d55e5f28ed,1049,C0139,20240804,618.97,7.0
6218,f50528ca-7579-412f-b22a-9b142e51264d,1049,C0698,20241022,69.63,17.0
6219,3cbee9be-1838-4056-b50d-e38e6d1d0cef,1016,C0881,20241128,451.04,4.0
6220,ecfc3e51-5d3a-4266-b1dd-7d40150ef8b9,1031,C0881,20240801,1642.77,21.0
6221,11c38b06-3e4b-4f56-b0b9-19858cbb4359,1034,C0780,20241120,658.09,38.0
6222,92b857cc-a01a-4c38-9883-1adaa5c11a16,1021,C0965,20240905,1596.68,47.0
6223,cb762350-bcfb-4647-b7f0-97a413076f2b,1047,C0259,20240728,583.96,19.0
6224,4330301f-8b02-491c-9db9-e066a322b819,1003,C0797,20240630,360.64,5.0
6225,e17ff217-a349-474b-8b2d-6c75178e30ab,1011,C0228,20240906,1226.58,7.0
6226,b82ded14-b3e4-4949-99a7-35bec949bb2c,1042,C0232,20240827,1326.25,12.0
6227,726bf889-f8c5-4502-be66-7fcdc1028ad6,1023,C0939,20241123,1619.73,29.0
6228,5803f7e3-c1dc-4aa0-87a1-58848b8cb3c0,1048,C0857,20241001,1015.07,14.0
6229,bdcb9731-fe19-475f-abd4-95680fbc4e83,1033,C0543,20240701,242.78,38.0
6230,f437c4c6-3f78-45d5-a7cc-f169716b2c61,1016,C0188,20241021,1824.92,40.0
6231,8012ed0a-b72a-4b5c-84d3-1908fac10b1a,1042,C0854,20241031,577.18,48.0
6232,55d5ad2b-2554-4a8d-8a26-eb5bf1664407,1042,C0973,20241026,313.22,10.0
6233,f0c8ed3e-7930-4b33-a422-21b764bf0d44,1005,C0254,20241120,418.39,23.0
6234,d1030f9a-0b67-49a1-b5d7-16b97329427c,1045,C0453,20240619,1598.91,14.0
6235,8e1c6b1a-ca14-473a-9b3c-cfb00e72a84c,1034,C0004,20240616,1902.59,6.0
6236,79f4029f-4164-47b2-8dc3-32ab7a1550b5,1049,C0392,20240819,1614.83,50.0
6237,fffc3328-7fc8-4107-b1a0-d415cc4f1a61,1007,C0416,20240614,839.4,27.0
6238,d2538b56-9f6a-413d-a6ec-8382f6fed119,1028,C0340,20241116,1964.21,31.0
6239,b7c944f9-c530-4be9-8a0d-504d72a90020,1006,C0198,20240828,1015.07,19.0
6240,4ec77179-22db-4080-9edd-dd6d06c109b5,1016,C0969,20240603,412.27,17.0
6241,2e7ebb28-9d60-421c-b090-c78e69f0762d,1026,C0302,20240609,86.76,24.0
6242,0d01c673-c93d-469c-b591-9a4a9e2c0e3c,1047,C0512,20241105,1635.27,20.0
6243,377df844-f278-48bb-a2ee-5498df1e48d0,1030,C0716,20241126,1766.35,5.0
6244,83b16c6c-c0e0-4b59-abbe-ee207e89cf57,1029,C0312,20240821,1239.08,29.0
6245,65c249f8-a84f-499f-a810-e7e08906483e,1024,C0453,20240817,957.75,1.0
6246,51473d5a-5ad4-48d4-976d-fb497157f533,1003,C0122,20240729,574.19,30.0
6247,39b6d9f0-9dd8-40a8-b291-8dc413bbae3c,1014,C0235,20240612,648.62,25.0
6248,3923504b-ffe9-45cc-9609-ef216034294f,1038,C0570,20240829,133.86,27.0
6249,ac92159f-cd3d-4b40-867d-887d2aea66cb,1027,C0657,20240924,1771.49,40.0
6250,f8533154-26b8-47a3-98cb-0caefd445be7,1031,C0295,20240826,266.94,43.0
6251,b41c7cc1-e791-48cc-8fce-04d77ccd48c7,1030,C0640,20240704,1646.56,38.0
6252,b66af8e5-e8ce-4735-8fe8-5cebb13928ed,1012,C0162,20241014,840.69,22.0
6253,6c5bbeeb-2540-427d-8af7-ace3fd35fec9,1047,C0611,20241010,1215.64,48.0
6254,b6bddf08-3f23-43f9-897c-420272a8b13e,1031,C0150,20240916,861.05,8.0
6255,d59f78ac-4fef-4832-b842-21a70b1fbe31,1011,C0502,20240626,225.76,31.0
6256,a6d3afe9-0035-4025-9bd0-e1f210737821,1021,C0855,20240910,131.89,16.0
6257,bfa1bcea-323c-4bb9-a35e-8371057b22e2,1044,C0502,20240801,1792.36,17.0
6258,08efa8fb-111f-4d8b-b5db-463222c5516d,1026,C0235,20240625,592.45,37.0
6259,09d64c3e-3318-4a78-b288-42ac8f5f1877,1029,C0339,20240903,853.54,30.0
6260,502b42aa-cecf-4438-ad04-e31d574c4b34,1027,C0563,20240916,906.82,19.0
6261,4ad745be-608f-4cbc-85ab-f05eb380c123,1037,C0304,20240825,264.86,43.0
6262,02895a82-42c1-404f-9c80-871130df47d0,1032,C0082,20240726,754.42,6.0
6263,9337e5f8-af5c-48c4-a6c1-4c063fcea089,1030,C0835,20241107,910.55,45.0
6264,24e824f6-e82b-441d-aca3-dd37926efed6,1004,C0244,20240619,1015.07,50.0
6265,7260f968-ae1d-426b-a14a-9052ee06404c,1022,C0201,20241105,1344.15,40.0
6266,862943be-98a5-47cd-a66e-692c20e3599b,1034,C0842,20240801,1015.07,34.0
6267,844cb73b-5672-4c8d-bf8e-c2c5c48c5278,1008,C0600,20240616,1067.14,31.0
6268,98ec2871-d937-4463-8191-eebc483b135f,1006,C0509,20240907,1061.86,38.0
6269,13dc6ee7-76a2-44d1-af09-746feb6c210e,1047,C0804,20240821,1250.2,22.0
6270,e8dc4599-dac7-4c67-a94e-aa36df5baaed,1005,C0699,20241019,1039.78,1.0
6271,8cef0fb3-9aab-4888-8852-cd56a6ae4e4a,1003,C0672,20240630,554.58,5.0
6272,99a899ff-1def-4523-aafb-ef595226e4e5,1009,C0551,20241018,145.55,28.0
6273,bd9069c8-68d1-4d87-a871-317b71080764,1007,C0306,20240728,1459.14,45.0
6274,93fb314e-176b-440e-ac24-49a30f3df118,1028,C0215,20240726,23179.0,19.0
6275,b6bf3298-f917-480f-9e45-55aa233b6f68,1016,C0066,20240930,301.48,39.0
6276,9edc11c0-ad96-49dc-9699-829d9592c362,1010,C0827,20240709,1052.35,8.0
6277,c34cb7fa-fe41-4bb5-8d05-136338035670,1030,C0990,20241111,1886.54,43.0
6278,7604b608-4d5a-45af-aae5-44f6fbcd807c,1010,C0876,20241016,103.93,6.0
6279,31194691-4723-4a31-9b2d-b11da1932642,1023,C0338,20240803,926.4,32.0
6280,445ece3d-fa94-425a-82ea-59ecb1df4f08,1000,C0130,20240822,1570.51,5.0
6281,9a1d6536-65b3-4370-97bf-e00904e94495,1021,C0941,20240716,1601.05,6.0
6282,4da49941-4e3d-411b-a98f-5b7d10a9ce5b,1031,C0953,20241108,1242.8,40.0
6283,5a169c3d-fb4f-4760-88a9-ca4a000eb70a,1030,C0531,20240730,1258.77,11.0
6284,0a5a719a-0e29-4d05-a61a-8968176a08e0,1046,C0633,20241125,758.94,23.0
6285,9d202837-b0a7-4db9-8b6b-5a1347afd694,1022,C0854,20241106,1716.29,5.0
6286,92e0cf37-7673-42a7-8902-96ad24e8b450,1047,C0647,20240717,1742.92,1.0
6287,244f6aed-c6b7-4c9c-a027-291fabefd788,1039,C0218,20241114,947.0,12.0
6288,5538daee-4d53-4d29-a853-8a07d508a41d,1020,C0707,20241121,1204.76,8.0
6289,a8acb44e-fd8a-42f3-be8f-69a12959dfe1,1022,C0517,20240714,162.72,3.0
6290,0510f84c-bf47-46b1-bf9b-81cf4775423e,1028,C0350,20240819,1538.69,14.0
6291,80b8d64f-fac1-4744-b08f-96da07260ba5,1046,C0584,20240614,1015.07,41.0
6292,e7e1edc9-4725-4e74-afb7-a6d047aac35b,1038,C0741,20240813,1812.3,43.0
6293,6176bc55-50a7-4c54-9b5b-c3354aad1b92,1021,C0235,20240616,1998.0,10.0
6294,818f8631-1d57-42c8-bc1f-d508442e0f54,1033,C0853,20240811,921.1,29.0
6295,37320482-2d99-4562-9f65-679a81ebe8f7,1017,C0222,20241022,55.99,13.0
6296,eba2b31a-afe3-402d-9b98-1608ba20385c,1023,C0408,20240622,349.77,8.0
6297,0941afeb-969a-4c3a-88f7-6902125feed6,1037,C0982,20241103,833.14,14.0
6298,494af7f2-9e38-4a96-92dc-ff341126284e,1043,C0115,20241127,1087.64,11.0
6299,3eedfa82-c95a-4688-84bc-5edaa3c31891,1044,C0747,20240721,745.93,11.0
6300,9a85da80-b3c5-41c2-9046-a43bff4eb564,1038,C0569,20240710,27898.57,37.0
6301,957b1832-33a9-48a1-b55c-1275ee432bc6,1025,C0592,20240727,1090.52,8.0
6302,2d975b1b-b9f1-4941-b037-841aae6592ae,1028,C0965,20240709,1278.57,19.0
6303,a6d24721-ceb3-4820-b330-5b5157f5a8bf,1034,C0503,20240608,979.74,35.0
6304,3033a4de-edd4-4dcf-8e43-56610eac6565,1007,C0727,20240613,196.52,22.0
6305,c0852915-fae7-43ac-8d7f-4d92365c4a5b,1033,C0248,20240823,568.29,2.0
6306,47a41e1c-545c-40db-afcb-0ab9cf06956d,1001,C0205,20240818,1015.07,5.0
6307,1c7e7bb5-fe65-4cf6-9dd7-bc051897caff,1016,C0918,20240627,1015.07,26.0
6308,e641b412-0306-49c2-99ea-de13ab249e00,1034,C0118,20240802,1427.76,28.0
6309,2ed074fd-b73c-46a5-8d72-3ddafb1c3684,1008,C0826,20240715,409.64,27.0
6310,5ba08011-c843-4c2b-922b-2907bb023a98,1040,C0014,20241126,1015.07,42.0
6311,a4d352c3-8ec0-4653-a329-ca1a32285423,1008,C0152,20241030,77.15,25.0
6312,2853d0ce-ddbd-4f8a-81e7-5991515b9067,1039,C0709,20240704,768.82,1.0
6313,685bb9ae-bb40-48d6-93b9-b28b6e9d2b01,1047,C0781,20240630,1056.9,19.0
6314,3845ef9e-229a-4a0a-a3cf-d0df25839e86,1005,C0999,20240708,1499.71,8.0
6315,5fb2e63a-578e-40ae-87a2-6b2acca6faa4,1013,C0846,20240626,1245.86,42.0
6316,1c19bb51-fb21-409f-8dc3-dfde7352a510,1033,C0714,20240816,1813.51,20.0
6317,d9ada09d-4ba3-4421-9f4d-2edc5f424d73,1032,C0132,20240613,1234.74,40.0
6318,1135e7b0-54ed-4e75-ab8a-858c69244645,1017,C0176,20240609,518.44,50.0
6319,dcf5e97e-0a46-4432-ba07-33c17520caf8,1010,C0581,20240627,182.66,46.0
6320,851357a7-693d-4590-af94-e14898e37e02,1044,C0271,20240818,1015.07,35.0
6321,6b2ed301-71b6-4624-9613-93a52d74f832,1037,C0519,20241025,1221.73,27.0
6322,1ca6b426-7cd2-469f-a437-8a2ab56574fc,1011,C0484,20240921,1220.79,25.0
6323,c71857c5-2731-4394-a786-9704afd68d08,1016,C0327,20240802,271.93,42.0
6324,9c403326-bb0f-4878-a0ac-73ed8f2fe8fd,1029,C0443,20241020,655.1,17.0
6325,5ac5ed7f-fdc1-4190-b489-da954d48a8af,1045,C0471,20240608,418.9,36.0
6326,5b934fae-4e1c-4be3-aaef-4781f3c2c267,1041,C0904,20241021,798.63,17.0
6327,1f94f188-4018-4747-9920-3b9bdede5af5,1041,C0676,20240805,1071.62,8.0
6328,0f6092ec-5681-46bb-804d-6367251d570b,1002,C0508,20241001,839.85,34.0
6329,15f560b9-4729-4b17-9161-5162338f8896,1001,C0028,20241014,1346.68,38.0
6330,cbba48f5-6503-41b6-b8ac-419631497bf0,1045,C0318,20240708,1384.28,35.0
6331,929a689c-c414-46b3-9d4c-ffd6f5523f29,1042,C0399,20241026,1580.44,22.0
6332,1cf04045-0723-4793-8d69-76e3f46e0d2f,1025,C0963,20241004,1015.07,43.0
6333,8c33249b-a846-4bb3-9c7d-c515c21f1b41,1011,C0109,20241001,1716.12,37.0
6334,3278f171-8f43-4aae-9766-bceee4dee1fd,1006,C0038,20240904,424.35,34.0
6335,95c5f14e-667d-4528-8f3c-9299e2096103,1010,C0546,20240711,860.1,20.0
6336,bcd60052-4ab5-46cc-b841-88415ad70667,1024,C0643,20240918,1467.62,50.0
6337,6749404a-00b5-4bc5-ba0c-b9bbdb9ed2b4,1023,C0535,20240705,794.76,13.0
6338,8dc8d9cc-29ac-41cc-b0d6-77a470b6bea5,1007,C0413,20240906,1331.21,39.0
6339,24d666e2-97f8-4d03-bcc6-799c23fc3ef0,1026,C0424,20241012,175.25,12.0
6340,21623115-4bc3-4092-be3d-3038ee15bc4b,1037,C0880,20241011,1015.07,9.0
6341,6605b4c2-eac3-40bc-b3f5-81a31d088eb4,1041,C0673,20240826,1660.49,33.0
6342,90ece0f2-8ed3-41ec-b932-693220f33d20,1008,C0328,20240925,909.09,3.0
6343,d6162c0a-1868-46d1-9bf9-afbf162a99a9,1000,C0397,20240911,271.4,7.0
6344,f5a945f1-f0f3-471d-a2a8-ce6af7decbfd,1020,C0784,20240910,761.79,8.0
6345,49f7f90a-fc08-457b-9ce7-f463c21ea7f8,1039,C0706,20240706,148.86,30.0
6346,b22439a2-3216-4f5b-97b6-166f4d0cca1e,1043,C0130,20240906,153.85,31.0
6347,51b551ed-b8f4-4207-8b1f-281662388092,1007,C0207,20241030,1157.54,13.0
6348,193d9e3f-ae4f-41da-8802-b9d24fb2bd13,1024,C0095,20240928,674.05,22.0
6349,ca54cc9b-8328-43ab-a2fa-1ba8775bb11e,1032,C0461,20240817,1210.06,38.0
6350,cfe338f5-9a0a-4dea-aca6-0abe132267d7,1017,C0892,20240724,81.41,1.0
6351,2e496051-246a-4d46-ac97-2f35f1ded3cc,1044,C0705,20240615,1979.79,12.0
6352,04d2a5b7-4d94-4eca-b56d-f277371a3870,1027,C0286,20241017,332.49,24.0
6353,e1f82347-599a-4f1b-989f-ea71fd011229,1032,C0530,20240815,50.34,8.0
6354,64334875-3633-4b80-9e42-7ea542b595e3,1036,C0004,20240918,718.11,22.0
6355,2c205916-b0d7-423b-bf9b-eb9fda6a21ef,1017,C0371,20240701,1905.94,17.0
6356,b3316312-0833-4f63-b2c6-537dc8b341fc,1024,C0589,20240823,309.82,21.0
6357,05b89685-7782-467d-939c-a5759dd963e0,1043,C0396,20240926,1421.64,50.0
6358,8a039565-f869-4e09-9197-19e6a141028c,1042,C0965,20241025,875.44,44.0
6359,a9d3f00b-22f9-4eae-89a1-1e0ecc800b25,1032,C0692,20241115,1015.07,14.0
6360,3db92073-5863-48ad-813c-0dfd6970f1aa,1049,C0440,20240921,800.68,13.0
6361,640558f7-f7f0-4c98-9185-9918fc22c8d9,1030,C0913,20241014,1015.07,22.0
6362,fc2f8ab7-00cd-4754-aaed-4d0d748e9ed9,1034,C0905,20241104,1579.16,22.0
6363,f8204a51-50e6-4058-a785-d9bc18ffd6c5,1023,C0526,20240902,784.01,47.0
6364,50e193cb-932d-43bb-a3c4-503c74b4c044,1007,C0940,20240812,653.54,8.0
6365,b94c6ecf-a1b2-41fa-ba2a-f7ccde59c98b,1033,C0435,20240605,76454.1,39.0
6366,acda04c4-ee69-449b-a0b5-407718c1fdb0,1041,C0023,20240723,1888.59,26.0
6367,4ed14c49-4074-472e-aae5-b32aaebecfef,1004,C0925,20241101,437.15,9.0
6368,ee53599a-dc74-44db-a1c6-09ca189ed176,1008,C0521,20240624,306.64,8.0
6369,5f4e6936-6250-44d8-adcc-4e15bfc3337f,1016,C0321,20240629,88.96,46.0
6370,2c0bc5df-0347-47fa-8c73-b3fba64c5916,1029,C0628,20240722,1100.38,39.0
6371,3b070965-bfd1-4783-85b9-d70ebf9ba596,1000,C0559,20240824,1015.07,23.0
6372,adbb5197-25c2-4cd9-bdcf-db1ef75c7e59,1002,C0669,20240710,571.28,19.0
6373,6a44829e-27cb-4deb-81a7-d4ff0577bdd8,1002,C0388,20241031,1897.75,23.0
6374,170d6f52-1547-49a2-80ae-29d3651ae34f,1009,C0904,20240621,182.0,10.0
6375,5a69c357-42fe-444a-8de5-ff1b6a888ea3,1019,C0656,20241126,173.09,2.0
6376,36e40d31-285d-4a2a-8d5b-3f614bacdaf0,1014,C0643,20241122,1246.78,12.0
6377,754afb47-3015-40dd-a2b9-9e1308a00a90,1020,C0472,20240816,549.79,23.0
6378,db0ca213-9022-4cf3-bc66-92cf2eac3777,1004,C0388,20240921,1283.52,16.0
6379,a2cbd267-2123-4788-bebe-fbb1e7e9f3f1,1003,C0962,20241031,1401.36,48.0
6380,60689988-34ec-4f91-9e0f-a5357c621a79,1035,C0511,20241007,48019.45,4.0
6381,d3831622-6345-49c3-8e85-1696a655c88c,1046,C0241,20241113,569.03,16.0
6382,ce94b5f9-4821-48c0-9137-a47581bf1bf3,1037,C0810,20241104,1515.16,3.0
6383,82ffb8e5-ee42-4413-a2a7-a4dde0dea56e,1045,C0142,20240926,654.91,7.0
6384,6147ece2-d54d-4b0f-ba81-714ad07c2933,1030,C0711,20240701,1210.08,7.0
6385,d2ee0413-3ee8-4726-9704-d3bf5ea85650,1030,C0680,20241124,1098.59,8.0
6386,25598ca1-36ab-4102-a068-024b455ed1e9,1023,C0393,20240829,54255.61,23.0
6387,883609df-c5d7-4920-96dc-d6c3e44ac7b1,1004,C0293,20240720,1942.31,14.0
6388,327e5b17-6d17-4ed0-be8a-a5f85099e4ca,1047,C0313,20241109,140.62,30.0
6389,3eeca6a6-7b32-457a-b649-89ffb100952f,1036,C0663,20240708,523.78,33.0
6390,7ae632d2-5044-4aeb-9e73-a782f5bacecb,1045,C0838,20240827,1464.28,31.0
6391,75823ab0-cad6-4b1d-920c-82e2a99fba2f,1005,C0609,20240823,1140.76,26.0
6392,ca3eea64-dfd2-4073-9210-564f52ae8c99,1011,C0493,20240818,123.57,46.0
6393,42bd7e66-4b4f-4e1f-b27e-22c476befa80,1000,C0819,20241013,1714.16,11.0
6394,1d980b2b-1725-4679-a96e-ce49eedb189b,1031,C0197,20240908,1671.65,15.0
6395,cb1074c0-86f9-4a0c-b898-04da4f2615f6,1010,C0888,20240602,645.87,38.0
6396,e7746932-131d-4a74-997a-c73878796c17,1030,C0013,20240605,1199.95,33.0
6397,d2e6311d-010f-49dc-81c5-4cf8c03722ef,1047,C0193,20240831,1698.4,39.0
6398,31bb6339-2e7e-4dcc-9111-d0e16e5c1cde,1020,C0885,20241125,624.39,18.0
6399,657b7047-0f99-4c6b-a5f6-88773210b062,1034,C0231,20240911,1141.42,37.0
6400,a692d751-92e4-4b76-b9bd-561d84f7dbdb,1007,C0874,20241015,1184.5,42.0
6401,9c4e1d5f-10e0-44e7-9c5d-c4f0b3abddd8,1029,C0493,20240908,1311.25,25.0
6402,51072cf5-2619-43fd-b3c7-b4b1d580d0ba,1037,C0373,20241125,1360.55,18.0
6403,716acc67-0e6a-483f-83b7-cd5ca4d6b207,1011,C0270,20240701,934.22,26.0
6404,27d6783b-5aee-4cfa-9a6f-8a3affd61dfc,1016,C0362,20240724,308.29,35.0
6405,1494b636-eb05-4465-95b2-e2e2fbf9c414,1010,C0837,20241123,1731.03,25.0
6406,5469a0ff-8fff-4a51-8a5f-47b014b7533c,1037,C0783,20240619,1882.57,18.0
6407,392a6b60-c613-46a3-80e2-5bc4865fb7db,1035,C0826,20240817,1734.52,22.0
6408,521e75ba-5899-4a9a-b0de-77685cfa85af,1043,C0900,20240826,1788.54,23.0
6409,3d4a11f1-6be5-448d-93b8-b0dea3f9257d,1004,C0489,20241030,576.55,13.0
6410,13e5624c-f1f7-47d7-819d-6b429c2cde33,1008,C0270,20240723,1856.79,2.0
6411,e64368f2-db99-44f3-b04e-97bb27841acf,1038,C0448,20241124,1055.35,41.0
6412,e5b3b662-24fc-4d4f-aed5-edaf649d0a14,1026,C0909,20240706,1439.15,37.0
6413,0b0b4af3-4e81-457f-b668-7eeefd25a99f,1020,C0130,20241127,1533.47,10.0
6414,76c317f5-39ca-49b0-8eb6-85d66aea5f8a,1044,C0858,20240707,1183.97,26.0
6415,395500e3-39bd-4b26-800f-5b86ac1ff54a,1005,C0645,20240719,950.84,33.0
6416,eb752243-3df9-4318-9de1-8724d883b621,1049,C0806,20240602,893.29,50.0
6417,dcb63ccf-ba12-4adc-a2d9-198cd154b47d,1034,C0753,20241108,143.24,50.0
6418,d88fbee4-4cc4-429e-b35a-ad44a9660e31,1019,C0278,20240809,959.74,42.0
6419,22f45168-be86-428e-b00f-962d49e0aa95,1013,C0019,20240609,1723.36,8.0
6420,5a937222-76f8-4b48-a904-1ceb1ea6cc72,1020,C0468,20241107,1345.71,38.0
6421,c44ffa56-19d5-4f7e-bf38-3d4880c33cfd,1026,C0348,20241025,1008.91,2.0
6422,f45c56b3-a04d-4495-a046-3d3c2a770309,1022,C0517,20240624,1857.78,42.0
6423,9ca0e2c9-8243-493f-8079-0a9e531e8ec7,1025,C0650,20241112,1793.33,31.0
6424,070f8e38-d9e5-4e21-ba3e-312b022b5275,1016,C0372,20240711,152.25,2.0
6425,9a0f4d18-2bab-49ec-9ba3-1dd248ee385f,1022,C0370,20240722,1429.11,28.0
6426,50a30f1d-eadc-474c-b573-7cb286da35a2,1023,C0489,20240715,239.36,25.0
6427,4639fac8-9b59-4b06-b14f-d1a0a9a08dae,1036,C0998,20241012,61.76,24.0
6428,9204f655-f24b-44f5-8f0d-6bd1b0829c3a,1031,C0016,20240803,1245.23,25.0
6429,41b44043-4ac5-4757-9f41-7829e23bfdd9,1033,C0468,20240905,997.14,42.0
6430,e2f1cdaf-870d-4f14-88cb-13c1c94a3258,1016,C0543,20241103,350.68,30.0
6431,b8b8c8ac-2885-42eb-a724-9e9fefc08fd5,1025,C0070,20241014,861.17,9.0
6432,32a4a1c3-c452-4222-8c91-aacd3542a326,1026,C0334,20241006,1403.67,32.0
6433,bc0df93c-6372-4380-816c-db342099bc80,1008,C0804,20240925,391.41,5.0
6434,433977c8-49d5-44ad-a383-1e4dee1fd694,1049,C0188,20240917,1688.32,41.0
6435,99cb2006-f460-4c2a-b98a-ba6c9e3ae97a,1010,C0018,20240708,182.28,45.0
6436,f5f00643-a716-4405-afa9-9adcd41ca832,1023,C0370,20241009,883.98,2.0
6437,b52f152a-ca52-4e9e-b605-4a6c2c8edfaf,1011,C0135,20241016,1806.53,4.0
6438,5797c0f4-48ec-48a4-bbe9-9eebc697f19d,1025,C0649,20241124,1754.71,42.0
6439,5dadc02f-f609-4282-9768-770b50cea572,1015,C0896,20240905,1342.79,2.0
6440,33d95aec-90dc-41a2-939a-80abf0ec14f1,1033,C0530,20240714,1182.62,50.0
6441,fab67962-0788-4f2e-9c2d-68d6eb86d92f,1025,C0795,20240930,1095.71,37.0
6442,0ed89438-a3c5-4c5e-83b0-c664c60cb4cb,1015,C0378,20240923,94.44,15.0
6443,9f24314c-059b-48ee-bb6e-c0ab3dbec835,1001,C0848,20240829,1610.22,46.0
6444,caffb001-43a0-44ea-8b76-ddbf180901bf,1018,C0355,20240712,795.29,18.0
6445,d15da940-681b-4bfc-82d3-4ae0541524de,1019,C0673,20241104,1190.17,6.0
6446,c3350a17-fcc1-4fe0-9c1b-7800253e5276,1044,C0260,20240602,1859.92,25.0
6447,8ad6d7e5-560d-4fd1-a294-caecad2dbf20,1036,C0713,20240912,1159.87,43.0
6448,d0ee44d5-045e-409f-b4cc-534c606025a7,1015,C0427,20241030,1061.66,17.0
6449,db76eb1d-58b2-498a-ae0e-857a11fa39cd,1012,C0312,20240601,186.29,13.0
6450,fcbdf904-079e-4887-9fde-21fc979aff7a,1025,C0148,20240823,869.49,42.0
6451,7494f039-545d-4934-ae4d-3368639c6c14,1028,C0376,20241018,160.47,37.0
6452,8d6b417a-c71f-4fba-a2b7-03b5f2bacaec,1003,C0822,20240604,198.52,30.0
6453,4477343c-4b92-4816-a8e7-b544e451ed64,1002,C0071,20240817,370.4,37.0
6454,2b25adf0-8ec3-4cc4-90a2-4a7212f14d34,1046,C0730,20240901,1565.38,49.0
6455,cb70c6a1-46e9-4831-8b2e-f377c1ef432d,1000,C0955,20240812,941.5,30.0
6456,95849765-701b-434f-828a-c83f63aa1c3c,1032,C0335,20240831,834.61,9.0
6457,64718c3c-5eac-4ee8-a6cf-81d055513a37,1042,C0832,20241023,1291.87,50.0
6458,8c1048ff-9058-4be5-b72d-dbcacab13080,1010,C0591,20241117,359.34,37.0
6459,df7e7b43-1dd9-4dc8-b5fb-13c3e162e696,1016,C0363,20241115,1016.29,49.0
6460,5ed96759-fea5-4f7d-bcf4-2b4548b5fc6d,1010,C0864,20241004,598.45,35.0
6461,7c744ae8-1b0c-43de-bbad-a2294f6b195d,1023,C0131,20240605,1905.39,27.0
6462,17328130-35f6-419d-b102-39021b87190a,1008,C0873,20240725,942.32,15.0
6463,c5cded1b-bf23-49b1-928c-c57adc1aeb99,1003,C0743,20240706,1059.53,12.0
6464,eb269cb9-95cf-4351-b552-f6323c22c5c9,1003,C0892,20241103,1029.07,9.0
6465,77fc0e50-d9eb-4dea-9cd2-e3f4a10b8097,1034,C0241,20240828,1775.18,14.0
6466,fd9d3702-0f9e-4a78-b19d-8c87de91815b,1000,C0273,20240904,750.49,27.0
6467,199dfb11-3673-4b12-b650-1946c0926320,1003,C0401,20240829,351.74,19.0
6468,b6355a24-d033-49ca-89c3-601e338886f7,1027,C0750,20241111,1412.54,27.0
6469,ada2da84-3a0a-4c50-97aa-26509fa7d6c8,1024,C0290,20240728,359.6,13.0
6470,97b59012-55ef-4904-a4da-42f62834ac6f,1031,C0330,20241112,1628.54,26.0
6471,88ba04c8-4740-43b7-9a3b-47e3408d83b9,1030,C0656,20240803,1461.56,43.0
6472,e6d89c26-302e-4956-8f7a-e47c86b240b7,1040,C0266,20241103,1015.07,23.0
6473,4c4a6975-6069-4336-8b80-35a2b98b8630,1036,C0342,20241006,547.28,9.0
6474,cb65c420-7439-4a52-b31f-4cb82968f01e,1043,C0914,20241106,1652.15,15.0
6475,c34728a1-c608-43ed-ae80-ccd73e44a5ea,1022,C0796,20240823,1510.65,18.0
6476,ec75f0b1-608d-4247-87e0-f3b138490563,1033,C0792,20240811,909.49,19.0
6477,6e42e2cf-00ce-40d0-8791-9276d82a36b9,1001,C0619,20240913,278.6,14.0
6478,8786b302-5e72-41d7-9f6e-9ac55645620d,1005,C0071,20240624,1818.02,48.0
6479,18e1e16a-730f-41ef-9d7c-f7bc3b9980b0,1044,C0488,20241122,564.54,46.0
6480,84887363-3e5a-48a5-9710-5bf6d2446a72,1022,C0618,20240801,893.14,42.0
6481,28d05adb-a3b9-4e3b-9480-5f412a2f8b34,1001,C0293,20240712,676.96,20.0
6482,4f6761ec-7383-4e17-be11-f4f9030ac9e5,1031,C0379,20241117,359.95,16.0
6483,58a2da81-75d7-417f-844f-52411012f28a,1024,C0819,20240930,590.37,49.0
6484,18679c30-893b-49db-b7e2-c82c42ebfcba,1015,C0245,20240729,1288.9,37.0
6485,44f7073b-eddf-4a41-b74f-d0d3bc7e5c59,1047,C0139,20240912,823.47,42.0
6486,ea7e06eb-7ea7-464a-b1ab-2077d2bff481,1043,C0034,20241021,1190.37,4.0
6487,32e578cf-c7f5-4b3a-b2d5-a970787e5aee,1026,C0509,20241121,1600.02,29.0
6488,a6b663b8-1fcc-4e8d-844f-d37d0433ad8f,1019,C0680,20241111,1688.39,18.0
6489,31ab3160-c250-4bf5-a791-a2835840a335,1044,C0959,20240816,1181.33,1.0
6490,84b6f5f7-536a-45d2-9c3c-956cc2bf3fd2,1026,C0786,20240913,697.16,15.0
6491,faa54cb4-0fbe-4336-bcac-c268ed7808d8,1036,C0701,20241013,773.53,31.0
6492,92a02a3d-8be4-4fb7-a0bd-9624f39e6f81,1012,C0023,20241014,448.68,18.0
6493,72da6c37-cae5-4403-9a7e-1eab3083828a,1049,C0022,20241109,1630.54,32.0
6494,4b38e831-951b-48b1-8e48-bec21ad008d1,1022,C0859,20240831,300.52,30.0
6495,250adf2d-b703-4afa-8f37-a86ca5a47627,1021,C0485,20240820,992.07,14.0
6496,053710fc-8518-4ead-b997-e59d42866522,1030,C0127,20240604,946.23,42.0
6497,bce5c630-20a1-4853-b53e-bcdc350f2a21,1044,C0203,20240720,1286.91,30.0
6498,0aebe123-924f-4431-afda-bd5f31613dba,1043,C0779,20241022,80.41,13.0
6499,3436649b-6caf-44eb-9e2e-86c84be9b5db,1021,C0148,20240618,428.08,30.0
6500,af6ccf50-1511-4e05-acff-4a2e74a56d70,1008,C0247,20240712,1088.19,35.0
6501,8dbc0b5a-7074-4391-b7ba-1090bd66a05f,1044,C0130,20240626,788.65,42.0
6502,a892ed5a-5288-4ea9-a542-f98c6267c6c5,1035,C0306,20241114,796.75,36.0
6503,60ac13b6-b050-4147-afe5-79b49da5040e,1043,C0295,20240818,822.05,40.0
6504,63c81660-34f9-4d1f-aa2f-e8f45b4bddf2,1002,C0345,20240916,1689.77,26.0
6505,1939bafb-3ebf-41c6-9145-516087e3dec5,1031,C0129,20240717,1937.46,10.0
6506,90abc5ab-b68b-41ed-919a-9b3d8bb8c91c,1040,C0408,20240712,1848.25,47.0
6507,be73f97d-18e3-4532-beb9-74a96c19b305,1039,C0759,20240623,1138.72,42.0
6508,6a20023e-84aa-4bfe-bf6b-29a7b1c89a1f,1021,C0918,20240903,1997.09,24.0
6509,69625d0f-3716-4b70-9f7d-585c22902d5e,1005,C0802,20240711,234.23,30.0
6510,03513fa6-777d-494b-9502-5db4bade3559,1046,C0317,20240806,54598.26,49.0
6511,fb8d5514-e868-41ac-9d73-a6af805c5d78,1039,C0728,20241017,1530.96,5.0
6512,792b9d57-788f-4831-aa2b-24767d715d4f,1003,C0690,20241017,283.05,4.0
6513,7d514510-2818-4b37-9bfa-0c70c8873bbc,1004,C0536,20240916,375.91,27.0
6514,23e23796-11f1-43ee-b2ec-d131ee71b8b7,1041,C0063,20240711,1039.35,24.0
6515,9a0a257e-2889-446f-af97-9657ea21a673,1049,C0841,20240821,61.77,13.0
6516,5230d564-a9bd-443d-b66f-f53f0f135720,1017,C0834,20240812,1220.91,46.0
6517,356fefe8-3b21-4615-81e3-fc577d08b1c6,1041,C0330,20240706,1026.2,19.0
6518,cb3cf9d9-0461-467a-a81b-dd6833b64674,1030,C0301,20240718,797.55,47.0
6519,1f6acdb1-04b9-4ef7-9225-7219007a1d7b,1035,C0819,20240904,1305.13,23.0
6520,27b6cc2b-ff6e-49c3-9399-c527985dfae8,1034,C0978,20240712,1537.69,8.0
6521,6cfefb63-63ad-4bd5-bee9-48d3852b1a46,1016,C0112,20241116,1903.21,14.0
6522,1e7ed340-f8f8-43a1-bd6a-ae43a141b974,1026,C0219,20241031,334.07,12.0
6523,4de68adc-64c2-43eb-9cd8-49f066a93943,1036,C0318,20240617,1265.58,9.0
6524,2e8a0e30-59fa-4ec6-ad28-eda71ec09236,1048,C0499,20241017,1377.88,34.0
6525,6b2f07a1-cb21-4353-ab08-682204ebfd2e,1015,C0515,20240614,412.71,45.0
6526,82c08aa3-8da7-45e2-8f59-a251c1c50f31,1033,C0149,20240814,1524.92,34.0
6527,0d4ad08f-0718-4ba2-b7d7-5538f83696fd,1025,C0907,20240911,1015.07,38.0
6528,0a8abcbb-a046-4a82-9a8e-5319067db384,1009,C0286,20240827,319.23,21.0
6529,53ace1fd-7e1e-4299-a467-1208b0fbf11e,1012,C0555,20241016,1668.01,30.0
6530,a6836ced-3165-427f-b43c-949a1e696024,1047,C0152,20240809,1015.07,27.0
6531,8efcc909-e1d7-4063-a25c-1db8df97892b,1015,C0858,20240606,1090.97,36.0
6532,282f2926-5805-4e35-9623-02b92d6db2be,1027,C0191,20240620,913.4,45.0
6533,584b3dcf-1a75-4b7b-bf81-17e8cbb116bb,1038,C0631,20241104,408.72,28.0
6534,59447141-a647-4bef-a68e-e4b487ea6c4a,1026,C0044,20241110,1332.75,11.0
6535,7b38ea68-4174-4a94-bf59-ce7db8cce4a2,1044,C0395,20240923,1015.07,37.0
6536,2b42c0ff-4c89-4039-b511-b9bdbb39d7bf,1013,C0367,20241017,1156.08,13.0
6537,15477c20-072e-4722-9e1b-61f545907d44,1026,C0692,20240811,1792.81,37.0
6538,b24c0a11-81b7-46ac-97b3-065d3abfa0d2,1030,C0302,20240801,1649.59,32.0
6539,4b27a3d1-55fe-4fe7-a168-7dac1d72d252,1022,C0356,20240918,260.44,26.0
6540,78447b25-894a-4d2b-9466-233d936598fe,1035,C0251,20240831,1548.46,20.0
6541,8c1c1d9e-7ba0-4495-a0c7-97a3041d9a6c,1041,C0378,20240603,1158.77,8.0
6542,bf40986f-c281-4cd4-a430-ae6ee2fa199f,1028,C0721,20241113,530.8,39.0
6543,2da45ba7-1c9b-4a3b-b86c-43dbe16ff5b5,1002,C0179,20241019,1481.17,46.0
6544,bcc0a6c4-9b7a-496c-86f3-9cf1bde9165b,1005,C0077,20241009,713.81,12.0
6545,0c0486b6-7a60-400a-9982-bf458a521b8c,1010,C0856,20240909,683.55,40.0
6546,5ad8c1ef-2595-4fd3-85a3-d4bd01d2abd5,1007,C0856,20241008,1837.09,9.0
6547,7e5eb9c1-7654-4bee-ab2c-725e4095047f,1023,C0411,20241004,1373.19,3.0
6548,0eb79fd5-6af7-495c-b429-02995cd4cbd3,1020,C0485,20240918,1602.22,31.0
6549,fe7f49e3-0e53-4f6c-9567-d2381ec37f1f,1006,C0642,20240614,1802.87,5.0
6550,c701c433-320d-4b64-82dc-2e9c5ba2951c,1010,C0432,20240724,280.37,38.0
6551,d090f22e-baa9-4657-91b6-dd8a6e33a6a2,1020,C0742,20241120,946.78,17.0
6552,05f21047-b456-4f84-8e44-8a7bd5e472a2,1012,C0488,20240630,1015.07,3.0
6553,78314a8a-0ffd-499c-84cf-329e8647646d,1037,C0854,20240805,660.56,35.0
6554,fd32695d-51ff-4f1d-b07a-838c39a75ce8,1007,C0605,20240611,971.78,41.0
6555,a3ce9e68-2a47-4c8d-911f-872a955e6eb2,1003,C0166,20241123,418.68,24.0
6556,118cc023-9a7f-487a-8e9e-3240ca39ce3d,1024,C0341,20241012,221.93,50.0
6557,ca7d6ebd-f4c8-459f-b683-9e070b1f36ac,1018,C0032,20241010,1816.14,49.0
6558,c2e2effd-fb80-478f-b916-38345afbcfe0,1031,C0950,20240902,1095.77,46.0
6559,fede2d94-d582-4740-ba16-501c1c98902b,1038,C0221,20240724,1015.07,39.0
6560,0a62d904-c5a6-4393-ad1a-a63cea5096c9,1037,C0574,20241104,1749.98,17.0
6561,62abbd96-fe69-4908-8150-4627f7a8389b,1026,C0115,20241102,1422.34,27.0
6562,2aa9ee37-ef9b-41a8-aa2c-3cfc71ab9208,1012,C0545,20240627,1964.15,10.0
6563,3e773fdf-f5ee-46ef-8de4-802c33db3e1a,1037,C0998,20240712,1700.63,41.0
6564,c75e41bb-d766-4baf-b880-ae74d186ca40,1039,C0508,20241105,627.82,13.0
6565,af2febe4-776f-42fc-b36f-8435ba9b6ec3,1021,C0406,20240728,804.86,48.0
6566,895579ac-0732-4dc8-8eb0-8d0509b0b93d,1017,C0470,20240608,647.75,17.0
6567,6dd95609-e237-4287-ba23-531f7228ace3,1027,C0378,20240731,1716.86,18.0
6568,e02951bb-d720-4d71-97a5-252eb2f2bf8b,1045,C0332,20240903,1406.43,9.0
6569,e5f18b30-6b28-418f-949a-e59b239da7e8,1026,C0914,20240724,1255.77,17.0
6570,25d55438-253c-4220-922d-86db6acaaa88,1003,C0476,20240627,1862.31,23.0
6571,fc4f96e1-85a8-4196-87b8-19d1c6c7cdf0,1025,C0064,20240602,1278.43,38.0
6572,cf0efa7a-5458-4a6c-ab16-bb3b66d58c60,1008,C0736,20241115,816.89,32.0
6573,c1a44190-c691-4d3d-a708-d1bcc6d8f046,1035,C0599,20241112,395.62,17.0
6574,934d2b7c-f974-4c04-8bb5-ee6e749ad540,1047,C0576,20240824,838.78,37.0
6575,9e60de99-a271-4a20-a4c9-3107c568f7ea,1011,C0398,20240712,413.63,32.0
6576,1697467c-8055-4cf4-a588-38402040881c,1000,C0784,20240807,1899.84,39.0
6577,cc303c83-95ad-4106-bc61-f80c00e30473,1037,C0011,20240929,536.52,47.0
6578,36fb04d3-546c-4cdc-9557-8ce15a5b1229,1039,C0532,20240712,881.96,18.0
6579,ee41afc6-ba36-40e2-9512-3dcca6fbe0ae,1018,C0538,20240621,1608.17,49.0
6580,2a349339-0b38-451f-8326-5a3ebb7436c9,1031,C0054,20240908,115.18,44.0
6581,ef9c1db0-f0ec-4ded-bcfe-4f8470a0de91,1043,C0869,20240706,1087.8,24.0
6582,1bdbce9c-60e1-4588-8f19-40602250a303,1034,C0496,20240726,1014.56,38.0
6583,2d93ff19-6c30-4075-9f82-b6ca8d2008f6,1016,C0036,20241102,1092.36,3.0
6584,f51acd7f-f7d2-470a-8941-908e9a982bab,1008,C0725,20240616,1407.63,30.0
6585,fd0137ac-be01-400e-a675-f07d8518af40,1041,C0319,20240721,1179.97,4.0
6586,b1b83882-4eb0-48f3-8170-62a0ba7914ff,1023,C0178,20240924,676.88,41.0
6587,50d9e043-8a08-4147-bc75-e5deaccbb48c,1018,C0133,20240813,957.07,7.0
6588,9defb804-4e53-425e-9394-7da1648175f2,1027,C0324,20240805,907.92,12.0
6589,0058b608-9cdb-478d-9b33-4e564f69c5d5,1002,C0572,20240802,1525.18,38.0
6590,87703616-c786-483f-b8ab-04a095e18766,1046,C0843,20240725,1903.62,35.0
6591,b6f5c4f6-31bb-400d-8c9c-b009b7aa9b7a,1025,C0717,20241019,1075.71,12.0
6592,d36853a4-4500-40f0-b87d-4a366ae05608,1027,C0943,20240628,218.36,46.0
6593,36678da5-f74f-438c-a17a-cdc0c82a6c45,1024,C0524,20241121,231.55,27.0
6594,e360be45-35b7-4f9d-ac1f-4561d9d3bc4f,1004,C0017,20240911,165.43,16.0
6595,dce1139a-a1a3-4448-bb16-6acdd6a4f679,1032,C0621,20241111,731.71,37.0
6596,b8f84737-eb00-411c-882a-02517383e739,1046,C0581,20241114,1401.22,44.0
6597,09338b83-29e6-4d6a-9495-9c3aabd83335,1007,C0900,20240924,378.07,30.0
6598,c0d9263a-2a21-4e56-92b4-e00e9a802f3f,1023,C0092,20241105,808.18,25.0
6599,9e4624e1-67fb-4443-a6e6-9109bb31f296,1005,C0757,20241022,377.32,15.0
6600,a78fdcef-8e0e-4f92-b10b-43de5d255db8,1010,C0386,20241126,798.69,21.0
6601,29437294-188e-41d5-a214-3e03c4051c66,1022,C0141,20241109,305.61,2.0
6602,23ab84f7-fce0-4362-9e24-3d73b6cb87dd,1015,C0826,20240706,1422.49,32.0
6603,5ac251f5-0098-4c9e-b26a-d6cc9c5e4eef,1041,C0362,20241013,248.51,47.0
6604,3dcf818c-00c0-4791-8ef3-55034a928d87,1003,C0989,20240804,689.1,8.0
6605,d7890503-2719-4e17-a34d-bd61ce3f8269,1002,C0261,20241011,1015.07,37.0
6606,2f10ae89-eede-4357-93a9-81eb8050d4b0,1032,C0038,20240810,461.69,15.0
6607,8796f76a-78e3-4d0c-b6ce-71cc1c9499b3,1027,C0096,20240620,1197.64,3.0
6608,93674073-e022-425b-88a1-78ab7ffcfadd,1032,C0818,20241005,319.83,13.0
6609,85827511-1c59-4cfd-9c59-5c7e7d1fe91a,1008,C0868,20241023,796.59,45.0
6610,c0125be7-bf08-41d1-b71b-a51fe0d7ed7c,1002,C0206,20241128,132.03,18.0
6611,02e9a9fd-1fa7-4686-8ed9-b4d1afff44fa,1040,C0784,20240910,454.69,17.0
6612,ed54fdde-662d-4712-b2f0-4544a6522ebe,1035,C0621,20240802,1018.32,3.0
6613,2d4eb72e-2d0b-48db-9573-b7d87b9426ba,1038,C0947,20241115,693.96,50.0
6614,0a165075-169c-45f1-97aa-f67ee4aaac84,1039,C0578,20241005,1710.46,22.0
6615,166fa0ff-026d-49d9-8d8c-d79a494c8e3c,1021,C0512,20240830,1120.59,25.0
6616,0a0e2a5d-3c54-49c8-857a-fb5de0f785d1,1040,C0994,20241107,263.03,2.0
6617,bd162848-f1f2-4513-8ab2-f2d1089e51bc,1017,C0702,20241010,450.8,25.0
6618,63e6285d-8e38-4c85-9ab7-0306f7191194,1039,C0890,20240826,853.87,36.0
6619,1ec79534-877d-4376-9911-9e3f83762206,1011,C0974,20240826,983.1,5.0
6620,6a13f0c6-ca40-4dea-965e-c8db5cb6b84b,1042,C0324,20240806,1023.07,30.0
6621,0696877f-6456-4c27-be8a-3d552661fbac,1014,C0710,20241120,783.61,29.0
6622,1b68d509-19fa-4b23-afc0-b091842694de,1018,C0889,20240915,143.64,48.0
6623,2adbda95-0b7b-4f55-9dda-d9b57fecb7bb,1046,C0271,20241018,1015.07,14.0
6624,7a16c82b-1ef3-4957-a1cd-cd1a0b8c028a,1039,C0661,20240904,1996.37,31.0
6625,b4e7c987-2de6-4677-a246-d8883b13be17,1015,C0294,20240706,130.39,45.0
6626,c64ff9ad-1866-436a-a897-6fd6e5ca6166,1000,C0135,20240921,1641.22,29.0
6627,00c57d74-0fee-410c-8ef5-6821362e9b64,1034,C0797,20241103,1827.71,28.0
6628,0161806d-e337-47f7-9385-a6baf4c53e5f,1007,C0195,20240810,1109.46,24.0
6629,1357a907-5077-4c1e-9a67-9d75229eea78,1019,C0918,20241106,1683.04,5.0
6630,045975c4-0895-41a9-99a8-1c5d5add867f,1048,C0322,20240902,1410.62,11.0
6631,58cdfc32-a860-458f-ad9e-4480780f21b2,1041,C0927,20241015,1399.81,37.0
6632,9ab1aa39-e5c6-49ef-be93-ac63e4115855,1033,C0227,20241018,297.63,11.0
6633,d7e4ef7c-3bc6-410e-ad55-424ce08b5100,1040,C0329,20241118,1010.26,11.0
6634,70671f44-d233-4ab2-ab4c-ad5b0c31ff17,1000,C0428,20241017,629.05,34.0
6635,93abda4b-2660-4295-bed7-1cad582e1247,1019,C0002,20240814,1659.79,39.0
6636,5cae8220-0a92-4adb-91cf-8d45d55bf30e,1026,C0817,20240610,1015.07,1.0
6637,84c6eedb-1dba-4a24-94f9-1cc53a64491e,1018,C0390,20240827,881.81,46.0
6638,1f0723d8-47a2-43e5-81d0-9d19d9d9d633,1041,C0154,20240609,1821.94,17.0
6639,23e7d547-8f8f-40d4-8fe0-38cdb67d6e59,1030,C0324,20240618,1738.61,2.0
6640,1fe1b79f-0e8d-47c3-ad95-eddf76febb7f,1045,C0778,20240807,1375.63,42.0
6641,78b679bc-be3f-407c-8a6f-4837945c0149,1006,C0426,20240716,1578.84,10.0
6642,2765d8c9-d8b9-4df8-9137-b2bbd43f77a1,1000,C0429,20240918,1192.61,14.0
6643,098f9e15-d508-435c-a121-f7b4618c2474,1008,C0627,20241101,787.51,25.0
6644,70904324-d105-407e-b081-eeda8e34ecb0,1024,C0418,20241124,1728.51,23.0
6645,41a13c99-176f-41e8-b6e6-a4ca012fdd7c,1038,C0675,20240802,1836.48,8.0
6646,0b24d894-f450-40ae-a241-c5e668cad610,1049,C0590,20240818,1015.07,17.0
6647,35bccbcc-1cb8-49e3-94dd-b8c5509f28cc,1029,C0670,20241103,190.12,9.0
6648,6473ba79-9215-4a8d-832a-038e99b87a85,1021,C0910,20240926,1040.21,7.0
6649,e0ce8d47-4c2a-493d-ac0e-f56e4bcd6fc0,1048,C0481,20240610,735.31,35.0
6650,4acd33e6-a933-4f86-b69a-158bfb70d9ea,1024,C0420,20241024,1657.02,11.0
6651,5817afd4-d49b-4405-85d2-84996b992c59,1043,C0279,20240625,199.65,43.0
6652,48c422d9-69de-4a4d-bdca-192ea45bcce2,1026,C0568,20240820,1136.7,36.0
6653,d710cc76-753f-45cb-96a3-cfc02979360c,1017,C0443,20240719,695.37,18.0
6654,834c929c-cb4d-4bd9-b901-d1827a6f11d9,1032,C0326,20241024,275.01,29.0
6655,2bf08f83-b425-4a4e-a6c4-ea8fc8c423ba,1029,C0616,20240802,662.26,48.0
6656,f77d712d-2937-4ef1-9a71-76c19515793d,1027,C0920,20240828,1560.42,25.0
6657,f889e96b-2b46-4687-bfa8-6874b886e7cb,1021,C0941,20240829,28741.27,25.0
6658,a5dfbe22-c4f7-47c6-bb90-fcd7c7307224,1039,C0885,20240619,1277.6,38.0
6659,d449f17a-1845-4fcb-ad09-b0380fd7b169,1041,C0803,20240920,1415.43,24.0
6660,d95beee2-d0cf-45f6-94cc-f9db0307d321,1011,C0601,20240903,804.86,13.0
6661,2cadb3b4-d2cb-4c1e-9605-2d544355a8b2,1040,C0492,20240615,644.39,32.0
6662,bd262f2c-314c-4c32-aeb7-8b9bcd768d82,1001,C0355,20240723,621.98,35.0
6663,1349f832-5626-46bd-a5f0-45d0b5be542d,1013,C0709,20240815,488.95,38.0
6664,e1576643-a1f9-4f2a-bb19-0d9854eedf3a,1041,C0176,20240627,1690.74,31.0
6665,31145b26-0d13-4185-bc3c-f346ff659a5b,1020,C0190,20241014,837.42,21.0
6666,7d2d583c-b364-4b91-aeda-7717ff774dcf,1046,C0683,20240719,162.81,48.0
6667,9303ce0c-253c-4fde-92fc-e7be27f1f855,1038,C0042,20240919,1210.3,11.0
6668,4b290127-e15e-4097-aa2c-8c6d857b0c47,1036,C0289,20241124,1534.22,24.0
6669,bfd4beff-18ef-4c92-a28a-2faa6169a82c,1025,C0251,20240912,72.59,14.0
6670,716b8e00-4c7c-4955-818f-4cb387d8487e,1044,C0036,20241025,1394.09,34.0
6671,fcf3e568-0239-4bc9-90d3-6204f2bf6d62,1026,C0160,20240906,377.05,45.0
6672,c160fbf6-6ee0-4361-aa4a-1d30dcafcbc9,1038,C0626,20240924,642.46,21.0
6673,e86c9dc5-75fa-4d70-9b64-3c6373ffe462,1010,C0143,20240912,649.78,49.0
6674,b620a361-5668-47d5-b91d-515047466b9b,1034,C0097,20240625,1237.63,3.0
6675,920fd5e7-9a2e-4e93-98c5-07dfc61e662d,1027,C0359,20240904,578.56,34.0
6676,8c3785a4-de42-433f-90f1-acd010c514ea,1049,C0446,20241106,1327.96,15.0
6677,3c77a9f2-a246-42b4-91f3-d719682a1cb2,1004,C0248,20241030,854.64,12.0
6678,66522477-edeb-4746-b065-ea243b8320db,1019,C0683,20240627,785.55,23.0
6679,92dda7b4-1d10-4105-bf4d-2b23cc504bdf,1023,C0537,20241123,1924.64,45.0
6680,8246dbf2-77f5-4ede-9d87-8fff0257b460,1049,C0235,20240826,188.64,25.0
6681,adf3540f-1ed4-4267-9e1f-65610afe1bef,1007,C0967,20241007,1015.07,43.0
6682,4d4f233f-9466-4527-aded-4df0db3caa9c,1034,C0855,20240826,1156.74,31.0
6683,ef6c50f9-41e0-41a1-a85e-961fa4cff1e6,1031,C0889,20241029,826.18,2.0
6684,8f02863e-cb36-44c4-b4a6-471e73c9fc7a,1043,C0611,20241107,311.43,21.0
6685,d6cf0933-93ca-4bcc-8168-0126a1b79eb7,1012,C0769,20241003,1666.93,30.0
6686,26cd779c-8700-4abd-988e-88b3eee94495,1005,C0384,20241004,1809.59,26.0
6687,c8b2882f-a3ff-41bf-ac91-912314df4457,1022,C0486,20240927,1052.75,48.0
6688,fd032cb3-ded4-402b-b0f2-e7f87c8c6a55,1047,C0829,20241008,700.62,45.0
6689,ae47dd22-d63b-49b5-be30-ed2891c6eefb,1047,C0385,20240720,1305.49,45.0
6690,00419d03-eac5-42f5-9caf-f92282f54aef,1002,C0128,20240819,1569.65,35.0
6691,b494a991-3d25-4a8e-a1b3-4b763f27d51d,1035,C0920,20241014,1542.84,49.0
6692,92160984-fe7e-48a0-8fd7-08fc775bf8f2,1013,C0991,20241011,540.59,48.0
6693,248ca4da-0e14-433f-9dad-64205499cea0,1009,C0762,20241116,1948.02,29.0
6694,8e0e3d88-d290-488f-84c1-ef5a8584dd02,1006,C0292,20240721,420.47,16.0
6695,d92b5716-1238-4c1b-9a54-009d4f01d1d6,1011,C0940,20240605,747.62,10.0
6696,5f8a0457-c847-457c-971b-a84442c5ecdf,1046,C0793,20240804,104.31,48.0
6697,99b97ae0-385e-4035-b762-b1c667bfb155,1002,C0519,20240621,310.08,48.0
6698,e3d43065-72c4-4876-beff-f63f98176f98,1017,C0565,20240827,1852.6,45.0
6699,fafd2331-0149-4dec-a473-d90401bc2530,1004,C0286,20241109,429.67,25.0
6700,b393bb55-446f-41de-8fd4-f3fbc47cac4c,1046,C0748,20241120,1379.41,36.0
6701,ee4cfb34-03d7-40ee-9df4-55c2bbf3c1d4,1000,C0089,20241115,1031.97,25.0
6702,c0c462be-43e1-43e5-ba7f-b13e94aa23f3,1008,C0372,20240707,1674.35,4.0
6703,dc218959-9b71-4f63-8b36-108ae9771368,1044,C0380,20240812,1535.45,3.0
6704,4e2afaf6-47de-4021-aac4-0085c930a9fe,1034,C0751,20240904,636.91,43.0
6705,60168c85-e54e-4941-bd05-467c82319838,1010,C0781,20240802,1227.42,15.0
6706,1e15a2ed-e512-4a09-bc55-5f1186a53558,1007,C0742,20240701,937.81,14.0
6707,018094bb-b7fd-4f2f-82ef-11062005c056,1033,C0246,20240611,1248.66,11.0
6708,dbdd0cfd-a932-47c0-bd83-e602f53d699e,1009,C0227,20240901,161.99,45.0
6709,f61aa8d4-8c22-4d6a-92f5-a43f4d9338e7,1002,C0190,20240818,1417.17,24.0
6710,487b61ee-079a-4255-ad02-def5bfdf1b9f,1049,C0919,20240827,687.32,44.0
6711,5e1121df-e6f0-4137-aa44-d0dcafa89997,1032,C0280,20241112,1285.32,25.0
6712,e8d511f1-f806-495e-a789-98979a629495,1042,C0301,20241116,1058.15,2.0
6713,7b046e04-9411-4f67-8f48-fa7893f9dcb0,1043,C0651,20241117,1658.45,31.0
6714,16dab9d1-48c4-4ed3-befd-f69eb428a0a5,1030,C0110,20241012,75.53,15.0
6715,125f002c-8968-44de-ac9e-04cc95ba0918,1025,C0515,20240915,1154.55,34.0
6716,ac585347-9b60-4f37-88e5-c35763fd5cf1,1025,C0115,20241120,848.17,25.0
6717,8cfd91a0-c7a3-46c2-b7b7-5be1b620d699,1009,C0802,20240724,181.41,26.0
6718,172a1b63-f0e4-43a8-896a-8b189ad9c5d1,1006,C0266,20241029,1737.18,11.0
6719,81d70e67-4b4a-4f5f-97bb-580cb1708080,1035,C0108,20241111,386.59,7.0
6720,6bb59cd7-0ce0-4ba7-b342-bd5f1d9526e3,1025,C0749,20241010,1451.09,40.0
6721,9e8babc8-9cb6-45a5-9602-c1ce51ea2f9a,1030,C0680,20240703,1887.62,39.0
6722,bfcce8dc-0e80-457f-b996-deef35f9536a,1011,C0627,20240619,48055.78,24.0
6723,cc75e6ef-df19-4e87-bf2a-c04e06a37b4b,1026,C0108,20240915,284.59,17.0
6724,7fce84ad-32be-4bb2-ae15-8841e24f6231,1021,C0353,20240814,1855.33,2.0
6725,f7770c7f-146f-4b99-bfd9-83d401fce387,1002,C0773,20241104,1563.85,1.0
6726,d8864480-78aa-458f-a922-349626b0db8c,1005,C0419,20240913,155.78,8.0
6727,924f3fbd-1705-4aab-bb12-3cb9a00c7d0c,1006,C0581,20240621,1970.42,29.0
6728,01c7e06b-4275-471c-8c4b-ab68491a8440,1016,C0798,20240604,819.26,39.0
6729,aad67ad2-c78e-4ef1-ab31-5d509f26949d,1030,C0759,20241105,1160.04,21.0
6730,b3f619ef-44a9-48e3-8f64-56bb0a7333ee,1022,C0009,20240914,1555.62,6.0
6731,f988fd87-e8a5-4d49-884d-0402aef928ba,1037,C0741,20240810,562.81,10.0
6732,0d6ca165-f7f8-4936-9406-7329ca495b6d,1045,C0594,20241106,1824.22,15.0
6733,bc757373-60d3-4dd3-a23a-721e3e63e4b7,1011,C0554,20240724,694.27,35.0
6734,09488ce1-650e-4713-ba0b-218409508da2,1014,C0026,20240804,906.32,17.0
6735,81ed51ba-7388-4be3-a71b-5b0da45ee36e,1006,C0608,20240614,1092.43,8.0
6736,7f13c62d-b5d8-4faf-b298-e54fe8b6c32f,1037,C0938,20240903,1454.29,19.0
6737,3099057d-ca42-4a51-aefe-3df7459b682c,1034,C0634,20241008,1131.91,16.0
6738,25dbed7a-acec-48fd-af3d-898c6d654ca5,1015,C0287,20240918,881.0,8.0
6739,0b90bdf7-36b4-4ff6-9850-77d66dc455ef,1028,C0102,20241127,631.7,27.0
6740,c8b9416c-f6da-4781-9e71-e3f347ab590d,1008,C0071,20240819,1999.41,23.0
6741,910ee2a0-6fb1-4364-a26d-b0d5690911cc,1001,C0131,20240812,370.92,27.0
6742,a2cc208a-2bbd-4050-82d5-cfe4d4fd383d,1006,C0336,20241025,1244.47,42.0
6743,e1f9fbf7-0e84-4af4-ac1d-b0d852e66f88,1046,C0277,20240715,1015.07,21.0
6744,9a599927-c525-4c7c-a72e-28eeeddf099b,1041,C0486,20240619,1929.7,27.0
6745,bac4e5fd-5cdd-4f02-a7ca-bfb895856668,1049,C0421,20241027,1791.82,16.0
6746,b923ee1b-8287-4d77-9c3f-425b1e9778c4,1031,C0531,20240612,730.27,42.0
6747,e1e63dbc-40ce-4c0c-b3ca-fa47b488c33c,1027,C0738,20240808,1053.54,26.0
6748,cb8dc920-80e2-4ffa-831e-24913185e52f,1021,C0524,20240909,236.02,40.0
6749,1211e396-a71f-4c91-ba81-2e3904a7356f,1031,C0712,20241028,473.41,23.0
6750,fb450213-68ae-4495-bbec-e67083ee004a,1036,C0221,20240629,1616.55,50.0
6751,e8c984c1-6e06-4f5b-b974-f12f81d2fc1a,1040,C0411,20240714,722.61,25.0
6752,ba438edf-15c2-45a1-8dbf-ab14210aefee,1006,C0835,20240916,713.14,45.0
6753,a60f157f-994f-4588-a968-227efc263bc4,1013,C0688,20240714,1015.07,46.0
6754,27666fa0-1643-4651-8aac-162f5360ca57,1009,C0498,20241023,1919.44,40.0
6755,dd8f7e4d-2bec-4a9a-a9be-2d36558d69f2,1049,C0645,20240831,603.85,30.0
6756,c0254229-958b-436a-88f8-55c8dc5135c2,1020,C0576,20241107,915.72,45.0
6757,8ef2f52a-4e06-4c1b-9372-b72bd13803ca,1013,C0828,20241027,928.01,23.0
6758,d3bcaf83-fb26-4d20-afe9-694cc5984224,1024,C0103,20241118,1924.96,47.0
6759,2dc40515-c12c-4026-999b-2f276cb5ec27,1016,C0302,20240612,1410.59,31.0
6760,a369c752-4d01-47ae-8b8e-a585292d5bda,1005,C0011,20241016,845.28,16.0
6761,da18dd60-f3c6-45bd-be66-21e79a3ebae2,1029,C0639,20240830,1505.21,17.0
6762,98b85814-2830-4823-bc14-162e247607a9,1048,C0682,20240920,1301.86,12.0
6763,8c14040a-1b07-492e-9171-16c25c6ab1a8,1017,C0078,20240706,1015.07,47.0
6764,e3807716-92d3-4aba-8412-323dfb5a57a3,1004,C0393,20241122,543.0,16.0
6765,5758a4b1-3d07-467a-974c-556ab7b5093b,1024,C0351,20240904,1299.95,34.0
6766,783429ee-cf7e-4ef5-98f8-6395a7618c3f,1038,C0966,20240617,1015.07,4.0
6767,f1de1056-c4e3-42e2-9a0f-010e141f52c1,1024,C0437,20240821,153.28,25.0
6768,e2ffa35d-0274-400a-a26f-065575855a99,1000,C0888,20240612,1995.25,31.0
6769,a8ea246a-9152-49a7-990f-6c90e3a171df,1040,C0017,20240919,772.0,5.0
6770,716a334b-cb34-4239-8a2a-ad42948f350a,1036,C0076,20240618,865.95,8.0
6771,fac56078-d6d3-4728-b7b8-e52d9e27b094,1024,C0246,20240731,1716.43,10.0
6772,c5461852-86a7-44fd-bfe0-4a1b5d569036,1013,C0040,20241101,1862.78,2.0
6773,7275b06c-e8dd-45e9-bdcd-86a20a865bf8,1009,C0417,20240915,1586.37,42.0
6774,2b192945-34bf-4ee2-a2ed-18d46a04be98,1002,C0344,20240707,954.08,9.0
6775,c35f4771-255f-4ab5-8fe5-38358794785a,1027,C0724,20241114,95.31,18.0
6776,fe0f3f56-1fbb-4914-8834-2cbdf32f768f,1026,C0555,20240811,834.22,48.0
6777,e63c0d44-48b5-46b3-a9a8-d9a5f4ea980e,1038,C0842,20241118,1902.83,9.0
6778,9c2d3d3f-93f4-40f7-885b-ee392c4737e6,1009,C0728,20240905,582.44,11.0
6779,75ea8aa4-a849-4dec-a1d7-58afcca9b401,1004,C0965,20240919,167.99,13.0
6780,ef0aadc9-4b28-40a6-90a2-8adc87e47489,1010,C0211,20241117,459.53,5.0
6781,308ec6d1-fd78-4bdf-9fa6-eff31d92d0ec,1048,C0433,20240918,1236.49,12.0
6782,276e894c-57af-4dd6-ab88-6219ec6e7100,1018,C0757,20240724,147.8,44.0
6783,9ab87edf-4478-4914-820f-12d46be001a1,1041,C0534,20241104,787.94,4.0
6784,9888d48b-06ca-47c6-bbe7-b7c7243313d5,1027,C0090,20241114,1872.2,20.0
6785,3a5845a6-102d-4331-8203-5e89b874cfd8,1041,C0970,20240705,1400.15,16.0
6786,f44d0ab0-3a96-402b-997a-8cc32eb25ceb,1030,C0116,20240829,946.3,12.0
6787,106a16bf-6f25-4ed2-b5d6-7eb74fc7fde9,1011,C0199,20240730,748.62,16.0
6788,b9416ef7-dd48-42f4-9493-178bebcdacc1,1001,C0907,20241114,608.57,15.0
6789,e41d08e5-348d-431f-81d4-3682b53546e0,1028,C0549,20240901,1015.07,29.0
6790,afc6b721-badb-4636-a582-7b51598c5f37,1000,C0970,20240828,1160.64,12.0
6791,79d0f668-3598-418c-a2a2-2f77c17b0f9d,1029,C0178,20240825,618.46,37.0
6792,fe6a71d2-75d5-43b8-a806-1cffdd13dc94,1005,C0480,20240715,620.25,6.0
6793,ef5683fd-b82d-4dde-b548-04e77e8a3e76,1027,C0840,20240622,171.8,20.0
6794,493295d3-0f19-4998-9cbd-82e12cb2efdb,1015,C0531,20241030,1698.83,12.0
6795,d52318b6-bd78-4d44-ac79-b9caad4d1c83,1018,C0682,20240818,55.29,44.0
6796,e757a3d4-1019-4ae6-a8ca-c259964966c4,1008,C0602,20240731,72.01,43.0
6797,fd68694a-df5e-431d-a19c-8c203072b16c,1011,C0728,20241029,1776.51,23.0
6798,ee640d50-9d1f-4865-be92-d74703bc9b13,1040,C0508,20240728,788.44,13.0
6799,e4d348db-947b-4bd5-9864-ea29b44a50bd,1042,C0798,20240611,973.28,9.0
6800,5da7a6de-903c-4d4f-82f4-8b7e478e8288,1023,C0722,20241028,274.4,46.0
6801,a01a059e-d538-458e-9b66-2d35323ce09a,1044,C0877,20240804,326.23,33.0
6802,dbad1a76-e671-4abe-b214-33a47d952a14,1009,C0597,20240612,719.52,23.0
6803,c8b13fce-26ad-4269-ba7f-782644902340,1044,C0026,20240814,781.59,6.0
6804,86bacff0-e16e-456c-bc59-a96414de9320,1029,C0183,20240630,1760.89,30.0
6805,2ffdd4eb-f0d0-4504-a100-6f5964ba430e,1040,C0651,20240626,1130.55,2.0
6806,6b4facfd-466a-4362-bae1-14c2eb5f3f18,1016,C0117,20240614,1107.99,8.0
6807,65724ac8-9d5f-4674-9cac-148d021b2ef2,1006,C0473,20240922,1390.33,10.0
6808,e6f854bb-c893-4ca3-ae8a-16ac2c833735,1040,C0196,20240904,1509.86,25.0
6809,3fdbdc1a-3e85-4fb7-b1ee-59e880c3a836,1001,C0552,20241123,1395.63,5.0
6810,affd683c-f3d8-48ed-9793-e23a7caa906f,1027,C0742,20240626,541.7,4.0
6811,7a8e0547-8feb-4afc-8b87-260a8f2cde19,1027,C0735,20241112,302.9,3.0
6812,2bd81455-42c8-462c-9d7d-ad296183a257,1007,C0568,20240816,1957.29,32.0
6813,e31783fc-bbd6-4278-8adf-e71484dec5c7,1027,C0699,20240910,1584.72,42.0
6814,0ee68cb5-67a8-4196-8a16-87eb44492a75,1006,C0728,20240809,455.28,40.0
6815,fe218c3b-8e37-479c-a4ed-17f62f941d27,1047,C0274,20240829,547.4,49.0
6816,e26b59b1-ae71-41eb-b655-4113fa60a4e4,1009,C0686,20240709,725.11,14.0
6817,3942d892-90e7-4777-9a68-5a6b463cda8a,1039,C0313,20240821,1781.21,22.0
6818,74ecaae7-7185-4bbc-b650-3ca8ced8c853,1038,C0247,20240913,1941.17,17.0
6819,0a283431-7c89-4221-a686-5714ce50f0a0,1016,C0784,20241115,709.78,46.0
6820,a9b8f15a-3860-439c-9359-90da07b8df5f,1016,C0786,20240826,1015.07,27.0
6821,3b4d42c5-b8dd-47f9-82fa-8790a12e5d16,1015,C0966,20240927,1123.0,33.0
6822,b716edff-ac14-4150-a40a-0ed4539b424f,1032,C0903,20241029,137.02,31.0
6823,90ab5469-b13e-4fca-9ed4-159772a648c2,1036,C0592,20240727,794.46,48.0
6824,6bc34dfa-ef63-474f-9651-af676cdfb300,1038,C0529,20240925,1264.85,20.0
6825,a4f0e186-f5ea-4bd4-91b9-11ed90aa7960,1041,C0268,20240921,20319.92,17.0
6826,4561f8d7-f124-4afd-b21e-dcd13b66fe62,1024,C0924,20241105,1894.16,42.0
6827,b6ba7c42-46a4-4692-bb43-02473440e889,1031,C0204,20240714,233.17,11.0
6828,bf3651a0-92a1-437f-b39d-de574065bb8b,1033,C0339,20240914,1969.8,15.0
6829,6aff6e43-912d-4b27-910c-f5d94fbba299,1026,C0104,20241125,644.11,2.0
6830,15743758-89f0-44f0-8688-a69b390c55d9,1013,C0751,20240810,1311.21,23.0
6831,3d0d1f18-d5a7-4758-8899-2cae48f6db25,1008,C0364,20240618,1086.55,42.0
6832,2e19bbd7-dfc4-4b43-a118-dd7af7190e35,1007,C0564,20240816,1353.5,44.0
6833,25f51794-d86a-4931-b48c-d2c20664b7db,1010,C0864,20240911,1580.27,19.0
6834,58150657-30ff-4ec5-a0cf-87b39bbf137e,1011,C0821,20240926,483.56,13.0
6835,3498987e-623b-43fb-bdc3-c553fac954e5,1023,C0648,20240801,407.83,50.0
6836,f81d33df-eeb4-4c4b-b8f3-c0939acbbfa7,1005,C0094,20240920,130.69,25.0
6837,7e72b2fd-64a2-4913-b90e-52464edbd8f8,1044,C0906,20240930,503.23,32.0
6838,a49e9a16-fa3f-4002-8d09-af15c3bf9639,1000,C0462,20240701,175.76,27.0
6839,cd04f85c-fc82-42a6-aeec-6263260d3f7c,1010,C0460,20241026,321.6,31.0
6840,9eab07d7-5673-47db-9bec-88fc6a931828,1042,C0495,20240826,1742.24,25.0
6841,dbd4d42e-c5c2-48d0-b7c8-e9993ec93e7b,1032,C0562,20240802,138.29,47.0
6842,73d2664a-1cea-4f94-b792-b2203cd23a75,1018,C0946,20240817,804.95,7.0
6843,04dc8814-5fe6-4d9b-8fdb-71d82a4954cc,1016,C0496,20240915,46066.78,36.0
6844,c87334a2-900f-439f-b602-0ed4ccb39945,1026,C0676,20241120,1867.45,21.0
6845,7219d682-cb21-40bf-a093-475f7715b271,1034,C0898,20241107,1278.62,13.0
6846,ce98a298-abdc-4415-83f4-63e39629ec39,1046,C0384,20241125,560.75,25.0
6847,68f84b26-1a06-4042-9d08-1ce16c87a41d,1001,C0228,20240610,1426.97,39.0
6848,12146316-d841-48cc-a062-eaad264c2ec1,1000,C0321,20240624,785.93,44.0
6849,e8225d2d-a5b5-48d0-981c-315e040f2bd1,1007,C0332,20240708,669.2,27.0
6850,1d4f072f-2983-4d8d-8907-6741b152da54,1016,C0981,20241106,1867.81,7.0
6851,0d5cd330-543a-473f-a39d-cefa59086dc1,1048,C0759,20241027,201.71,19.0
6852,fe40841b-0a4b-4bf6-bdd2-7f981826329c,1023,C0989,20240816,797.76,33.0
6853,a159a1e1-abe8-4f3c-86e4-78c809948981,1027,C0108,20240704,829.42,35.0
6854,dda81eb0-f42b-4e1b-99e2-a45856fef071,1043,C0441,20241015,1015.07,8.0
6855,9295b62a-8cfe-4ff8-8353-89e0f188e5c4,1027,C0191,20240805,68.86,1.0
6856,f4cd11cc-4b9e-4490-9962-64f8816878a4,1043,C0828,20241027,731.31,15.0
6857,25c5f248-c54f-4c3e-9113-d1c9e4ec732e,1024,C0331,20240913,969.9,27.0
6858,8b263b2b-e896-4a73-8dd5-3f7bc6d385c8,1017,C0046,20241119,1439.16,17.0
6859,175e16ea-308b-4bd7-9bb6-4cd00ac1c03b,1018,C0779,20240719,392.13,50.0
6860,4ed174f9-e384-49f4-bc87-8188111272e7,1008,C0063,20240805,368.39,50.0
6861,7cc4d329-1bb6-47ba-aaa2-3e5f1bdc595b,1042,C0313,20241103,99.03,25.0
6862,6532cd68-06df-4417-975f-9148ceac08f9,1019,C0919,20240704,1801.81,21.0
6863,b3b1bcb0-f6c3-4533-80b8-a7be65ac03c6,1009,C0667,20240820,1895.86,1.0
6864,0d373f10-91d6-4a64-ab45-643407006b1e,1023,C0300,20240717,1606.24,49.0
6865,b733f2b7-3319-4fea-a7cf-7d8c88a0d7e7,1042,C0098,20241117,1171.87,17.0
6866,d4dc0b45-af4a-4dc6-87ac-ece4abf240f5,1043,C0558,20241007,1017.45,34.0
6867,19a483fd-7b36-47aa-8ec2-5b2ed50553b0,1042,C0650,20240922,742.52,23.0
6868,28045d91-5048-4e5d-bd92-bd4402e974e2,1047,C0732,20241030,595.89,15.0
6869,541e2ba9-516b-43db-9ba2-cd87520c6fe9,1007,C0589,20241023,776.2,27.0
6870,37cce866-0116-49c6-a959-f563c114a47f,1024,C0199,20240718,1899.6,47.0
6871,26a469a5-3fba-4b36-ab05-08ff5f2c38d9,1034,C0215,20240727,1231.43,30.0
6872,1c5684a1-5594-4bf7-abec-cbdd16716f2f,1020,C0884,20240820,147.03,1.0
6873,2f3948b8-94c7-4ddc-be78-eefc1517ebc5,1032,C0872,20240926,753.68,11.0
6874,6ae85778-5eea-4325-9eab-976c8b3f721f,1018,C0636,20240924,946.01,27.0
6875,8774c6e3-6ec9-4fe7-a09b-707d1e6fd0d6,1039,C0960,20240908,290.28,41.0
6876,36606390-3b96-47c3-b89e-42abea799865,1039,C0218,20240709,1893.57,9.0
6877,bccdf064-d488-45ea-8c04-4a88c5a1f6c3,1035,C0990,20241006,1506.63,40.0
6878,efaf1dba-80ca-4673-a8d8-95576e66113b,1013,C0102,20240913,654.62,49.0
6879,ebf43e0e-2a60-4cdb-bc92-71919c141611,1042,C0978,20240608,1770.01,3.0
6880,5a2db340-50a3-4c44-a653-2996e850559d,1047,C0237,20240721,1371.89,23.0
6881,13ca38a8-7988-4939-9931-8853d0df6055,1011,C0322,20241103,1035.36,36.0
6882,a1be46da-450b-48e8-80ab-875f5ddf181b,1001,C0034,20240922,539.54,48.0
6883,d4249a13-fb85-4379-b743-6118d69d34c6,1038,C0679,20240731,954.04,44.0
6884,ae5b8cae-863a-41a6-b429-fcf80588ed48,1027,C0813,20240628,804.95,33.0
6885,86d181b3-2394-477b-a317-695213bfc5d8,1042,C0454,20240727,1467.7,19.0
6886,e6ee77ea-745f-42ab-afd4-2574e371663e,1045,C0370,20240824,158.39,26.0
6887,1fa527ce-c1a9-4add-86ba-cc9253ba349f,1025,C0098,20240725,1089.68,42.0
6888,bc5c55fa-5f49-4e5f-a56b-890ff80a0b9e,1047,C0133,20240729,523.21,30.0
6889,910c7d33-3d70-48ba-b1db-86bebbabc29e,1013,C0320,20240607,907.82,18.0
6890,fca9868e-e21f-4df7-98d4-9f7f9adde21c,1027,C0558,20240730,454.83,45.0
6891,cef7b0a2-d344-496a-9bbc-fa9cd0ba2a0b,1044,C0686,20241103,1671.53,39.0
6892,f64b9deb-d914-42e0-8344-0bc1fe022c5e,1018,C0025,20241102,1156.79,27.0
6893,42440d21-8c0f-4eb6-863f-72496b9b0224,1040,C0576,20240619,32522.53,11.0
6894,1ca57679-1db9-4c40-9985-96393d7f7ff2,1002,C0779,20240624,841.43,2.0
6895,36bc53aa-cc20-4b70-9dae-59423b41eae6,1036,C0327,20240909,1775.21,43.0
6896,e86cdcd0-9d08-457e-b697-5db166bd9b80,1012,C0206,20240819,550.12,47.0
6897,e6f5ce75-9bfc-4d33-b399-22e539b155cc,1024,C0732,20240805,481.14,19.0
6898,81b091bc-a73b-4600-afd4-a7838c1399ce,1028,C0201,20241001,1495.99,48.0
6899,5a1fe8af-8aa1-4cdb-bf9f-2ea3244cfbb1,1014,C0263,20241106,852.36,36.0
6900,0ceebddf-60f6-4286-8b53-cb6c654adfe7,1018,C0210,20240825,1966.51,19.0
6901,ccd45b71-f82a-4c12-94c1-d6bfa0909d9c,1044,C0877,20240831,56.2,17.0
6902,6e8d75d6-4afb-491a-b4bd-ec33f5199d97,1027,C0122,20240712,1504.98,29.0
6903,7fa1d0ba-a95d-4d82-b6c3-fdc4b013fc49,1002,C0969,20240705,354.06,24.0
6904,e3de9406-17fb-4c8e-8312-ac2ff34a18da,1028,C0018,20240603,1015.07,9.0
6905,f0cbdfb1-2568-49c0-a803-6bf7c40e5fba,1000,C0327,20241103,1015.07,36.0
6906,79409fe7-296d-46d6-8c1d-b065fcb074f0,1027,C0316,20240626,581.11,46.0
6907,5e9ba3ba-ac65-48dc-b6c3-39f911c36a49,1045,C0832,20240618,485.11,24.0
6908,ba9c0914-c184-41e1-b6d8-cee666b4174d,1014,C0237,20240613,1541.18,48.0
6909,b67fc8fc-fcf0-47c9-828f-51a3de654267,1048,C0428,20240828,1513.18,39.0
6910,0c9989a9-7666-4b52-b6fe-0c906c148c7f,1035,C0494,20240723,1914.83,14.0
6911,51dd793a-382b-4f8e-bced-d45a353e25ca,1038,C0852,20241030,210.16,45.0
6912,2b52fda1-af9f-4878-8d93-fca7154ac21d,1021,C0482,20241024,1936.91,38.0
6913,f2701fa8-e371-4ae8-8f5b-c6ec2a81a172,1014,C0599,20240712,324.15,19.0
6914,0af10dc5-ddaf-4dad-8a7c-6646b2825df6,1026,C0390,20240720,1461.87,25.0
6915,396b2059-c3c7-4721-be8e-13ca6a8af24c,1034,C0791,20240703,526.47,3.0
6916,17b60438-c67f-402f-aff5-a2b6f7985de8,1037,C0297,20241018,1072.04,34.0
6917,33c7ac4e-429e-4b99-bff4-9b4e947b9908,1036,C0153,20241101,1257.09,8.0
6918,ee457f1a-1251-4e58-ae70-8755f7f2455e,1046,C0194,20241015,517.56,12.0
6919,4511975a-f5f6-4e57-9e10-195abc920f74,1036,C0303,20241118,544.33,8.0
6920,31301430-6b1e-40e0-ab61-44dcb1ba136b,1035,C0309,20240829,1610.31,40.0
6921,83ce8b46-54ea-4814-b4b3-436042489f22,1026,C0837,20240911,1426.84,15.0
6922,f2835983-7e41-43da-a96c-1762065cd2b4,1040,C0862,20240602,1176.36,12.0
6923,bd744319-0a36-47e6-a6cf-faca780a318b,1023,C0234,20241028,1558.74,1.0
6924,467eac9c-fc96-4a89-83d6-89508c990016,1038,C0873,20240703,90.79,9.0
6925,204c0664-65f7-4dc5-b32f-24bded7cc59f,1020,C0735,20241001,1353.52,35.0
6926,1025ebb4-eba2-42c7-9d7b-b0ece425c582,1027,C0040,20240726,1847.67,46.0
6927,0e7717fe-119c-4ed6-b5fa-e0b383485e0f,1005,C0101,20241121,916.7,46.0
6928,6ab428f2-4642-4094-9b6c-15a9f4128042,1019,C0855,20240715,1334.35,2.0
6929,90b669a8-656a-40d6-a62a-103e990457cf,1027,C0208,20240609,963.31,14.0
6930,1115e0c3-c4d5-4342-b011-d44f1f5f5f42,1045,C0460,20240825,1771.94,29.0
6931,03fcb6d9-34ae-42ba-a5bd-c4818cfd8a56,1038,C0880,20240626,901.79,11.0
6932,943e4d27-61d6-4a61-b9ea-a9d2deb76cae,1001,C0692,20240905,1954.22,22.0
6933,556d514b-111e-40ea-bb26-b5696b1b566d,1033,C0436,20240911,339.2,7.0
6934,57dd6149-884b-4816-abbd-3deb14554e02,1039,C0346,20240702,1601.96,39.0
6935,4e65817c-7e8f-479d-bb9b-86d8ecd738b9,1010,C0773,20241114,1002.84,16.0
6936,3f86bee5-e71e-43b8-92e5-7acced5c2f98,1048,C0809,20240712,1803.23,18.0
6937,9db1a78a-ccac-4f19-86b0-8e89a6e1b47e,1005,C0663,20240726,1486.87,7.0
6938,6aa6b960-7b27-4251-83f0-56f9341c7eec,1010,C0978,20240603,892.16,33.0
6939,a2b565a9-35ec-43b6-ad6d-d67456eee36c,1010,C0199,20240825,880.33,28.0
6940,563c0d4e-9370-4ad2-86c2-9f5bd157d982,1025,C0375,20241101,806.12,35.0
6941,80b06e31-1069-4aba-ae40-fca563a2465e,1004,C0504,20240824,1094.44,26.0
6942,4b24bf27-ed08-4d1d-bd1c-3e1ec52528d0,1002,C0661,20240714,882.33,12.0
6943,89a710c8-12e5-4fb3-910e-f0fbe0df47d7,1036,C0285,20240607,179.73,24.0
6944,f734218e-6feb-4707-994c-2fb7151248ef,1028,C0525,20241114,1654.5,25.0
6945,d1ed7cec-43b5-4f38-a8a7-9cf3507b67b9,1005,C0577,20240614,1243.19,40.0
6946,9b8a2d68-b0ee-4a6a-9118-02a9a909489b,1012,C0882,20240915,197.71,42.0
6947,19b599a0-0e76-4b37-a881-21a57668d2ff,1043,C0280,20240724,1664.78,41.0
6948,cb6591a4-7f58-4bed-a0ad-d3b681dd07b2,1045,C0831,20240613,489.37,30.0
6949,bd17583c-d842-427d-be27-27861cc76dbb,1016,C0776,20240811,230.87,36.0
6950,c8e5ad7c-d518-4ef9-a143-900300a725c1,1001,C0095,20240902,1282.19,4.0
6951,e2affdff-82cb-4a9d-a2f6-3b5767ac5dd9,1042,C0252,20240605,1484.83,49.0
6952,092a82dd-ad3a-4d42-8f06-0cc99db6c8f8,1032,C0265,20240602,1224.13,17.0
6953,45787a00-ea5b-461c-b857-0ecc39b7c0d3,1006,C0251,20240831,97.79,15.0
6954,2cc5c6ec-6970-43f9-8106-19d53195bb9e,1008,C0842,20240927,1749.56,5.0
6955,d3e42267-38b7-4b83-a7e4-b192ebd0ec9a,1030,C0193,20241117,1015.07,30.0
6956,e073ade3-4f09-48f1-883a-a594f8a7124c,1032,C0944,20240807,1573.03,14.0
6957,87d1a7fd-245d-453f-b6f5-a22f39c47676,1040,C0077,20240827,1015.07,32.0
6958,5358b435-82b2-4eaf-81e5-4639a5d9ad29,1042,C0841,20240923,1772.69,40.0
6959,2d81b5e6-b5a7-4d6d-afff-553aeda18021,1010,C0325,20240724,1598.64,8.0
6960,a812fe55-9294-4c11-9d8a-dea5c81ce883,1037,C0808,20240808,1599.27,47.0
6961,61df70a0-521f-42fc-929d-654fb809286c,1026,C0454,20241024,492.8,18.0
6962,00ad1484-611a-4c1b-89e9-ef9c4d3ddb05,1043,C0835,20241008,564.09,4.0
6963,ca15e7f6-7b5c-43aa-8a0a-f65e29ad1413,1005,C0234,20240606,1650.6,22.0
6964,3736c6ae-7c73-498b-a170-f053d9da8071,1005,C0769,20241120,1846.91,8.0
6965,0b8341fc-5ef8-40fb-97ab-c9e1a34c40c3,1043,C0215,20241005,1881.19,36.0
6966,49cc8f60-a466-4812-8250-36ac941c3721,1042,C0032,20241018,633.91,28.0
6967,0a00dade-cf6d-4da6-9448-4edaaddda0ed,1046,C0235,20241105,1715.31,28.0
6968,00a9891d-4353-4a08-983a-1145a0343bd7,1040,C0695,20240918,723.4,43.0
6969,41698ab2-716f-4af2-bdd7-03eca5b381f7,1027,C0186,20240616,1069.85,47.0
6970,04a79ed7-c0a8-4598-bc25-814aacb9d523,1047,C0028,20240819,1015.07,49.0
6971,099dbab7-8bad-488b-ad9f-3aa0f721ef37,1036,C0376,20240630,819.93,48.0
6972,a2ad4c67-619e-4e31-b53f-7f2ded585db5,1007,C0684,20240620,141.84,41.0
6973,c40ca9a7-51d7-4e41-946a-31c4fff7948e,1027,C0737,20240607,1541.75,28.0
6974,0e7082ed-2bac-44ba-8079-bd8ea9462e35,1024,C0494,20240822,1017.69,9.0
6975,00c79630-b63d-4e99-9357-c858eb13495e,1007,C0489,20240714,1366.74,19.0
6976,ed379eef-5e65-4454-b24a-8d33b0021c91,1043,C0618,20240921,1322.56,11.0
6977,e83d16ab-acc1-40c7-b2a4-86a06562a802,1012,C0536,20240806,1038.57,43.0
6978,1d5813c9-ccb1-4404-86d7-44f10adce7d9,1015,C0023,20240830,792.29,16.0
6979,ae0d2898-9489-4da9-8f47-a719efd1ca15,1027,C0076,20241109,342.84,12.0
6980,428998fe-d1da-467e-a458-27f6e0a102e8,1048,C0197,20240906,110.56,40.0
6981,548c4a37-fed7-4f22-9382-eb9b776a6e7e,1004,C0079,20240922,1785.82,13.0
6982,ff8620af-feaf-44db-b2cf-8318fdd56aa8,1037,C0461,20240812,1963.8,10.0
6983,73bb0633-1a4e-4d91-8003-5a3bad3d3776,1005,C0817,20240720,363.53,7.0
6984,8dadee1f-006f-420e-a681-e53af1aff9b7,1006,C0971,20241104,1015.07,7.0
6985,e2ec0078-4b66-47f8-9d40-edabc339eab8,1031,C0234,20240814,1462.36,8.0
6986,d8924e3d-051d-4480-a8ab-61e03ccddc12,1009,C0877,20241109,1169.42,41.0
6987,431d7c97-ff58-42f4-9525-8f2f266f5694,1013,C0114,20240722,103.07,26.0
6988,707ad9f5-2c53-4413-ad8d-1b62cc04f971,1012,C0127,20241023,1200.24,23.0
6989,d960a47b-0be6-4de5-85a6-f161d129491b,1001,C0857,20240928,90.7,44.0
6990,d2e12a0d-7023-44b1-9985-d7311d4cf67a,1016,C0959,20241007,1636.67,47.0
6991,ec92442b-e6b5-43bf-98e1-2cc600293f96,1024,C0208,20240924,1139.92,43.0
6992,20c2a8d8-cf55-43dc-9c2b-900e13315a65,1018,C0777,20241110,1170.9,6.0
6993,6c7cb57b-0992-48d9-ae2c-3860dae9578d,1044,C0902,20240916,1788.9,32.0
6994,b377d989-9cd5-4742-9ea7-e0d427437d1e,1029,C0527,20240706,1108.3,5.0
6995,4c8190f8-bb0b-4dc5-aead-9870d337d76d,1030,C0491,20240709,1166.34,6.0
6996,d584c55b-94ea-4009-8a24-bca72a777c38,1024,C0643,20241001,111.1,49.0
6997,0f533782-571d-4de2-aa94-0532584ec20d,1005,C0748,20241023,676.48,37.0
6998,1e5ea4a1-d921-4dc3-a478-0f20421ac951,1006,C0735,20240603,764.86,15.0
6999,003c929b-c7a7-451f-8c29-b8e40bbf4668,1014,C0734,20240908,325.77,10.0
7000,968fd2d2-286b-4664-80f8-c8b30a829ab2,1006,C0972,20240609,1323.82,10.0
7001,06a60f5e-239c-45ef-a0a1-2d67d3cbee6b,1038,C0892,20240630,1762.34,26.0
7002,8e720692-97cc-487b-b4ae-b846399f09fb,1026,C0338,20241007,1716.67,16.0
7003,ae9d76a2-7275-4ed2-a80d-eff35a69b02d,1021,C0745,20240625,1764.45,25.0
7004,132482e5-3fcb-4736-90de-d3baf8baa4f8,1024,C0229,20240909,652.95,27.0
7005,f041f8d3-bf6a-433c-9f8f-0646b0286d32,1003,C0873,20241003,1428.12,47.0
7006,fbceb353-57aa-4ae4-b50a-6b994b34d842,1034,C0429,20240726,1894.61,6.0
7007,f21267bc-412a-4efc-9b16-e56b523f9fdb,1012,C0450,20240923,1969.46,28.0
7008,2367dbbe-33cd-44a2-a275-7f00edbe39f3,1026,C0719,20240614,994.1,39.0
7009,2001c5d9-bac9-473e-94b7-184272e59e00,1004,C0755,20241023,1513.64,9.0
7010,aa1a982e-5bd2-4dc7-8665-4d923e918b24,1040,C0755,20241115,372.22,47.0
7011,8d9c31bf-33c6-49ab-a1e4-067fb100bc4e,1033,C0662,20240714,1793.68,41.0
7012,f441c476-aae5-4798-b20a-3a9e17fd9cc4,1034,C0201,20241031,1392.05,44.0
7013,f79f5797-2328-49a0-aeaa-4a26eb2a36d6,1016,C0241,20240925,71.66,20.0
7014,cb76824e-feb0-4dd4-8deb-b2f9e35c38c2,1000,C0652,20240811,1826.74,9.0
7015,edd8b3ae-ec62-4f25-b06a-9ca337b97bf0,1039,C0596,20241111,1882.99,8.0
7016,cc467a0a-abe0-4698-87d7-497236a96132,1042,C0785,20240709,895.46,29.0
7017,c386aaef-514e-420e-981d-d691d63edbf3,1026,C0515,20240620,1875.66,8.0
7018,565f0c82-c3ff-4b3a-a6d0-ed1fc76052f6,1001,C0399,20240929,481.75,11.0
7019,2c4a1585-1458-4c97-87a9-1136213e1f28,1039,C0543,20241128,337.33,18.0
7020,fed3a294-0d11-4d59-8f86-789d4d9b7988,1049,C0777,20240812,1015.07,16.0
7021,04a0a935-d641-4d8e-9ae6-c0b8d45a62e6,1030,C0194,20241120,1506.51,6.0
7022,7ba2a3f6-f1ab-4ccf-a147-44572f16f089,1010,C0484,20241105,128.68,7.0
7023,152af5b5-cc94-4cb5-b92e-aa33c941f0ee,1044,C0549,20241030,223.91,42.0
7024,80ff8399-45b9-43b1-8b85-2d32682938d2,1005,C0618,20240819,1988.93,26.0
7025,4755ffd3-b155-43b5-bdd9-5b636f0030fc,1002,C0190,20241105,772.49,2.0
7026,55f66d30-1d05-4f6a-bb99-c90776c376ba,1046,C0952,20241110,808.53,34.0
7027,656f723d-0be4-4c01-aa66-840e0fe21924,1019,C0209,20240627,1593.2,4.0
7028,eb518b77-262b-4d80-af01-92696f8fe67e,1037,C0890,20240720,1204.01,7.0
7029,4f5bf184-cb64-4a2e-bc46-547112ec93a1,1035,C0869,20241007,1616.78,22.0
7030,ced0ad36-348d-46af-85d8-b9845b7116a8,1029,C0321,20240705,1625.14,49.0
7031,e3fc5391-5f20-4def-8cd5-1a0ee0fa0543,1049,C0554,20240830,1098.27,23.0
7032,318a97e6-53ed-45fe-a99a-992a04b3eae7,1048,C0544,20240621,1806.02,40.0
7033,aa34634f-23a9-426a-87be-df0fc9ed0a17,1031,C0999,20240615,1375.05,7.0
7034,e9d38290-a0e1-46bd-a624-911e416570e9,1019,C0279,20240611,857.48,2.0
7035,63c39e95-9f59-48b9-93c1-f8398fbeb9f8,1015,C0452,20241126,173.96,39.0
7036,3989535a-b153-4d6a-90dc-44c3ba31cf8c,1004,C0910,20241111,1948.82,4.0
7037,a00e8511-d9a2-4499-b2f5-8c912ebfc780,1020,C0074,20240620,1499.88,44.0
7038,81145821-747b-4d59-b690-b96665fd95b7,1008,C0106,20240603,875.86,49.0
7039,c91c85a2-c465-4813-b853-77a8e15bdcd0,1043,C0026,20240915,1636.75,45.0
7040,f102a18e-65ad-4963-86cb-5aa48ccc2838,1000,C0675,20241111,484.6,18.0
7041,157c9d91-96bc-4918-baca-7ee850f73dac,1045,C0077,20240601,1787.35,9.0
7042,a9130054-a382-4602-b251-ee22a080fddb,1035,C0846,20240805,891.16,46.0
7043,1f40f258-268e-4d20-8831-2a1981d6ad68,1044,C0490,20241121,1701.78,38.0
7044,38f9fa3d-8a08-4ae4-b0ff-3c9bb52d6a47,1006,C0340,20240811,1121.65,22.0
7045,76805f2d-fe75-4f87-9c9a-e252eb6d32f7,1006,C0377,20240603,1834.93,34.0
7046,f68aead9-582f-41fa-8375-3979f2aee086,1033,C0425,20241114,567.3,18.0
7047,3c4299aa-0367-4a23-b4ef-9f9fc83d81a6,1001,C0051,20240731,1197.09,14.0
7048,3f0eed8b-c00b-4371-8726-38c9a74552a7,1013,C0500,20241109,658.13,36.0
7049,64781c76-d941-4129-9f52-210e4842883e,1032,C0435,20240726,1451.53,47.0
7050,48094c1e-173a-4702-99b2-058fa6cae675,1038,C0827,20240808,416.97,43.0
7051,5e87c99f-7c22-441e-8c7c-fe1d69f2e255,1034,C0394,20241028,171.25,1.0
7052,5785a694-1478-402a-ba82-b1b9287304cd,1041,C0801,20240904,1710.54,10.0
7053,c8950bde-90fe-4fe1-9ea0-ab3494b21cc3,1048,C0051,20240705,359.83,13.0
7054,4b7c9ad9-c100-4db7-bc73-595e29116e68,1004,C0551,20240913,1676.03,8.0
7055,1510fa90-527c-45f4-952f-15395c36e091,1017,C0024,20241005,835.54,14.0
7056,1b417d57-7a4f-4f3c-b432-58670799c79d,1027,C0786,20241110,823.33,30.0
7057,bd4331e1-74f6-4f6e-9bfa-a78c4b5eb714,1038,C0689,20240921,293.68,5.0
7058,c0a83b99-e3e7-4c74-89fd-66ec28caa2f3,1033,C0673,20241125,1015.07,39.0
7059,46d3704e-7443-4e7e-92d8-42dddfed92e5,1039,C0782,20241017,1258.59,32.0
7060,6b946e66-59fc-4142-8e06-69766bd16cf8,1049,C0494,20240830,1920.22,12.0
7061,205f19c1-6b06-48a5-ba33-aa85ce22213e,1040,C0208,20241003,81.05,18.0
7062,f1ccb8e9-d23b-481f-aef7-985dd8e18eac,1048,C0100,20241008,1762.39,9.0
7063,3f57bbf1-9b26-4467-861e-4b62dff3f343,1024,C0542,20240729,297.31,34.0
7064,30e9c9d9-d030-402d-a04f-5b2cf4d90679,1005,C0766,20240820,1204.65,24.0
7065,aa8bbf26-d9b8-4f78-8292-e9cf34aa9a37,1028,C0427,20240928,1473.76,26.0
7066,803264c7-0e91-4fb3-b7ad-b28bdd114b7c,1034,C0514,20241124,1585.75,6.0
7067,544c977a-5f68-47dd-8de9-04c20cae3f99,1027,C0884,20240715,522.24,31.0
7068,f1e3042a-be98-4b84-98ec-f76e766049f6,1044,C0334,20240825,1451.14,43.0
7069,02b6619a-4fe3-434d-addf-ff0586cc54fb,1027,C0163,20241020,643.42,36.0
7070,52d25956-7066-48dc-990c-7bca8d3781a4,1047,C0215,20240616,1248.36,46.0
7071,13244350-3686-4fba-b0ef-09ab9536b2ba,1010,C0495,20240922,388.18,3.0
7072,a3739fcf-1da6-4a1b-baf9-3e5b4275e908,1018,C0331,20240811,1015.07,46.0
7073,0ab22d48-a3f7-4930-8be7-f3cfa5f6e22a,1014,C0156,20240705,1505.55,41.0
7074,5ba571ef-1e4b-4a50-a2c2-ffc2e12f96f9,1031,C0672,20241013,1964.58,36.0
7075,94704cb9-37b2-4276-af43-94493dafe12f,1022,C0253,20240725,1378.35,49.0
7076,b136b832-4442-4bf0-b13c-b91d9b02801e,1009,C0151,20241127,1933.93,34.0
7077,30145aa4-55b3-40d6-91a7-1d63d5d30567,1014,C0861,20240924,1350.68,38.0
7078,93265d48-7dbe-486a-b70b-ab792bd16360,1048,C0345,20241022,309.82,31.0
7079,e1012766-2503-437c-b6c7-ba28f084dddb,1021,C0448,20240627,1875.82,5.0
7080,700aa4f3-3078-47e9-a6c9-88bdd2468d7b,1047,C0678,20240714,339.17,8.0
7081,68df1ac7-3411-4110-a7ee-c578cc426831,1020,C0048,20240629,1962.43,50.0
7082,a1506970-d8c7-47e0-847f-cb28b1b8e722,1009,C0261,20240721,111.03,42.0
7083,6c9fdb91-8f1d-497b-af6a-b7a0f9f7d63a,1024,C0343,20240811,1435.89,12.0
7084,33fb7d6d-aeff-497f-b6e3-478ba00b06e5,1001,C0232,20240605,260.4,20.0
7085,8bfc1cef-fd2e-4c23-98aa-22afa3abd899,1027,C0185,20240904,1410.5,21.0
7086,92aa5d63-f407-49d9-b67b-619276248a0c,1021,C0311,20240609,1112.71,34.0
7087,f96bce66-aad8-43ee-a2cb-fdff904d2b96,1000,C0571,20240629,1643.24,9.0
7088,0f5393c3-8aee-4088-98c1-a554d7b03f03,1001,C0060,20240620,1015.07,32.0
7089,db1f1ba9-60b7-40e8-93d3-aee7c493a7b8,1004,C0748,20241109,1480.59,15.0
7090,57bf9599-1db7-4970-b027-328b3f612bba,1019,C0029,20241031,342.43,48.0
7091,0fe65700-3d77-42c2-a4f6-336ea9918625,1028,C0372,20240827,1771.07,40.0
7092,fc85b40b-97a9-4a0d-a929-a5dac02bb3f0,1048,C0421,20240904,1732.13,25.0
7093,16c1a8aa-539f-4565-b1e4-1a97d2bf5289,1002,C0354,20240607,1267.25,23.0
7094,a7c81ed8-e1dd-44c1-bba7-7e545f0ca5ad,1002,C0447,20240902,1076.81,46.0
7095,7b2f5966-deca-4d1d-bfb6-918cdbd2d828,1044,C0431,20241102,880.19,26.0
7096,bafa276e-84b7-4fa1-8fae-a46633f812f7,1007,C0987,20240928,840.49,29.0
7097,bdd41b21-e755-4655-860c-5b92bfc6623d,1034,C0734,20241103,1594.18,43.0
7098,18d2c176-87b5-4654-9bda-89e75acfe74c,1003,C0696,20240624,657.25,45.0
7099,1732338d-7460-4618-9d9a-748184cd4090,1040,C0700,20240825,1015.07,47.0
7100,1d7e6509-2e88-40cb-89c4-a5cc523b9420,1045,C0565,20240722,706.27,18.0
7101,bed582b5-c078-4596-bf72-405968e72839,1017,C0904,20240815,185.36,30.0
7102,9a2e311d-0dbf-44a7-a1a6-171b417fef9c,1004,C0558,20240601,1312.92,44.0
7103,5165b01b-3bcc-4267-b641-83fdf6813dcf,1002,C0688,20240827,94.74,13.0
7104,ce5b086c-2dcd-4137-a5bf-c5483539e22d,1030,C0872,20240910,292.53,17.0
7105,8436849e-e99e-4a9a-a983-da6511eea8bc,1048,C0248,20241011,813.2,43.0
7106,8640c0ce-c4ae-4fe8-bd35-bd628e9a00dc,1037,C0007,20241015,1351.81,44.0
7107,37291220-44e3-488e-be3b-6cdc06396b18,1034,C0571,20240822,67.31,2.0
7108,b16fe855-0ad7-4900-b126-e55976ea6a75,1034,C0008,20240606,1630.88,11.0
7109,3a34b05f-9566-4603-9b38-48767492eb58,1008,C0376,20240710,604.19,24.0
7110,6f1fd815-a5e0-432d-8f65-35952e94def3,1032,C0940,20241127,954.47,7.0
7111,a6fe7151-a6f3-4f75-9115-87ac6e64e467,1014,C0650,20241008,249.98,20.0
7112,6fa71518-7073-41be-8ebe-7b9d7479c768,1038,C0955,20240710,783.31,20.0
7113,00c7521d-0d91-4ba7-ad53-f4efb7810e8b,1028,C0380,20241015,533.6,45.0
7114,38280b2f-ae30-48c5-b87d-db8da487de3a,1049,C0176,20241003,1122.87,17.0
7115,7fe8f6a6-c93b-473e-be9d-62282cb9d99f,1049,C0989,20240723,879.01,28.0
7116,3a94e21e-b4e9-47e1-b326-4efd87599fd7,1001,C0179,20241107,140.21,32.0
7117,4d59200c-4f8c-46cb-80b0-7da57bff71b5,1003,C0958,20241106,860.48,44.0
7118,fbaec00a-3260-4ed9-b4b1-6d6fb113d277,1025,C0290,20240702,630.34,39.0
7119,6fefa587-5535-42e7-ba2d-ecad7ce03eff,1001,C0113,20241103,1883.97,9.0
7120,2969011d-1e26-4edc-976d-2cb76a52d8ff,1017,C0011,20241106,232.82,28.0
7121,f9e5a9f7-c2b5-41c0-8f75-3d1e3170b9a6,1017,C0732,20240917,1092.01,35.0
7122,10360c31-c684-4b25-ab6b-43892e2110b6,1039,C0314,20241025,1386.03,27.0
7123,9e5fb301-23d2-40d9-9697-ce8531341380,1024,C0739,20240716,1329.36,9.0
7124,40e04192-f767-46eb-92f9-f19e1ab38f38,1029,C0131,20241022,1244.19,28.0
7125,8cb38822-65da-4119-ac08-617defa970b3,1048,C0852,20240927,711.9,9.0
7126,fdfa6928-bb3a-4d86-ab54-d170d9bf3dfc,1004,C0558,20241004,934.79,28.0
7127,cd7d5a50-0402-448a-810d-44ff3622a922,1014,C0759,20240621,1015.07,10.0
7128,b7e7a85c-3ac4-4f07-95b4-99dd9ba08ac9,1020,C0005,20240610,1519.07,26.0
7129,d043313c-536e-469a-b7d2-609c15392244,1024,C0077,20240812,1819.42,48.0
7130,47d5b743-b1be-4f73-ba1f-0c229a5a9821,1040,C0174,20240824,1405.21,37.0
7131,f90acc0e-0c7e-4f59-b208-0d4bd0f20c48,1008,C0950,20240706,1873.93,19.0
7132,e6c84608-67ac-4f56-942e-d77e2879785e,1001,C0317,20240607,1121.45,41.0
7133,ca53fcf9-dd1b-4c6b-b165-66826d54fb43,1025,C0774,20240607,1274.62,46.0
7134,12be18c2-8742-4db7-80d3-0e1a6bca1d13,1048,C0707,20240928,264.03,46.0
7135,d3ee7861-9eeb-4e3f-950f-cb8a303068d3,1033,C0582,20240723,278.53,13.0
7136,575afcee-76f5-46fc-b6e1-6bc9df464a71,1044,C0213,20240809,1407.34,9.0
7137,740a6cc4-96cc-4281-be61-44ad1feead89,1042,C0760,20240903,1010.65,19.0
7138,2230619c-8640-4a0e-917f-3cbaf14367c6,1018,C0824,20240720,1609.45,46.0
7139,97328f2c-b8b5-426e-bb32-da1cf0b86fc4,1000,C0647,20240602,198.44,42.0
7140,267f028a-eae9-44ff-9cbf-51d9fa64702e,1038,C0739,20240901,750.82,40.0
7141,9ee5561a-86ef-4c89-b2fc-bcaf24152a8b,1013,C0294,20240824,126.44,38.0
7142,fa47b21a-7b33-4890-9ed9-dffd481ddbe7,1005,C0621,20241117,1281.52,3.0
7143,54eeb6cf-1dad-49c3-bac1-c479001d75f1,1010,C0614,20241016,59694.33,8.0
7144,4c2ad30d-0619-4ec6-b79d-57b5478ab9a6,1028,C0014,20240828,1286.95,28.0
7145,a41daf4f-339b-4d20-a2aa-80176aa2f9c8,1013,C0085,20240929,1570.67,50.0
7146,4142cefc-3548-4226-a4af-d4bbcc2d0db0,1041,C0821,20240805,799.48,36.0
7147,1ea4d9b5-9f35-49fc-8a24-a85406bf529b,1009,C0695,20241104,541.36,40.0
7148,c3126e65-d81f-4a8a-96dd-186c4e4a9343,1048,C0315,20240609,1542.66,29.0
7149,92f7c97c-de90-42bc-a940-78e0a657cf30,1030,C0831,20240820,196.38,27.0
7150,a788d715-d050-43ed-9cb0-db55748d607a,1009,C0878,20241113,1037.91,35.0
7151,6dc792f6-040b-468d-ac3e-e2b39ebdda3f,1046,C0196,20240610,199.19,33.0
7152,63bdbc20-4f91-40d4-ac6b-17ec45581ce9,1026,C0755,20240719,1223.62,35.0
7153,cb8b934c-5701-46f2-a302-ab1e1a14364a,1011,C0973,20240811,200.7,39.0
7154,58e94446-f789-40e4-8118-cf8a93e2ad3f,1034,C0452,20240804,77.58,39.0
7155,7af5e2de-3146-4210-911c-f14ce39d0381,1029,C0913,20240628,645.49,20.0
7156,2d4062f2-5346-4021-bcb2-5793cff5251c,1034,C0143,20241110,1394.51,16.0
7157,3a0a0f05-bc5d-42b3-aadb-6212ce52b207,1005,C0042,20240902,862.84,44.0
7158,1c91f335-7aba-45e0-8223-d68d9703a4fa,1016,C0890,20240807,1583.75,36.0
7159,95035dc4-3d63-470c-a6fc-c6908e3b5f4d,1018,C0835,20241029,192.42,21.0
7160,5a399571-dade-48e3-8935-8ef29a207f2a,1018,C0595,20240719,496.91,2.0
7161,cfb82ee7-d0bc-483d-8d1c-e3b9b5d130c1,1046,C0952,20240621,402.57,14.0
7162,f5bd5bf6-e7dc-47fd-901f-6fb472faeb16,1027,C0566,20241010,1692.53,4.0
7163,9ec4bc20-7340-495b-a7f4-2de58ee07489,1024,C0625,20240804,1626.36,29.0
7164,310363da-cf73-4c45-adbc-eff829ab52ff,1034,C0695,20240818,1385.22,1.0
7165,855de022-f5ee-4e90-8b17-99ff52a62ace,1013,C0183,20240909,1107.1,22.0
7166,f575a18c-8e36-4942-b7c6-72bbc9df3743,1026,C0280,20240914,154.83,27.0
7167,2a738076-897a-49a9-b850-372521d430ba,1027,C0132,20240620,682.99,44.0
7168,fbf432cc-7dad-42b6-b924-db19cb958f02,1046,C0837,20240825,1015.07,25.0
7169,d73a33ef-bc61-4d98-9a9f-bb30c4ddfd8a,1009,C0846,20240901,655.75,30.0
7170,200e4197-d62f-4e67-a1fd-c580bdf9ad8d,1015,C0120,20241010,1015.07,36.0
7171,7bcb5e0f-bc4d-4f13-9da4-db7e9f535313,1031,C0456,20241124,1875.03,28.0
7172,456e102d-049a-4d7e-99d1-e5340b8de2ef,1025,C0819,20240903,1294.25,42.0
7173,cd89f176-622b-4dff-8afb-960b4efa4908,1005,C0548,20241022,1663.54,4.0
7174,b4c27439-6e7e-4446-80d8-31bcfe17fdd0,1034,C0535,20240719,1747.11,36.0
7175,5ec6ba81-6a64-4ef3-8f56-a514d6cf2dd7,1033,C0925,20240623,1141.16,20.0
7176,3cdb9aa5-a12c-40a7-8fba-4e0afcee48ea,1005,C0917,20241027,1796.13,3.0
7177,2fdf47e2-e106-4248-b159-1c8c1fb65dc1,1029,C0249,20240824,1015.07,22.0
7178,9fc4f010-524c-4d5b-bed1-b7cb9305bd81,1009,C0513,20240807,1714.84,33.0
7179,ee835448-1b76-4b5e-8ae0-2bf435581a39,1023,C0551,20241112,1645.14,49.0
7180,bfab2ba9-f7f1-4139-887b-6e9c97a4e8a9,1004,C0846,20240623,567.86,39.0
7181,b81a905a-ab31-4de5-b540-64db20106a6e,1013,C0965,20241006,1137.72,30.0
7182,ec66ddad-5f5c-44f6-b21a-903c3fd4d63a,1029,C0473,20240820,1589.95,4.0
7183,d0e5fe54-af9e-4182-8541-7c2d34a88404,1007,C0532,20240913,50.18,2.0
7184,1e2571ec-ee02-47d7-96f7-5ab23e1812e7,1038,C0883,20240604,1094.84,35.0
7185,9e1b48ff-6a29-4fcf-9539-4543630dd1c3,1028,C0784,20240920,286.06,13.0
7186,e4273109-4ee6-4c1d-bc13-1183e0f7e8e5,1009,C0724,20240619,1143.77,18.0
7187,c8ee7a23-1778-4f5f-856d-2e941bb4195c,1023,C0267,20240819,756.05,18.0
7188,db84c197-9454-4b9b-9eb1-3a28476c18b4,1014,C0978,20240622,63.24,35.0
7189,54c2697e-1bb0-4d37-b97a-fda3517bb15b,1046,C0635,20240802,176.7,14.0
7190,aee24492-41be-4e39-9e58-a2b926afd7b2,1042,C0802,20240716,849.12,3.0
7191,9118f019-3dee-4964-981a-f95f9321f4c2,1000,C0088,20240731,1015.07,3.0
7192,99f2940b-81a3-4b27-8d30-029f064cf220,1047,C0680,20240712,914.15,45.0
7193,18958f7a-9124-4a31-82a8-66d3cf2559e7,1018,C0604,20240927,1627.41,10.0
7194,5b279e9c-5e0c-463e-b800-d0d189e6c6e4,1002,C0609,20240821,515.89,35.0
7195,3b1bed20-31b7-47cf-8700-165b636e1ca9,1026,C0116,20240828,104.8,27.0
7196,38b19013-1560-40df-9a73-92db5b800a3b,1047,C0905,20241014,658.62,27.0
7197,9f093271-5b05-457a-834f-4844169982b4,1020,C0906,20240724,1236.76,11.0
7198,41de2f10-bb7d-4b3d-96ec-2f78559961ad,1030,C0778,20241021,45129.07,50.0
7199,289a9d56-8eef-45f4-bd9c-13ba11de5d76,1013,C0761,20241125,1571.04,34.0
7200,63373d9f-84f2-4809-bb6d-d8898307635a,1031,C0560,20240907,1339.37,18.0
7201,405eb421-765b-4d97-8de8-7dfe6d6d56b3,1044,C0312,20240620,1150.68,42.0
7202,d63b9aa1-9c2b-4376-ac28-25741fbc87c9,1015,C0341,20240711,1234.73,23.0
7203,774aaedd-58b7-4f5c-8db2-b8ac1f413212,1011,C0436,20241013,1556.65,16.0
7204,3e88cbe4-1793-4adc-a95b-8457d5a2167c,1004,C0089,20240904,1945.2,14.0
7205,8ee1f33e-b2b9-4df2-8bab-c99b16881f94,1008,C0251,20240714,63.83,43.0
7206,7641e1d4-1e7b-4518-a433-393bfd710cdd,1033,C0973,20241006,1167.26,42.0
7207,c52a5ff2-65a3-4049-ad21-31f310f4ce45,1033,C0322,20240602,1693.62,11.0
7208,8175bd9c-9ba7-4edd-88a5-e7755dc9e502,1017,C0080,20241110,1444.01,11.0
7209,558d9eba-ce0e-4238-8e9e-9db15b245171,1022,C0740,20241015,1015.07,31.0
7210,efeb79ba-b85e-4a3a-a441-8450497cff69,1010,C0111,20240607,1015.07,13.0
7211,01a231ba-7766-454f-a2c7-ddc28a4b69e7,1047,C0583,20240906,1395.48,39.0
7212,b705ec48-4826-4269-9e1f-659888525023,1037,C0256,20241004,1487.29,46.0
7213,19bdc3dc-704f-46a9-a4d1-102d3534ac82,1000,C0023,20240703,1015.07,10.0
7214,be0fecff-97a7-483e-b7b0-b607efc61895,1024,C0638,20240615,1605.25,8.0
7215,8e5d301b-4a14-4ae9-95d5-23454207cd71,1019,C0259,20240705,1456.83,29.0
7216,915b8c66-ebb1-48e9-a588-a7e87d9f25ba,1007,C0082,20240811,201.38,39.0
7217,ee290a3c-25eb-47ee-b8e4-985f2303a372,1017,C0643,20241111,1015.07,47.0
7218,f249f1ec-3302-4704-9098-777599f74f73,1001,C0641,20240901,1597.29,22.0
7219,ba40408f-0d20-438a-9039-bf9a43348a05,1043,C0803,20240906,1228.69,24.0
7220,2edca8a5-c477-45f4-a3df-b2657d16e702,1019,C0773,20240923,1330.11,14.0
7221,58af4f19-ee48-4a83-aa67-1942561fed65,1007,C0672,20240803,56885.82,45.0
7222,d77e0232-8cb4-40fd-a3c1-60d0267ce85c,1028,C0360,20240911,1888.73,37.0
7223,2922d479-c76b-447f-bbfb-45f2f806a697,1019,C0640,20241020,210.8,10.0
7224,12740697-8744-4392-947e-0c791b0b1219,1035,C0231,20240615,363.9,38.0
7225,10c601b8-b9f5-4a5e-be7e-9211d4a0d388,1004,C0131,20240624,382.71,13.0
7226,48a786e1-bb2e-43d2-a77c-bd34c1b41637,1045,C0644,20241030,1142.12,27.0
7227,c676fcd0-0ba8-4cf2-a31f-4bafdc362c3a,1018,C0163,20240817,624.12,48.0
7228,8d06066f-9686-4a15-b6f7-4acdd666b5f5,1049,C0393,20240714,654.16,47.0
7229,60b3b943-378c-4267-9347-4c6685408242,1016,C0837,20240720,1935.47,46.0
7230,c8e4c307-1902-4657-a45b-2f4b69f974bb,1018,C0900,20240704,1595.05,47.0
7231,320ca741-45c9-45e9-9561-21cc5df7857b,1019,C0780,20240928,1484.21,26.0
7232,0edbc8ae-363f-4209-ab50-7e879aa48641,1014,C0453,20240803,1435.88,20.0
7233,cfe66d56-e1e1-4efb-84be-42d752344025,1042,C0279,20240613,549.57,34.0
7234,319c4c13-f669-4846-8eff-ae3dfd18f001,1027,C0081,20240630,356.87,7.0
7235,833ec69c-7490-499f-bcf5-73a29da9fdd0,1047,C0914,20241127,1015.07,36.0
7236,aa90777d-b997-44fc-aa25-073126f581b6,1026,C0607,20240902,790.62,6.0
7237,7c689c9f-4470-4927-8079-4a980d563956,1006,C0228,20240727,650.49,50.0
7238,fd53f631-b034-4e8a-9649-c35a6d0f575a,1048,C0279,20240811,1688.92,44.0
7239,4fd1c120-237b-46f8-9fd5-ac8a9b49f0d5,1012,C0425,20240808,1586.16,6.0
7240,c1be3cbe-497b-4173-b579-6e5b87611835,1008,C0099,20240606,409.57,20.0
7241,af16e847-05dd-4c1a-b81d-7be44c0b7f0f,1026,C0368,20240802,75.69,42.0
7242,8af234e6-0d6b-45ce-ac31-8d6c4097e72e,1038,C0651,20241111,1428.38,50.0
7243,9490f36b-2bb8-42b9-a584-de69e6d794d4,1017,C0863,20240624,1403.66,3.0
7244,4e2f21e3-5bba-433d-81f3-a72489bb605a,1028,C0342,20241013,292.61,6.0
7245,a21cd27a-2d57-465d-9a03-f865d839370a,1013,C0415,20241005,1507.6,10.0
7246,f75505ac-f4f0-4cc9-84cc-c0a6dd9b535a,1018,C0636,20241122,262.53,35.0
7247,b27794a3-c932-4e13-b2c2-59e988624397,1030,C0379,20240625,1851.23,32.0
7248,32ca4592-76af-41a8-b7ee-b89e13987077,1012,C0978,20240823,458.2,27.0
7249,a6ca032b-a8fc-4a45-bb1b-788137b336c8,1003,C0531,20240605,565.71,14.0
7250,081771bf-cea6-4caa-9102-04aa15cef614,1005,C0638,20241106,481.11,18.0
7251,d01fca78-0609-4341-a192-854e2b69937b,1028,C0883,20240803,1056.26,33.0
7252,8357bea1-b54f-4b14-bc4f-caf7d85e0b0a,1005,C0435,20240615,689.89,36.0
7253,71b4eb09-cdc9-472e-be47-d09f6d7bbe51,1046,C0273,20240827,1626.39,43.0
7254,d4106c97-4507-429a-a2db-2c918183be76,1039,C0496,20241012,530.72,28.0
7255,5385717e-7648-4cdc-be6f-07f97ed84546,1002,C0163,20240704,816.44,30.0
7256,96632a4a-9d67-41cb-a589-92d96be4fdf3,1031,C0544,20241126,167.5,28.0
7257,3d08ed8b-407f-43cd-95ee-268a9d6fb78b,1026,C0166,20240704,1613.21,28.0
7258,9132c8d4-802b-4f3e-bcab-e986e762d92c,1024,C0255,20240911,1702.45,49.0
7259,f4bf879c-d176-4c9a-bd4d-c52c39ac032a,1007,C0484,20240609,654.76,40.0
7260,5b967252-ca0e-45b8-9e5a-12c50f8657f2,1035,C0555,20240909,1803.64,46.0
7261,32015b8b-075f-4398-a7c1-d3f615a4a763,1008,C0096,20241117,1333.71,38.0
7262,b30a8f88-1423-45e8-ac83-28944dd7e59a,1000,C0574,20240728,1001.4,25.0
7263,a4ef5c2d-53a7-4fd8-bf52-e140e9f2d762,1043,C0265,20240603,1618.07,32.0
7264,b03db841-e5f3-410a-8247-792a3993c11e,1003,C0116,20241106,883.33,16.0
7265,b51b55d5-8839-4426-8777-218d8717ffc5,1015,C0187,20241120,359.48,21.0
7266,379637e5-f551-46ad-b95e-3acf83bad997,1020,C0014,20241009,1343.67,12.0
7267,3d00b48e-99e8-4484-9438-d74eb8c312c4,1023,C0686,20241008,1256.96,8.0
7268,8a5d6c9c-1440-4ab3-9c12-0c8acbd10257,1018,C0995,20240726,1348.17,40.0
7269,a10cc388-0d60-478e-af33-22441868df18,1014,C0713,20240802,1015.07,10.0
7270,f986f81d-db27-4de1-b0f0-022b61a3b738,1006,C0549,20241014,1360.82,7.0
7271,e606ce78-a1c4-4aa3-838e-1b8c311285e1,1032,C0285,20240923,1447.08,43.0
7272,a3baf516-24d6-456d-8436-d8cc3bd32cde,1049,C0965,20241015,1577.28,16.0
7273,24647172-7a2c-4edf-be4f-5f02317d1918,1023,C0287,20241005,220.09,29.0
7274,fd71c238-effb-4831-a6eb-3e4eae63f056,1048,C0667,20240805,1874.82,15.0
7275,3df5cc40-d011-4b44-8547-2489fef79c7d,1037,C0024,20241001,1187.11,18.0
7276,c6faef84-ab30-45f9-a08c-690b848c7f01,1018,C0815,20240603,491.28,1.0
7277,99dfcbc3-307f-454a-bda3-c73e440f3c30,1024,C0583,20240929,1338.12,22.0
7278,ff5a55fa-efac-4e8e-8521-241b4a832c5b,1042,C0459,20240914,538.1,38.0
7279,02c039ec-df8c-4fc5-ad61-5097e0af28d2,1030,C0998,20240701,838.22,3.0
7280,d4d9f001-783a-406a-8016-0cb96228145f,1033,C0580,20240927,207.05,37.0
7281,b60edf63-c251-43d0-91e5-f68414352494,1049,C0101,20240705,1994.04,2.0
7282,fbeab73c-5e71-49f7-99d0-8bf35fc7aeed,1029,C0945,20241125,971.61,12.0
7283,dedc52d0-3fcd-4b35-be60-658d5f48d92e,1038,C0664,20241028,1015.07,50.0
7284,77b24e85-0493-42b2-b5b7-462eb7db1cc6,1045,C0598,20241125,1015.07,19.0
7285,85a2d0e1-e839-41ff-b299-8a72ed8c1aa7,1019,C0474,20241009,1015.07,38.0
7286,52077b7e-ca0c-4d37-8dd6-307fb5e9e5df,1029,C0454,20240913,450.69,18.0
7287,b34cc2bc-e1d0-416c-85de-46c3c2774664,1016,C0807,20240917,1638.48,34.0
7288,d9e43653-8799-4c30-a432-1389564c8834,1019,C0695,20241114,734.23,11.0
7289,75e6c728-9fce-47d4-b429-ee5a4a94df5b,1039,C0626,20241014,1052.84,22.0
7290,e275d075-c92a-4b93-872c-0df29a1cfbe8,1045,C0717,20240708,1354.92,2.0
7291,b037752e-7312-4b34-8ea7-13f73975a1b2,1004,C0812,20240928,1322.0,37.0
7292,3be4cf4b-862d-4f44-8b6f-fec9e781fa07,1003,C0921,20240610,1575.57,43.0
7293,ba8709a0-4eeb-4249-bf2a-6f030c852b0a,1039,C0245,20241015,797.96,38.0
7294,84a4e90c-6cf1-4d78-9b90-7bd9026dcf2f,1019,C0431,20241007,1031.87,10.0
7295,3604f11d-e150-4c41-a034-bc6bf1c34199,1039,C0943,20240729,1619.88,37.0
7296,978d3900-52ee-43ec-bfab-d2e708f0e2f1,1046,C0989,20240804,1015.07,44.0
7297,000ff0fe-892b-4bc3-a2da-3982afb4e9a9,1036,C0399,20240801,970.2,35.0
7298,9f6bc2e3-13f7-41fa-bfc1-f4b36f847fae,1007,C0289,20240807,1627.2,25.0
7299,f82e0301-c718-4b66-968f-5c6365435a14,1000,C0548,20241119,1281.61,34.0
7300,8a524910-5ef3-4579-bf21-0d76b48bbeca,1031,C0875,20240723,1042.35,41.0
7301,9dd660a5-9209-45ce-9821-fff156b636a2,1037,C0530,20241031,938.91,44.0
7302,2b518a72-aca1-42ca-84d4-e6876eda7f9b,1041,C0023,20240809,52.81,32.0
7303,5d5cf7b9-97a7-42d7-ad4c-49fe4e466f63,1033,C0455,20241123,1273.68,34.0
7304,a5b572a7-e8db-4051-8201-f690fcca9846,1020,C0959,20241008,1833.02,22.0
7305,befbde76-8b2b-4d4a-aedb-b1391b6abee7,1000,C0814,20240611,1701.18,27.0
7306,709e7588-cec6-4eda-855f-e3d8e36d0ce0,1033,C0402,20241011,706.14,26.0
7307,2fa2d956-5e37-4134-a95a-ff5224920010,1025,C0073,20240804,1980.52,23.0
7308,873d1575-7388-413a-8bc5-85aa8ccff8ab,1009,C0127,20240604,156.55,38.0
7309,8941927c-e5dc-4b1d-a89b-a978e88c2ee1,1038,C0368,20240713,481.71,8.0
7310,68919548-6a4a-4c81-b5e9-036cd0c0cdd8,1009,C0621,20241104,269.56,30.0
7311,ae9d372e-1397-4ece-a1b9-119c6caae001,1019,C0130,20241003,1868.82,14.0
7312,d496036f-80d0-4cb3-8e4f-eca57656d921,1048,C0117,20240917,946.81,7.0
7313,f30a200f-7d8f-41b2-95cd-097a5bd0c554,1030,C0815,20240605,638.78,33.0
7314,9f12bcd8-55fb-4cb6-a576-2be1dac91248,1038,C0667,20240830,809.9,50.0
7315,d1de7d67-d410-44de-972d-d3d5f02931b8,1035,C0166,20240724,1777.15,21.0
7316,36419a19-a2ee-4e37-b8ae-f4c61207e028,1018,C0583,20241019,1724.4,3.0
7317,9351950a-1850-4c67-9e81-6f5bec0e86e6,1041,C0913,20240821,368.56,23.0
7318,6ca3aa1f-84eb-413d-b5e3-e0b219aff83d,1031,C0725,20240912,1439.63,13.0
7319,4007815c-5866-4cdb-a064-b7b5dfead70b,1044,C0892,20240923,176.74,4.0
7320,1013ed8d-9288-42f9-9290-ac19e0d1912b,1042,C0752,20241008,1521.88,1.0
7321,aee2ef6b-5db6-4ed9-8153-b45e34b508c2,1025,C0953,20240701,562.36,2.0
7322,5433e1d2-43af-4250-ae5e-14511d4e7026,1023,C0176,20240913,1806.47,16.0
7323,d3dd5a79-d2ea-4606-9603-a6424affbbb6,1042,C0234,20241014,1464.02,40.0
7324,baa0f515-ae73-4f43-bab6-e2b43596c18d,1022,C0532,20241113,1108.26,5.0
7325,b647fc63-9fcf-47e1-9450-f3f73b05630d,1035,C0635,20241022,942.6,4.0
7326,c66ce021-d5a4-4f68-8dfc-135fea929013,1005,C0699,20241013,593.79,42.0
7327,6ae5621a-e541-475b-a0be-664e484d5fcf,1026,C0695,20240711,1162.88,38.0
7328,37defa4f-45e3-4ef3-8b88-0f557fc94874,1004,C0848,20240613,965.85,11.0
7329,6b440eb5-154b-4ca0-9fd9-991dd959f5c4,1011,C0038,20240603,1800.88,21.0
7330,5b87581d-6210-4962-a0bd-cbd7bd532f80,1001,C0648,20240925,1290.76,11.0
7331,4dab0a4b-6ab4-4d51-a42e-2d38b857b788,1024,C0546,20240720,863.81,11.0
7332,e0539769-fbc3-468d-97bc-2fd94d396164,1023,C0611,20241020,688.42,17.0
7333,5d307396-6f05-43f8-8039-527fd154c190,1040,C0765,20241108,411.37,20.0
7334,2f7e4753-51b2-4f21-9ae4-8641e02bdcea,1047,C0982,20240630,1366.3,26.0
7335,2dd8f866-2eb1-4e74-9ee5-f4ddd25a7c63,1030,C0778,20240914,1203.56,20.0
7336,61703d3c-2952-44a0-a157-4751222128cf,1027,C0003,20240711,667.98,40.0
7337,308c109d-b4ec-476b-bc0d-cffa8ccc738a,1027,C0780,20240706,1215.5,5.0
7338,1b6f6799-1db0-4bd6-86ff-132bfa36b6ad,1012,C0251,20241011,503.46,34.0
7339,6f56a3d9-a624-4970-8f05-a9d821e8ab4a,1043,C0514,20240729,230.77,48.0
7340,cef07345-ba50-4cc8-8b13-a5e9864f4888,1047,C0312,20241114,72.23,49.0
7341,017bfdf6-8e31-4b19-ab21-f7f516b51ae1,1023,C0400,20240828,1384.13,21.0
7342,348a5356-c9a4-42a9-9d46-cf3bc9ecdf65,1009,C0723,20241104,1370.84,15.0
7343,2205d646-f7e6-420a-96aa-3f1e200bfd2f,1009,C0063,20241109,1840.98,36.0
7344,84480f77-6dfb-432a-8226-021f71bd8419,1049,C0458,20241014,1847.8,31.0
7345,8e6d2529-715e-43da-82b0-991e3f85c493,1042,C0266,20241117,1228.57,47.0
7346,00fc35d5-c845-4755-9379-4b1b8a7cfa98,1028,C0976,20241123,1130.94,28.0
7347,399841d9-0b03-408e-9b38-39d813870b34,1047,C0877,20240812,680.26,25.0
7348,21dfa24e-ae3b-4656-8500-4ad7105b5861,1046,C0662,20240621,55.45,40.0
7349,6c7c9173-98d1-46e9-b12e-3cf1efa01dcf,1007,C0272,20241110,1369.3,16.0
7350,528910e6-19ab-4001-93e0-d8957ea3c900,1036,C0946,20241117,427.66,22.0
7351,7af2acb1-877f-44c0-9ec8-cca7c7742bed,1002,C0648,20240722,1609.11,3.0
7352,27d06e30-6823-444b-b736-779219fc51fa,1028,C0935,20240913,1556.49,29.0
7353,000868e3-ac6d-41e1-8320-4a82a2fb5438,1001,C0031,20241024,1711.89,28.0
7354,397ef399-2ca4-48ee-b3ed-e7030dce1fe6,1035,C0257,20241125,479.52,40.0
7355,023ca6c6-e38a-4a63-8c71-fcfcaabf178b,1000,C0893,20240724,1357.58,34.0
7356,c580a935-6a79-41bd-9071-ba2f50da5f16,1003,C0709,20240711,980.5,21.0
7357,5c097d9e-cb07-4397-ab7e-885a5a61ff2d,1027,C0656,20240707,235.59,43.0
7358,470a9f8e-de38-4e09-8389-4e90d4ed1b34,1030,C0919,20240814,1499.98,7.0
7359,4a123afc-a90d-42a2-a644-d08bb99ff435,1029,C0534,20241022,792.82,12.0
7360,485660b3-dc61-4455-885f-f3fc7ecc5717,1024,C0115,20240707,336.09,30.0
7361,f56589ad-b084-4e28-8eba-d467b87271f4,1016,C0321,20241117,184.52,13.0
7362,e229758d-46e0-4f52-84c7-1672e680ebbd,1011,C0032,20240818,1849.9,37.0
7363,b4d51470-18ad-44d8-8bb5-035673369a96,1032,C0877,20240927,408.5,25.0
7364,3fe64ef4-851a-4d58-b3cc-de19753d47e5,1039,C0923,20240920,220.42,7.0
7365,a6450648-2e62-4bc7-a843-33d51af23625,1006,C0213,20240613,763.19,16.0
7366,84f5d566-4ab3-46e9-b152-b568e991179a,1031,C0197,20240921,1820.49,25.0
7367,664ef663-6223-4ec4-bb81-44712d66bb36,1015,C0425,20240615,1987.2,5.0
7368,988de3b0-150f-494e-bc0c-7d18eaec5acf,1043,C0780,20241123,1196.8,2.0
7369,21254612-7b14-4696-9da6-c77a1aaee418,1046,C0063,20240806,677.13,33.0
7370,5144a253-52b8-44dd-b404-3db200c0dc45,1027,C0400,20240716,727.48,9.0
7371,67d64920-bc05-4cdb-8f65-1a6e040f79ee,1049,C0019,20241108,1410.53,40.0
7372,7e584266-42d5-41bd-8b56-360439bb97b5,1011,C0402,20241112,554.41,12.0
7373,c92e7aa9-c3bf-4774-912b-4dc5652a4c5d,1031,C0405,20241024,978.7,42.0
7374,e72fbaf9-400a-4ae3-a27a-6e0f7416c5de,1012,C0261,20241022,1431.3,11.0
7375,b38a81f0-455b-47e7-b88c-2b8cace8763a,1031,C0349,20240607,1416.31,32.0
7376,c91c5fa9-5092-4539-945a-a8a963caa3de,1022,C0672,20240911,306.57,8.0
7377,6a44ea16-720d-405a-93b0-ce7f19d896af,1017,C0949,20240928,626.62,5.0
7378,719a02d8-596b-4576-8477-f0081fa93ff0,1026,C0673,20240724,1919.95,28.0
7379,dc9e0083-1704-4247-a61c-f5e71d30cc0c,1000,C0835,20241122,963.15,2.0
7380,2b514825-f430-474e-8818-215be8f7f4cc,1017,C0070,20240928,1568.86,31.0
7381,d9935c05-2cf4-474d-a1f1-b672bacd28a4,1015,C0793,20240930,954.51,2.0
7382,e25ef27b-721b-4259-a7e6-9b27f3315dd3,1033,C0654,20240628,737.45,47.0
7383,4348d171-366b-4e8f-a6e9-65fea0e3f1ac,1007,C0440,20240613,1648.55,46.0
7384,bd9ab8a0-c2af-431f-8485-9df028c65ea1,1027,C0320,20240906,1794.17,49.0
7385,fa965b15-dee9-4c3c-b006-1548f0d48019,1029,C0868,20240630,661.51,6.0
7386,3ad613ab-5bd4-42c7-ab88-eb921c690f9f,1027,C0855,20241120,1506.63,15.0
7387,9d8a03c2-f4d3-46a9-b70f-bfe1ac306fbe,1031,C0070,20240816,1424.73,18.0
7388,da9c9390-2e78-4333-8750-106b31ca36a8,1013,C0768,20241011,1789.57,11.0
7389,90b3c78a-d65b-4c7c-bfec-a94e45d0b3f7,1002,C0417,20240918,290.86,27.0
7390,aab90f93-9ee3-4e58-a53c-36983d0b263b,1029,C0837,20241126,837.63,49.0
7391,eacd43ca-419a-4e4a-aaa6-4f7973e13f8f,1030,C0305,20240707,1708.57,46.0
7392,00c7c8fe-ae31-4779-817b-89c310c10588,1036,C0593,20241106,243.49,27.0
7393,efc5e904-03d2-405f-af8b-d0822e9f0d29,1023,C0619,20240928,1092.71,25.0
7394,77f35f1f-df11-43c1-bd97-45b6e4210a95,1023,C0752,20240829,643.01,31.0
7395,4673771a-208a-450a-87fe-4bd6e4f55e9f,1020,C0785,20240810,1105.36,41.0
7396,3ac1f0ed-e9b8-4503-af30-33e373b05637,1044,C0621,20241023,1668.68,37.0
7397,b6897ce2-4224-4478-a322-302bf0656905,1015,C0971,20241127,1115.27,11.0
7398,b2aaba0d-2351-4f98-9a01-505ffb1118c9,1048,C0137,20241106,350.53,17.0
7399,364b54a5-df3c-4615-992f-a76097bcce01,1029,C0386,20240820,1415.85,5.0
7400,ffa0661c-4792-4e17-aaf7-53679b684e8b,1016,C0602,20240916,1043.68,6.0
7401,8ed557d9-2ece-40a1-96e2-7b68d2230d65,1001,C0021,20240723,1363.43,15.0
7402,09237e01-9846-4596-91bc-f311835479a4,1036,C0138,20240714,423.34,35.0
7403,147f34c2-c628-45ff-a62b-cf210d9c3a4e,1006,C0720,20240927,942.74,17.0
7404,589e4b8b-0167-4376-b6ae-a924557601b9,1004,C0954,20240606,991.01,13.0
7405,86a607fd-7a14-45b0-929e-e08bb6d32989,1039,C0241,20240710,212.1,25.0
7406,c81d603f-380c-447b-9b58-114a98c8cb34,1042,C0620,20240728,1756.08,27.0
7407,ee538f23-ab61-4c63-9cdf-50fd975c22e6,1032,C0624,20240913,965.39,19.0
7408,d4b8d1ec-25fe-4948-9619-127a536e6c3c,1034,C0461,20241020,1774.51,7.0
7409,d9425514-2e3b-4ef8-bd4d-537765e6d521,1026,C0824,20240615,1278.2,26.0
7410,1113dce0-f1e9-49db-aa3a-7d59a89ce3be,1003,C0352,20241114,70219.92,27.0
7411,0daad802-bac1-4479-8266-8730b810694d,1028,C0259,20240807,1163.58,34.0
7412,95f99236-5864-4670-b6d5-58fdb26c8f2f,1029,C0524,20240630,240.75,35.0
7413,fd5d9b98-9c14-4e74-a99a-6c2c65b537af,1015,C0503,20240712,987.15,4.0
7414,22295065-1e1e-4f57-9002-d28568359f97,1044,C0138,20240929,1676.57,40.0
7415,d10f3591-5f0c-4d5f-b040-983406d74a71,1037,C0329,20240801,511.4,21.0
7416,387e173e-2a24-4d6a-9061-76eddbb5919e,1038,C0783,20240820,910.14,29.0
7417,b0df4421-9889-4a88-9327-4f6398cc0b5b,1009,C0643,20241127,1476.11,10.0
7418,7886ff33-cf08-4613-92ba-cb9e5ed9c9ec,1034,C0822,20240816,1358.17,45.0
7419,ed9ed348-e514-4e00-8fad-e4d99076bc5d,1007,C0842,20241107,489.78,25.0
7420,1a936647-a4aa-4bc8-a583-ca281b68ff7c,1033,C0285,20240721,1791.87,35.0
7421,2b893a87-540a-49cf-9a36-a987f36ca750,1046,C0186,20241104,1096.19,28.0
7422,88d079f9-4d9b-44f6-acd4-c2d636580a1f,1019,C0397,20240816,165.84,24.0
7423,7a71eb2b-2c26-4335-8912-9afe6b76dac1,1044,C0518,20241105,1309.43,50.0
7424,83a26c9d-9eb5-4ad1-9171-75016b7b2c08,1048,C0431,20240710,1453.51,47.0
7425,f34e8881-51ce-418c-93e2-d71edb278016,1017,C0946,20240924,58.76,43.0
7426,915d20f9-c153-4031-9182-8cee681e0d96,1006,C0298,20241109,1990.18,42.0
7427,fcb10b1d-84db-4088-9116-e1df12186042,1018,C0887,20241023,1706.16,18.0
7428,185464ad-9a8d-448a-bfc0-0606dd73e702,1022,C0707,20240608,1723.36,14.0
7429,724700a8-d3bf-48a3-bcee-d319935a6146,1037,C0275,20240711,1528.57,18.0
7430,2af57386-92ad-4bfb-a51c-dbb28cebb44f,1032,C0762,20240727,1771.43,47.0
7431,c66b9e42-59f8-4992-bf97-07edc66d91e6,1015,C0219,20240628,301.02,23.0
7432,6b1b5bb3-1009-4a8d-a1cc-141858d24b0f,1021,C0361,20240920,554.3,38.0
7433,54e0d315-85eb-4207-8aa5-47176feba2a7,1025,C0988,20241124,1617.97,22.0
7434,b35a80f0-9972-4acd-967d-27fd45e3f8cb,1011,C0468,20240825,1215.21,31.0
7435,0b940fc6-00f5-472d-9e49-d46420bc351d,1013,C0715,20240729,988.02,48.0
7436,d8c12c4d-d097-4cda-9a2d-327619a8f954,1032,C0660,20241005,577.9,21.0
7437,288995bb-cd41-4598-839e-8f4e4e6809b0,1020,C0678,20241005,1849.52,31.0
7438,b80dc02b-b122-4603-bf39-6902625aa99b,1041,C0286,20241117,1429.66,16.0
7439,3915d600-2c71-4a83-a0a4-2d158946758c,1013,C0741,20240917,868.54,46.0
7440,13aee4d0-bf8e-4afd-ba60-448fc4f08819,1011,C0494,20240911,1698.24,37.0
7441,7b3b4ff0-54d3-4a76-b902-2905f74bb220,1012,C0073,20241004,181.32,2.0
7442,15797fae-0cf5-49fb-9fc8-ceae94ba882b,1026,C0706,20240607,1412.16,38.0
7443,255d4af6-588c-4083-9f12-fb7a52c29b1a,1009,C0163,20240711,515.77,48.0
7444,bdcf0ed6-59af-4f17-8660-896ee6225ae1,1011,C0223,20240610,190.85,8.0
7445,b3b59919-9256-4d83-a47e-d8614b70becb,1044,C0918,20240626,384.83,27.0
7446,46fab6f0-cc1c-499c-ace7-0736dd6483b0,1031,C0546,20240920,451.8,24.0
7447,6e7080d8-0660-40f4-a769-928b0ca29950,1039,C0404,20241107,1398.56,23.0
7448,19d9bb1b-4673-44bc-b140-f99207ef96a2,1035,C0167,20240710,143.06,18.0
7449,233151d1-0a8b-4ce4-8907-37c4595ebfee,1015,C0750,20240716,1169.69,25.0
7450,a87aff37-3fbc-4048-9b34-910d7644ad2f,1007,C0298,20240616,1891.28,10.0
7451,cf03e00d-a5fe-40d2-b584-0e2e6cec025b,1006,C0801,20240610,58404.74,36.0
7452,395334ad-ad40-4e2e-ac18-b0454e80ce4f,1040,C0142,20240624,1947.86,25.0
7453,ed71b8ee-7a53-45f7-ad18-55e6f047b4ed,1023,C0920,20241002,779.21,45.0
7454,5bbe1509-5690-4a38-be06-683347376906,1034,C0613,20240627,58.26,46.0
7455,8cfeac6c-1de8-4a91-9fe7-35e531ec9644,1041,C0127,20240917,106.55,50.0
7456,e275f5c2-745e-45ab-926b-902b215de0ea,1008,C0649,20240809,127.48,50.0
7457,e8c7188a-8ee7-4da5-bdaf-e13ebe6e13b4,1030,C0824,20241007,238.22,39.0
7458,8c0eadc2-d924-4bf6-9bfc-519cadcc4afa,1024,C0160,20241003,1047.8,44.0
7459,7bc3fc2a-b3c4-494f-b770-c04421bc124e,1041,C0546,20241030,1015.07,48.0
7460,3ee3bf4b-29cf-46cb-8111-ad8b111735e6,1047,C0465,20240807,512.03,8.0
7461,9b39942e-766b-48d2-ab70-8e330f0053c8,1003,C0676,20240708,402.09,50.0
7462,519165b1-6d85-456b-9e12-5f8df87feffd,1048,C0754,20241114,1352.17,22.0
7463,9c2a7cbe-e296-4b0b-998b-5b067fd3eea3,1025,C0256,20241116,1777.41,31.0
7464,40cf877c-0f26-44ea-a493-8573c941eaf7,1029,C0720,20241124,1793.03,24.0
7465,83133d21-b7ae-4d76-abf7-ee3667b19a3f,1023,C0411,20240920,1414.54,36.0
7466,642bc5c6-79b6-46d6-8de2-19c7bef6c112,1035,C0087,20241124,1815.23,25.0
7467,96be2dbc-a9e8-4993-abe8-628e699085ca,1020,C0220,20240824,749.21,47.0
7468,6f8cb987-2121-4885-a7fa-44b4e7be345d,1048,C0966,20241021,949.97,38.0
7469,0fad83d4-4a48-4fb5-9082-d228d1b62228,1018,C0619,20241021,345.88,9.0
7470,e35f5714-ece4-4231-befc-8763f79c57f3,1045,C0309,20240709,136.14,14.0
7471,85449081-ea50-42f3-abed-8b0f67e119f2,1025,C0412,20241008,1603.47,37.0
7472,a1a65de1-57b8-4af1-84c2-a9ea5d13021f,1044,C0777,20240707,470.48,34.0
7473,bc7b3d94-1483-416e-81c5-cb228bc805f3,1016,C0139,20240623,151.65,13.0
7474,d9275162-12ec-4cbf-941d-986ee58b29e4,1015,C0605,20241005,464.81,46.0
7475,e4f6c57b-caaf-4b1e-997e-3326190c1aec,1033,C0657,20240608,554.66,26.0
7476,7f533d45-f39a-4504-93bb-d10fe87d517a,1031,C0234,20240904,1520.17,19.0
7477,5846cb60-2da9-4869-bace-a58baa5dfe13,1036,C0671,20241102,1373.7,21.0
7478,d2025284-3ac2-4473-ab11-fb94937520fd,1012,C0453,20241124,1064.8,31.0
7479,3a3790e5-80ca-4871-a15b-fb98a19285af,1041,C0776,20240717,1688.49,5.0
7480,d7d2c4c4-bba9-4e8a-9a75-8c4769efe88d,1046,C0846,20240705,468.87,1.0
7481,c93e0942-e34d-40df-b021-a8b4d396cb40,1013,C0994,20240906,1451.89,31.0
7482,8f8032d6-243c-4900-b72e-5d74d6832b1f,1007,C0392,20240906,1850.8,19.0
7483,999588e2-7c5d-4f28-951e-27aef757822b,1032,C0973,20240806,1654.64,19.0
7484,c5936473-5fda-441b-9cd0-598f7f226c00,1031,C0850,20240902,1221.04,20.0
7485,c34ec029-0a68-4659-8f49-54cb9466d35a,1014,C0493,20240615,555.1,49.0
7486,b54f33a8-5223-42cf-ba69-4eecf42bb99d,1026,C0389,20240716,1015.07,3.0
7487,ffa92e02-efba-4605-b965-1abe60480977,1013,C0378,20240714,1034.27,14.0
7488,fdf69cad-bc6a-4f75-8439-2ad58491e4fe,1016,C0318,20241008,358.06,47.0
7489,a5e18f1c-3c70-4dcd-a2bd-1e7c474b6d88,1034,C0846,20240718,365.01,25.0
7490,b379fc57-aa63-4eba-85a1-76f30fcb0a30,1027,C0634,20241024,1044.53,45.0
7491,8f626a40-3515-49a2-83a1-afdc82a16731,1034,C0290,20240812,1836.47,33.0
7492,b56d2330-77bb-4f34-b164-9c7a08790f6a,1021,C0544,20241016,1978.65,13.0
7493,cf4eb0a0-d1f8-4ddc-80f7-b1ea243fd9ce,1005,C0928,20240619,1059.77,31.0
7494,f61d445b-f871-44ed-9bcf-bae683541336,1014,C0256,20240617,187.6,33.0
7495,5d384597-540d-462d-ba3c-d8f83b8db963,1039,C0430,20240731,381.43,35.0
7496,9a3e9445-3dce-4e43-9ec3-7f4856037723,1000,C0233,20240630,1050.33,48.0
7497,bac2924d-d30e-4765-9706-4c9c33dffd3e,1000,C0923,20240602,1015.07,2.0
7498,c581dafa-0676-47d0-9f8e-3d889e5b6466,1005,C0677,20240707,1385.82,40.0
7499,18ec8d63-34b7-4c37-8ff8-1201c922cb4e,1033,C0861,20241121,1470.51,14.0
7500,bb0121d9-c8fd-4aa5-a3ce-6f79336301e4,1027,C0396,20240918,1557.98,36.0
7501,f4b209b1-f985-401d-8ea3-8c52f86686b6,1047,C0459,20241122,1258.66,46.0
7502,549fa62d-51bb-43ef-b9ca-618f78f101e0,1021,C0200,20240820,468.17,34.0
7503,77dfc13d-c2d6-48ad-9844-4c2df4a38e65,1047,C0840,20240620,630.15,20.0
7504,40f168ff-1bbe-41be-a3c3-23709a092091,1012,C0772,20241104,957.02,49.0
7505,5910a9e0-f6cc-4ce8-a5b1-042b65bc1539,1020,C0067,20240905,1159.22,15.0
7506,c7f0805a-c074-4a22-a729-c130144bbaa8,1032,C0468,20240617,1756.29,31.0
7507,efb49d46-4eba-4ec1-8ef6-335561e87239,1024,C0642,20240709,747.86,20.0
7508,bc89b847-2cc2-4a1f-9e35-91c17bd83556,1022,C0836,20241001,1863.81,43.0
7509,700f9ff5-86f2-423c-98a7-37e3654d5afc,1042,C0370,20240929,1431.6,26.0
7510,867c5b8f-bb9a-477e-8570-5a1cf1770e48,1019,C0171,20240824,624.33,40.0
7511,f81bc9a9-a207-4d4a-afcd-ad6f73a339e3,1035,C0146,20240720,509.96,3.0
7512,357a5c79-2301-4ef9-b929-53b9f6361901,1027,C0121,20241006,1769.59,24.0
7513,75dc42d6-445e-4c06-a628-541dd8c21fca,1043,C0159,20241126,51.62,18.0
7514,916a6933-3f76-4e09-b23f-ead9fba2a64d,1010,C0673,20240927,326.84,30.0
7515,b46eef21-131e-4773-a137-948bcfa04486,1030,C0073,20240804,1027.32,15.0
7516,8f1b90d8-4609-438b-a2cd-85eb9118b4a2,1013,C0201,20240911,662.4,12.0
7517,d7fafcf1-434c-475a-8922-72fde7d4bf9e,1031,C0456,20240615,414.14,10.0
7518,f5874e27-196e-43f8-a7fe-0e0bf0c37bbe,1011,C0295,20240904,700.19,44.0
7519,422f6409-437f-49a1-a4af-229889a4be7d,1036,C0875,20240610,177.17,37.0
7520,73030d22-2750-43a6-8e5b-16fe5a253a18,1020,C0905,20240923,794.01,14.0
7521,630e706f-34cb-49d1-9dd2-edb8b11945b3,1004,C0889,20240809,1787.45,24.0
7522,b8b4a175-050d-424b-b6c1-f306ebf9f7ab,1005,C0475,20240617,1945.27,13.0
7523,a56c4e86-1f15-45b8-8f26-b154ad83759e,1031,C0344,20240715,1048.17,1.0
7524,e5354966-7bac-40f1-aad4-661a193d86bf,1028,C0563,20240912,329.08,36.0
7525,6066886f-e458-489f-94dd-9d13885adedc,1038,C0473,20240725,399.31,32.0
7526,48bf0844-42f0-4e4b-9ff7-d36abfe4c568,1043,C0040,20241121,1015.07,12.0
7527,3f6d42b5-f796-4a45-a815-7b2993295d0d,1048,C0433,20240726,1091.63,3.0
7528,27dc86ae-3dd1-4915-8385-554bb7755f48,1046,C0338,20241020,1043.84,24.0
7529,8682ab45-49d3-4b0d-8cab-f338983bbe9a,1004,C0372,20241006,200.43,33.0
7530,12ed7abd-ec00-4493-93bb-78d9fedb36a4,1023,C0219,20240829,293.94,18.0
7531,d24a3cab-9393-448f-9662-5fcdd632dbf2,1006,C0053,20240722,433.22,13.0
7532,5102f640-e11b-4b77-a9fc-0b4d539c1281,1030,C0684,20241109,770.89,25.0
7533,d558ac16-efbf-45b4-bb15-b84223aa69cb,1017,C0064,20240718,1731.22,33.0
7534,5a48f25b-b074-43b3-9c12-d1d8d95030a6,1040,C0604,20241022,584.52,39.0
7535,c97f64ac-f96b-4fc5-b48e-c8eafeb26585,1027,C0254,20241104,1269.04,22.0
7536,e1d46c48-0934-4454-872f-9160badd5cde,1016,C0491,20240807,99.87,5.0
7537,2bdcf554-2899-4666-a1c5-3229b2e640e4,1000,C0306,20240614,1963.78,10.0
7538,49e25044-9b05-44f3-a608-fe68eb07f292,1011,C0981,20241008,473.6,38.0
7539,b2909d12-e0eb-4454-8d9c-6fa2a741ce4d,1021,C0036,20240904,199.57,28.0
7540,1e6b2344-811e-41ea-9828-8fa6bdcd22fb,1009,C0256,20240628,1880.28,17.0
7541,5971651d-abe3-447e-ad6a-69bd45491b0d,1022,C0672,20240716,1963.96,39.0
7542,9cc87835-abea-410f-9261-338b06b9420f,1042,C0574,20241119,1773.38,48.0
7543,44c4fcf0-19a5-478b-96fd-7376480e9be4,1008,C0496,20240922,198.77,6.0
7544,50a6553b-c705-4a3b-b285-f45c0537adfc,1033,C0313,20240922,1523.44,19.0
7545,ff50ab72-25f1-47b6-810a-b911405da89f,1006,C0989,20240906,146.77,18.0
7546,066ee422-e137-44be-b43c-be6752dbb507,1014,C0067,20240616,1354.1,27.0
7547,ebfd91ba-9d86-425d-a28a-9fdfcdc9f748,1029,C0570,20240723,1375.87,45.0
7548,f758472c-96d2-498b-97a5-277d6793275e,1039,C0183,20240705,1296.8,6.0
7549,ab0a268d-2705-46d9-9115-0343ab84ca3b,1026,C0907,20241102,1721.69,11.0
7550,4a4efa21-54d0-4abf-92e6-5310c85ddf20,1040,C0948,20241127,1218.27,20.0
7551,76b44ec9-c9c5-496e-b809-772ec1254c41,1020,C0079,20240604,1112.54,40.0
7552,b0b37448-7ae8-4344-92d2-f16c2dfff8df,1047,C0014,20241017,1519.16,23.0
7553,3dd199b2-796a-4430-83d8-67fe02278189,1032,C0687,20240813,360.14,20.0
7554,b0ce63b4-b556-433b-8b30-9e85d373d32e,1010,C0304,20240904,1824.35,7.0
7555,ff0713e6-c1fc-4ff7-bd3b-6027897e4528,1013,C0187,20240625,1576.36,28.0
7556,544608d2-481b-48a4-8217-e7ef7ff23b27,1046,C0480,20240816,197.07,50.0
7557,ed55064b-82ed-49dd-ad7c-8acc0786a84a,1036,C0394,20240812,412.99,50.0
7558,11256f41-a6a1-4351-b4c0-3e06b608a447,1028,C0378,20240809,215.15,27.0
7559,13a984d5-c692-4a49-9e1d-5a35cd0faf2b,1049,C0725,20240902,834.45,27.0
7560,d4f59c70-b83b-4512-bcbc-df6011d21dcf,1027,C0875,20240702,96.32,32.0
7561,42a32bfd-402f-4ee2-888b-85a9b6355d1b,1029,C0243,20241022,897.3,35.0
7562,68f1ca5e-690a-40fa-9b7b-7bf08f204041,1003,C0702,20240605,706.36,46.0
7563,daac795b-4083-4354-be07-ef6a9da604f6,1008,C0832,20241107,1841.06,4.0
7564,06955829-f937-4f4e-9388-b45664580249,1026,C0736,20240704,801.58,19.0
7565,ee828dca-0e26-4107-8102-7e548e8832fc,1048,C0680,20240721,1333.75,17.0
7566,aae89e02-790d-48e7-b681-89f92f474430,1016,C0365,20240909,1838.02,30.0
7567,058818b3-808c-4ace-aed8-c70a90548188,1027,C0014,20240702,1739.55,38.0
7568,109e874a-fd58-4614-9005-e9be8e20a2f9,1033,C0432,20241026,1015.07,6.0
7569,e41363fa-f302-4b09-9f2d-f10a503c7259,1032,C0393,20241002,292.74,23.0
7570,fefda6b1-9024-4b56-9de7-620060b81fbb,1014,C0755,20240923,1877.53,46.0
7571,7991133a-fa86-42e8-85ef-c0e1c8a15225,1000,C0059,20240924,1302.87,37.0
7572,6874c44d-a054-4bb6-bf64-0f5c6ba5ff5c,1018,C0873,20240909,745.9,47.0
7573,82ce5d75-dfab-457f-8627-4d5508b44220,1037,C0257,20241105,788.28,28.0
7574,2652123a-544d-4815-92cc-5d92c55e8f33,1046,C0353,20241102,1015.07,50.0
7575,45cc4d7d-dea3-4939-a072-ca14b95caeba,1020,C0318,20240612,824.73,4.0
7576,c6d91022-4d96-4f56-af7d-de19cfdea9e0,1008,C0129,20240709,1884.22,16.0
7577,3782f2d8-da41-4349-a169-d047b235d3a9,1031,C0965,20240819,298.99,40.0
7578,e260458a-d95d-425d-841d-3765b1e2ca85,1012,C0002,20240807,1088.2,49.0
7579,decbc7a7-8546-4c5b-be36-48d28e96b5ce,1046,C0241,20240919,1317.13,5.0
7580,64635747-fd32-43eb-8dff-57f5c8934557,1048,C0622,20240928,840.84,27.0
7581,cbf981bc-f1e9-47b1-8d39-3f22dfe45b25,1034,C0529,20241126,1015.07,36.0
7582,ce5e0f2d-68b1-418d-9460-b5e3e6c7ec52,1034,C0042,20240908,269.77,9.0
7583,0efa529f-466c-48e1-a548-a2fac72f3658,1025,C0622,20240620,765.19,31.0
7584,4e7c27c2-6f6b-4be8-9047-ffacce1de699,1005,C0024,20240822,1192.33,30.0
7585,66f337d2-73f6-44b1-a13a-0c409b0025fb,1047,C0772,20240826,1890.65,22.0
7586,cbd0d698-c221-4f79-8a24-2d111f30a3e4,1032,C0835,20240722,296.29,49.0
7587,260270ea-6bd9-4255-9258-20baf36511a3,1009,C0773,20241119,1090.13,8.0
7588,684160d1-a3dd-487d-a35b-9b73eb41a339,1024,C0415,20240613,58.97,23.0
7589,f88de71b-7c53-4742-907b-6bd1585c0533,1006,C0700,20240613,162.35,1.0
7590,9bd7a757-9516-4396-b498-d1753dfcfd00,1014,C0020,20241031,1883.67,28.0
7591,708ea15c-7dd8-45ee-af8d-ee8cc57b4bf9,1043,C0371,20240814,500.14,3.0
7592,0fa37414-c59f-42a3-b878-cb77a9bd6898,1036,C0243,20240911,1015.07,22.0
7593,3a725b07-f901-44b8-b09c-015a6ff5498b,1033,C0967,20240928,1625.32,37.0
7594,e98659d5-107f-41e1-bcf2-36992de77e0e,1013,C0407,20240917,852.31,18.0
7595,829d27a1-8b43-4d8e-90ef-c64f1657ade1,1046,C0654,20241011,1642.06,20.0
7596,93214770-5b3c-4eed-8bf1-a99d217c9118,1048,C0663,20240709,753.91,30.0
7597,e0a705b4-922b-454b-9e95-f1297caf392c,1001,C0138,20241115,1313.55,36.0
7598,3395b558-b874-496d-8d65-b4758eb140e5,1035,C0606,20240828,1275.82,44.0
7599,f20029da-45c1-42ae-ac2b-2ee6d72f6107,1010,C0864,20240604,962.53,32.0
7600,016f0a68-cd15-425f-ba52-bb81a60df3f8,1010,C0475,20240930,804.84,25.0
7601,14702ae9-04fe-429e-b4e1-a7c93ed8373d,1000,C0264,20240925,1015.07,39.0
7602,60b33de8-155b-469e-b636-7f831235d750,1022,C0350,20240603,1528.92,44.0
7603,348a76f4-4e7d-4a84-bfa1-7fe4aa21c541,1005,C0352,20240731,701.5,24.0
7604,a0ba0e08-6bb5-4317-a8b8-d8cb4c6abe06,1006,C0728,20240831,1463.85,22.0
7605,defba2bb-92cf-4787-befb-806be88fc335,1033,C0677,20240627,1362.27,17.0
7606,c029898d-dc9f-49bc-b00f-f0417300dd6f,1032,C0354,20240616,1015.07,47.0
7607,b0a9b25c-865e-4183-a18c-b27e96eaf73d,1020,C0623,20241115,443.04,39.0
7608,a6dcf620-e8bb-4876-94bf-64460f7f4792,1013,C0381,20240903,674.47,48.0
7609,98d9deda-a657-4ca8-8484-4ce78f7cc157,1038,C0609,20240919,111.02,9.0
7610,a46d7b7f-5368-4f26-b025-74ad29a8ef72,1016,C0636,20240719,1356.89,22.0
7611,06cf9fda-30d0-4593-91c8-ac29ccd9de38,1020,C0622,20240617,743.37,15.0
7612,c189f627-dfc5-4df0-94cb-7ead06157dbd,1022,C0863,20241121,1333.23,32.0
7613,d5cf3915-1656-4082-9cef-4f97ee6f069b,1025,C0372,20240808,1277.28,15.0
7614,e4cc95a6-4f47-4ca6-a3a7-b7d9cfc2d112,1036,C0065,20240719,143.11,29.0
7615,3c644360-3b00-4025-9536-c8eb89e1cecb,1002,C0745,20240615,1764.3,34.0
7616,814a11ed-f08b-4ded-b36c-a82390493bce,1048,C0717,20240803,807.55,45.0
7617,71c2fc97-f1e6-410d-9021-c0f9f2da4a07,1039,C0092,20241116,858.72,33.0
7618,142cebe9-ca56-446a-8918-6e6355009e8f,1015,C0645,20240617,1084.24,34.0
7619,6c55dd19-4343-4068-841f-d6a15aba497b,1027,C0465,20240806,1895.45,48.0
7620,a9cca405-4632-441b-886f-6777afb138ec,1037,C0742,20240825,1135.44,32.0
7621,ca205d41-8020-4b7f-aa7d-5e92463c8ed7,1036,C0186,20240625,774.54,39.0
7622,6fdc7241-101c-4d0b-958c-ea396f146d4e,1019,C0574,20241001,183.74,6.0
7623,1175cb99-e569-4d2b-be6e-b5c28e62a6fb,1042,C0319,20240722,720.16,31.0
7624,93fd4aa5-7767-4c3a-9b0d-6508fdff9de6,1023,C0861,20240626,1993.99,17.0
7625,c972b149-efaa-4011-89a0-1930e1fc86c4,1030,C0306,20241014,971.23,17.0
7626,38975c7c-6746-440e-aa62-01d5ffdb7d10,1034,C0607,20240629,1454.37,2.0
7627,75635671-dd43-42b6-8ec0-dc552f0cd340,1016,C0441,20240719,1481.62,14.0
7628,14599363-fd7d-4d8c-a31d-2ec119c77a4f,1016,C0361,20240906,172.63,33.0
7629,901f1880-f3b1-4b79-adf4-a379c5776df8,1021,C0860,20240711,723.58,32.0
7630,642475b3-6e02-485a-80d6-37a22f1bc1ee,1027,C0920,20241115,158.29,33.0
7631,d3f6adab-92da-40bb-bd02-ae9504ef26e6,1045,C0766,20240815,1991.93,17.0
7632,0ff952ab-8a56-4eda-9abc-344f43374075,1003,C0132,20240713,1942.79,4.0
7633,5218b4fb-7acb-4897-97b5-add645bccd35,1036,C0152,20241018,1646.52,20.0
7634,6b7e2f4e-061a-4cbc-86ca-51cac0d55480,1048,C0971,20241116,1131.44,3.0
7635,afac797b-c846-4d7e-be7d-d23d8b79a4db,1045,C0778,20240918,694.99,28.0
7636,7354887d-6509-4886-9492-701eecc560ca,1038,C0757,20240922,1253.25,17.0
7637,1cd53c3f-6d6f-49c2-8da7-b2c8d06d4286,1020,C0915,20240911,181.63,20.0
7638,002ca2de-aa7c-4cc6-9519-7203f05b2de5,1006,C1000,20241025,1660.51,41.0
7639,6581825e-6040-4760-8ae2-ecc6204f89dc,1032,C0400,20240621,769.19,34.0
7640,87c6bf0e-2669-42b9-b2bf-e82ad356a4e0,1000,C0023,20240608,395.07,27.0
7641,35d8c9c6-7f1f-4f67-9680-e27ab8e72a48,1006,C0222,20241022,997.04,36.0
7642,d105e19b-35ba-40bd-ac81-e4c66ecc4f4f,1005,C0989,20240813,1768.1,6.0
7643,a0f64663-b5a3-4cb9-b1a1-60e52960433a,1027,C0235,20240714,384.45,1.0
7644,0e3230c8-ff6d-4359-be05-46d5debd17e7,1048,C0649,20240729,1468.54,11.0
7645,8adc10bb-920f-4139-8b76-8a36036914d6,1027,C0713,20241020,71.32,9.0
7646,1f981215-8eb6-47d8-873d-ee4177d7ad37,1029,C0118,20240924,318.32,40.0
7647,fa489f8f-1057-4032-84e5-4c5980f88bbe,1021,C0149,20240927,1669.81,35.0
7648,7232a65b-49fd-45bc-a74e-8befa6478c2f,1009,C0420,20241104,1535.97,34.0
7649,31a8ca64-17f0-4f79-bc8e-9dffcd51a65f,1029,C0271,20241116,86.58,22.0
7650,f7ae2615-2253-44e1-843f-e2cf7f5b14a8,1036,C0967,20240811,652.38,5.0
7651,77a60c0c-8826-4c91-9018-71efc616bb92,1021,C0118,20241010,934.22,33.0
7652,f69cd90d-65c5-42db-92b7-3a227fbfb8ae,1027,C0389,20240908,1071.71,28.0
7653,492ee9b4-c8cf-42b5-b1f5-c94559f5c4f2,1013,C0555,20240712,638.98,17.0
7654,6f4c90d0-ec21-47d8-87a1-8a4fde80c4d9,1042,C0898,20240714,1113.02,50.0
7655,fe11a0d6-02cd-48a2-96f3-cec1776b1280,1001,C0940,20240612,1456.71,14.0
7656,93fdab13-8d96-45f3-907e-6a45212c56e2,1024,C0969,20241023,484.96,20.0
7657,d400222c-e29b-4d9b-866f-fff64dd53d1d,1027,C0800,20240913,985.85,41.0
7658,f54a9320-d2df-4247-8cb3-8b0df8b3f663,1003,C0469,20240723,950.26,38.0
7659,59e68b30-7801-4068-a5b6-42a9190b6452,1006,C0056,20240807,1437.5,35.0
7660,cc6c58e5-0788-4695-9e89-1418f1657cdc,1041,C0813,20240925,787.83,50.0
7661,30e3933a-f129-4cbe-b0bf-f1b8973b3048,1027,C0568,20240729,207.83,29.0
7662,fa212f8f-915a-4000-8905-0ce3ab216de0,1029,C0974,20240728,1362.54,23.0
7663,bca35536-edb3-497e-9b31-072037c4d1c7,1007,C0560,20240921,368.86,9.0
7664,373f74dc-3e4b-465f-a5ce-58308ebf4b94,1049,C0012,20241107,1329.49,50.0
7665,ee5a6554-5b91-4041-9f4a-e44a768359e5,1029,C0922,20241102,1393.42,44.0
7666,033ec2db-55f1-4498-993c-8bbe832e28ad,1042,C0368,20240702,881.74,4.0
7667,51ec1f7a-37b9-4d9d-b4ab-9cf349d6a49f,1020,C0852,20240723,1651.66,38.0
7668,3415cc09-7ab3-4196-84e3-8a8a5ab59986,1025,C0844,20240728,1200.43,21.0
7669,b8aa8371-095d-4382-a5f3-fcfc1237c150,1012,C0685,20241111,245.66,23.0
7670,19438685-4f6f-4400-ae78-5b63140dbb04,1025,C0226,20240626,1458.62,34.0
7671,a1eb60f2-8290-44e5-9dfa-299a8bef7a28,1029,C0029,20240614,1885.14,23.0
7672,b9db4a5f-d004-4477-bbb3-bc043d765057,1034,C0425,20240610,225.17,38.0
7673,3f52bb22-f6c3-4c01-9f8a-28e075409cb2,1029,C0090,20241128,85.11,2.0
7674,ab6a3f56-38d8-46f2-b836-24218663b393,1009,C0561,20240710,1928.5,17.0
7675,d7192d52-0244-41fb-8036-3fcd5b3676b8,1005,C0802,20240618,1772.7,7.0
7676,ea9d1554-d3bb-47da-8ba5-a3e80a2dd2d0,1008,C0730,20240611,479.38,44.0
7677,2078d1e5-11e8-475a-b838-bc61c69adde5,1031,C0256,20241123,937.56,47.0
7678,b732c9b8-c7c3-48dc-b296-de5676cd562c,1020,C0792,20240623,1495.29,48.0
7679,237fa48d-b3c0-46a1-ad14-2b7ea8929170,1029,C0764,20241014,1015.07,28.0
7680,53872dd4-8538-4b16-ab4e-08665277a953,1001,C0786,20240607,1199.57,27.0
7681,6018d7b5-06b4-4f05-92f4-e893e9408489,1049,C0100,20241107,227.72,42.0
7682,2dab71e6-26f7-4f5d-83b5-b1ad0f111a5e,1014,C0199,20241023,1083.0,40.0
7683,d31c8507-ce7a-4ef0-958a-46242071cac7,1013,C0492,20240611,1452.61,31.0
7684,464d84e7-e524-44c5-97b3-037abffdef06,1039,C0874,20240725,392.05,28.0
7685,8fd4bf59-3204-438f-838d-bf85d1b4f6e2,1037,C0656,20241109,1369.61,31.0
7686,aa625f46-553a-474a-8a60-8b4d7dee34a4,1036,C0312,20241117,158.43,9.0
7687,a4681474-a500-48ef-9ea4-79cf96fff70b,1011,C0230,20240619,1875.09,13.0
7688,d4f5e81c-23cf-40a5-b07c-2883822f100e,1014,C0041,20240901,814.55,1.0
7689,e168dbf9-587f-4bea-b077-f3bf7e7fdffc,1046,C0717,20240908,1604.76,11.0
7690,ef065a20-d6bb-42be-a525-0c72a2ae3bb7,1009,C0137,20240724,204.57,48.0
7691,101f0376-aca2-4c49-b5ed-8007b61d7f5b,1025,C0043,20240627,426.95,34.0
7692,48ae9ff7-9d4b-429c-ae6f-cef1892a177d,1012,C0115,20240722,701.6,25.0
7693,bf0889b6-1ce8-4483-9ec8-6d1f157ef949,1034,C0046,20240817,393.81,8.0
7694,e2794aaa-c326-4294-ab89-dde2617457c0,1038,C0630,20241016,762.05,31.0
7695,2704bb83-d9ae-44ac-9afa-1f504573bc72,1022,C0372,20241009,1977.19,45.0
7696,933ad15d-2f41-4701-8076-56fb50e5ff91,1038,C0871,20240918,256.13,24.0
7697,1b83eb01-cd7e-4440-9ac4-6618e0643966,1029,C0178,20240926,1349.83,40.0
7698,cc97afa3-a468-46a0-8f65-53c3c9ec12e8,1039,C0475,20241125,91.94,27.0
7699,8dea6549-437d-43a5-a2b7-c0464950b3df,1038,C0864,20240915,219.05,19.0
7700,091e0b02-3f79-4589-b567-4df57b637e22,1046,C0801,20241022,288.52,13.0
7701,fe176258-f5cb-4de5-8740-7ffe99765760,1016,C0242,20240821,1986.11,50.0
7702,28d08122-cde8-4aa3-80c5-6a7b3f48968d,1044,C0811,20240627,991.6,30.0
7703,29c7122c-a2c2-4ce8-b4c0-c6dbeb5a3eef,1043,C0307,20241106,800.44,3.0
7704,8b5616cf-eb1d-4f6e-bf5e-8d666a9d06c4,1005,C0318,20240605,311.67,48.0
7705,7d8fc47a-296c-476b-8fe6-f2ffe085401e,1033,C0006,20240709,1852.5,37.0
7706,3a446ea2-b4d6-46ab-85c2-4cf015d23975,1044,C0382,20241123,1435.03,20.0
7707,2f61101f-b5ed-4637-9741-dca3febfd4b0,1012,C0707,20241121,1600.99,12.0
7708,1f0c2002-88f3-43a2-b5a2-fdc66cf55038,1001,C0783,20240827,673.1,45.0
7709,80887dd4-e62d-47c2-91aa-b27546d4a9f7,1027,C0574,20240720,1203.67,41.0
7710,79faa37c-a7b2-4410-9397-52d4325fb7cb,1016,C0111,20241013,506.39,1.0
7711,71e1c0c6-5e14-4355-8f4a-458f8bbe4ebc,1049,C0072,20240815,190.37,30.0
7712,a7babe1b-bed0-4ec7-a102-4580c708598a,1048,C0522,20241003,1643.76,25.0
7713,9345ca52-9810-42e7-aeb3-2809731b9bdc,1015,C0118,20241018,1208.75,13.0
7714,2b09c1f0-1b1f-4126-9d5a-361e3ed5688a,1006,C0451,20241010,1759.26,8.0
7715,f30c1ece-4174-46b9-bd82-506f01d3520c,1033,C0862,20241001,1865.95,40.0
7716,1d850f66-3c30-42ea-bc24-4ca67716c2af,1000,C0484,20241010,1141.68,19.0
7717,3d9b6b64-48aa-413e-9eb2-92a6690c9afc,1011,C0709,20240726,1055.08,20.0
7718,df1f24e0-f67c-4765-9512-24ecb5d10ff4,1049,C0662,20240915,963.74,18.0
7719,4128615a-f951-44ab-97b6-1501b6d6e3a2,1026,C0789,20240728,432.82,25.0
7720,a2be1dbb-dcca-40ea-8467-fe03707f9de0,1019,C0962,20241105,217.5,8.0
7721,db9a8d13-c596-4bc3-9b3e-0a8ce047ae11,1007,C0688,20240725,769.14,14.0
7722,1b96cc44-f23a-4410-9ca1-de965ba1fe55,1005,C0163,20240730,1127.17,9.0
7723,5c654842-844b-4ee7-b423-5d93a2c80b54,1014,C0736,20240722,23728.29,31.0
7724,27fea07f-8f8d-455d-be77-fbcf6769d655,1015,C0450,20241006,217.23,22.0
7725,564696c6-4cf3-42cf-ae8a-873cce65730b,1034,C0130,20240825,1878.24,9.0
7726,57c3eff8-b6b7-4df1-a010-d3be6984291d,1010,C0504,20241119,946.9,22.0
7727,1320e381-b553-4be7-a7ae-a8541c4bf3a2,1036,C0865,20241007,369.26,43.0
7728,17ba8eeb-19ef-45db-9155-a44cb9f6d4d2,1048,C0916,20241127,954.56,8.0
7729,8144e781-72c8-42b1-af74-5fa17f073e47,1029,C0104,20241108,1253.98,4.0
7730,a85b3462-7217-496d-b49e-73950a71bc07,1027,C0104,20241010,1864.22,15.0
7731,14b1d8db-88df-483c-b6b8-532b5f2089a9,1025,C0807,20240905,115.54,17.0
7732,5593a6e4-9840-4b4e-b661-fe2beec98f11,1034,C0739,20240806,1426.08,30.0
7733,f5616a6c-b57d-4479-b738-dd1f81a9b56c,1045,C0917,20240802,337.84,14.0
7734,43e1fddb-7816-4df7-9391-d80835760c83,1049,C0305,20241015,161.73,25.0
7735,0480a844-16f2-4c82-a892-a50d25df68a2,1044,C0228,20241017,821.63,35.0
7736,14356ee4-251e-42b3-ba3d-1604ff03b53e,1021,C0723,20240609,1694.22,43.0
7737,dd6ceefa-7884-4b7c-8b9e-0d9a954e6599,1018,C0543,20241126,382.33,2.0
7738,d96ae8c9-345e-4530-b559-d3276917479f,1010,C0446,20240616,1747.0,37.0
7739,b50a4096-085e-484b-a09f-7efac7947838,1032,C0018,20241005,1015.07,37.0
7740,a9be5282-263f-4721-838c-dc5d2a3ee957,1036,C0388,20240706,833.46,25.0
7741,d50cadd8-67f7-423e-9b6c-d671aaef27aa,1043,C0898,20240719,566.99,28.0
7742,7112fda6-9392-4637-948d-74dcd3a1c042,1032,C0886,20241007,949.57,47.0
7743,0f5d45d7-7726-496b-a1bc-36fa82d24f3e,1038,C0968,20241019,1849.76,18.0
7744,e7979cbb-877a-4190-b69e-3ccd971f3e7a,1009,C0453,20240920,1182.06,8.0
7745,e0e4bca5-271a-4132-8e09-2a7f24bae395,1032,C0225,20241103,1975.16,4.0
7746,dfe89075-8b53-4926-9d28-3d169b558b9e,1023,C0443,20241123,520.94,8.0
7747,69bef408-72be-4e31-96d6-a6a0b0154700,1027,C0624,20240706,1809.16,38.0
7748,4b1a4603-8afc-4679-8143-6a9a22f9a736,1044,C0367,20240928,252.74,30.0
7749,a048137f-1efc-4127-bdfd-d3cdd13eaadb,1008,C0072,20240621,568.38,5.0
7750,fef0b91b-18f1-49db-a812-1ec2031a27f9,1028,C0568,20240720,1680.04,9.0
7751,132941ce-0076-402a-ba68-66e81ad4d8c6,1021,C0653,20241124,600.37,6.0
7752,5bfc9add-7927-449e-80e5-a3261ea776fe,1009,C0319,20241013,1438.34,44.0
7753,ecab2ef8-e059-4342-88cc-9e4211aa4583,1047,C0602,20240728,726.91,1.0
7754,144d6baf-87d9-48c0-9ed7-fa5b16c002c6,1015,C0832,20240601,894.15,49.0
7755,c73041ba-d8db-449d-b5e5-86acde5e6932,1031,C0583,20240916,252.22,41.0
7756,ec654766-e114-42e6-9f8b-5095ed2bf46b,1048,C0047,20240829,209.1,5.0
7757,fc71f28f-2609-4a7d-ac39-95806a199312,1013,C0244,20241101,1540.75,22.0
7758,f4d5d687-c468-4a6c-84c6-804228826489,1019,C0084,20240719,1019.62,22.0
7759,31c81bc5-517a-4723-bf2f-bb16040cd24f,1008,C0324,20241015,1768.45,40.0
7760,dab2468d-b553-4f9a-bc56-fb30808d83fa,1010,C0802,20240610,904.37,27.0
7761,fe546ebd-9092-4bfc-a548-0d2889a40272,1005,C0282,20241013,873.73,1.0
7762,34e98cf1-5e4f-44c0-a852-f1e0398ce48d,1041,C0794,20241120,382.89,17.0
7763,b3815499-d5e8-42bb-8afb-9163783313c2,1008,C0408,20240702,178.45,26.0
7764,b1433611-8a50-4358-9a04-80e13501c18e,1019,C0860,20240711,509.59,47.0
7765,ab3ca401-3ff4-4803-b575-db1dd383a32d,1032,C0394,20240718,1630.21,31.0
7766,7a4012cb-e730-4141-9531-beb26f9b10ab,1017,C0342,20240811,1686.09,29.0
7767,693d1149-1bb8-49d1-9091-94cbf59acef3,1007,C0182,20241013,1018.93,43.0
7768,48b5a4e5-f19b-47f3-876b-650399d8b024,1024,C0574,20240614,506.01,2.0
7769,063acf65-5596-4d23-9036-ba356641244f,1031,C0328,20240729,1015.07,13.0
7770,e373a57a-ed24-46c0-b3d3-2f25cd596e22,1010,C0621,20240713,91.96,4.0
7771,9d575a8a-02a2-44af-af03-a75a3102025b,1015,C0298,20240720,1255.35,47.0
7772,2858372d-20d3-4a6f-84f8-1efde62038fb,1030,C0914,20240917,250.03,3.0
7773,45585087-c922-46b5-ba64-d0c55620801f,1006,C0998,20240901,1128.95,47.0
7774,0dac8e08-b7cf-4600-8dc3-0392833d9a97,1043,C0527,20241106,1434.87,27.0
7775,07060656-1793-418c-9441-7bb6284364a2,1014,C0800,20241014,1975.1,46.0
7776,82d86fac-4ba9-4941-b69d-5853cd872d72,1015,C0718,20240714,1216.65,47.0
7777,ddb59ae8-1d0b-40bb-a795-fe4677505188,1007,C0676,20240805,1311.85,27.0
7778,e260ea54-6884-4dc6-8c1c-b96e1e11eda3,1034,C0414,20241011,1802.27,36.0
7779,ae24082a-d1b0-4d66-9cba-c9c800bf4db4,1040,C0853,20240818,512.75,25.0
7780,ded1aba6-50cd-48c5-bc9f-75aadbdd9749,1031,C0929,20240708,53149.71,29.0
7781,6961c239-35fa-4034-b609-3f48c63e4138,1010,C0869,20240826,1682.31,15.0
7782,40c79a85-2c1e-4075-9a97-4c79d7b720dc,1027,C0056,20240903,878.19,7.0
7783,df7770f2-316f-4ece-b8c7-9d1ebc6bda12,1046,C0518,20240817,1734.4,17.0
7784,0ffe5e42-4131-417f-bc3e-895c7d690c66,1013,C0972,20240930,353.05,7.0
7785,c2af2970-7dc1-4ebf-8c02-fe2ab98cc378,1035,C0265,20241018,481.5,14.0
7786,163ca8f3-3e38-4283-9ab2-408b526dd3a5,1032,C0214,20240730,534.12,16.0
7787,c280ffd4-7d4f-480c-b2f3-12129c9a7c3e,1007,C0027,20240619,1288.86,5.0
7788,e9f6213a-3948-4e4f-acb8-cb8b5e49bd2e,1048,C0821,20240720,1581.2,3.0
7789,4269efcf-813d-4bf8-ad84-1c6df8cd355d,1029,C0613,20241122,1390.57,25.0
7790,e6f3da20-d1ed-488e-ba19-08f4a95e03f3,1028,C0828,20240702,1872.76,8.0
7791,2ccb9bda-2d8c-4e41-8769-3116887aadea,1017,C0981,20240601,1934.39,1.0
7792,3797ec5c-793a-457e-a2d0-0d219d07ce75,1010,C0708,20241105,1645.16,29.0
7793,bb186f7c-6115-4ea9-a792-aa55496eaa40,1027,C0875,20240706,308.63,28.0
7794,e96e23ef-4c77-4e96-ab9e-20d6658431b7,1000,C0318,20240623,1912.58,28.0
7795,798a32e5-b752-4611-b778-4641b8d7bafb,1022,C0051,20240624,291.14,27.0
7796,2bd95756-bd26-4022-84b7-3369f651984b,1007,C0534,20240720,1129.01,18.0
7797,41ac0a04-6556-4fe0-ac87-f096991738df,1037,C0792,20240715,90.92,24.0
7798,a843a28b-ef55-486a-b073-e8bf446747c0,1024,C0858,20240710,1974.45,40.0
7799,6f84f44f-e2b6-4be0-a3d7-8e8e76f13e0c,1014,C0986,20241127,1174.44,25.0
7800,f93d7bbd-eacd-4411-a26d-a7b1583e3479,1047,C0762,20240813,974.39,37.0
7801,1c890578-4467-4908-9a0e-bdd978ef73e4,1004,C0647,20241009,1015.07,21.0
7802,0aac4f69-934c-4676-8f73-011b80d4978f,1045,C0899,20240730,876.84,8.0
7803,cfebe7a0-9ff9-45bf-92a1-fc89db40ea3c,1020,C0464,20240824,1567.14,16.0
7804,b7212805-7fff-4c7a-9187-289761433212,1023,C0583,20241101,1034.36,23.0
7805,505452be-00bf-466d-9037-04c9bb06ed2c,1023,C0451,20240615,1552.76,25.0
7806,e6ee7e4f-6668-4288-aafd-3a14aefd83a4,1036,C0906,20240619,1015.07,9.0
7807,7c2cb7d1-3882-4935-9d44-33fa2926443b,1007,C0548,20240927,1684.94,40.0
7808,5a935a3d-9ab8-4c36-a159-e87d5a4f152f,1002,C0133,20240808,953.77,19.0
7809,77518c88-a423-405c-96b9-0ebaa0bcd8e5,1004,C0469,20241014,1015.07,29.0
7810,d5b3e137-97e8-4020-815f-096bcec8f699,1004,C0428,20240615,1603.92,24.0
7811,f3659021-fcb4-4ff1-a41e-a530c79eb1be,1028,C0097,20241101,121.45,29.0
7812,5ccb5727-9d4a-4c9b-a94a-737b7004b479,1014,C0323,20240612,545.28,41.0
7813,4aab4ed9-e76c-4732-8b5b-1ae283887caa,1043,C0747,20241116,943.85,14.0
7814,fc9be487-d13a-4264-8afa-96398fd2492a,1004,C0523,20241027,703.56,21.0
7815,1318a3c1-1d03-475f-80f5-01363ebeda3e,1019,C0842,20240608,92.35,25.0
7816,45768c8e-1e06-4d00-9444-055e99888aab,1038,C0491,20241013,1372.2,12.0
7817,af2ce044-b529-426a-af65-49247c419577,1011,C0134,20241105,839.24,9.0
7818,e011b171-5b8a-4bc0-b645-30ab3fb08447,1012,C0404,20240605,487.45,27.0
7819,60a28d3b-ccf0-4f31-b662-4b422c64ec52,1008,C0194,20241103,1788.76,8.0
7820,e856b0f0-92d0-4484-ba56-d4f279d4e5c9,1026,C0523,20240710,101.08,21.0
7821,e4486625-e513-49ad-bb91-fd3a022d9b27,1047,C0570,20240620,1321.07,3.0
7822,4ba07a50-7f1e-4503-af05-95cd9372156d,1004,C0381,20240731,1252.4,37.0
7823,bfb2732c-9e33-4b5e-901f-053afce81868,1030,C0132,20241025,528.76,38.0
7824,fe5e1e6b-c70e-4b43-aa88-e3c941a9fc95,1004,C0971,20240907,1385.94,31.0
7825,2034cb11-3016-48a0-aaaf-a1dd6f1af5df,1035,C0599,20240809,544.44,17.0
7826,9258c14b-be89-412a-a472-533e68a86465,1005,C0051,20240827,858.94,3.0
7827,08636306-9bbb-4a45-9ce3-55984602c96a,1047,C0881,20240929,1573.62,3.0
7828,f6d804b4-cc32-4487-b5d5-5cc9ffddaf50,1031,C0205,20240724,739.38,27.0
7829,42e96ce8-712c-468b-99b9-fde45e609a13,1037,C0971,20241023,1495.33,38.0
7830,c1b45206-3554-4742-a0ea-6cec716b2359,1000,C0557,20241120,598.91,14.0
7831,0dae647d-7517-496c-be12-c90bd96a7158,1048,C0653,20240627,1532.54,12.0
7832,392856b8-beb9-4649-84fb-b9ccce3418a2,1041,C0259,20240930,1941.38,20.0
7833,3949a201-aeb2-448b-8fe2-cc8adf6fe791,1028,C0810,20240822,740.86,36.0
7834,d560029c-9699-4719-8041-3a7f39028c5a,1010,C0037,20241107,395.24,8.0
7835,f4c80a87-6331-48a9-82dd-bb7160557be8,1049,C0049,20240716,719.53,44.0
7836,6b7bf04c-2d70-4925-a195-050a56271a3c,1013,C0669,20240721,1559.61,37.0
7837,75c88588-f71c-4f85-9895-b587949e283d,1010,C0959,20240820,593.23,32.0
7838,26443c44-771f-49e0-a731-17f6f6fb8fd4,1037,C0469,20240831,1036.3,46.0
7839,871efdba-62ce-4fae-bbc0-cab56a83305f,1005,C0078,20240610,1203.79,18.0
7840,d5e246c3-bbeb-4b26-bae6-cbeabd7cd7f2,1034,C0565,20240816,1015.07,30.0
7841,e29c9593-7798-4244-81ef-9a062904cf68,1008,C0963,20240727,513.78,14.0
7842,cc973041-e27b-4e2a-95fd-94b2ea3df60f,1027,C0047,20240720,1377.86,20.0
7843,4424d313-764b-47d9-99f9-ea649524a894,1015,C0561,20240626,1881.54,31.0
7844,2c967968-f24f-407e-ac57-cde108f833de,1036,C0373,20240916,1508.35,6.0
7845,0f174425-5b8d-41fc-abc0-d157d0d6ae88,1012,C0989,20240703,1015.07,19.0
7846,42ea7039-565a-4273-8cec-c704a9d5366d,1013,C0852,20240622,968.35,10.0
7847,9aad0b4d-3fff-46d2-81a3-5a24b5c098bc,1018,C0153,20241031,1692.15,15.0
7848,194f94ec-f503-4e46-9ac8-c8f72c394cbe,1007,C0143,20240623,966.87,38.0
7849,4eebc92f-ea36-450e-a2dd-2b52358724e2,1004,C0306,20241031,1123.59,50.0
7850,b9d699b4-7ca6-4fc0-a0bc-3fe42c661b28,1013,C0072,20240705,1866.13,42.0
7851,1138d81d-3d8c-4f76-af59-b6fe768797ae,1031,C0057,20240809,1213.23,29.0
7852,3e3ed72f-dec3-453e-a5d4-28982eaa72c6,1016,C0194,20240612,1015.07,23.0
7853,0e12dcde-7f15-499c-b95c-6f73077ad6c7,1034,C0578,20241101,1419.99,21.0
7854,b318bf53-b534-48e1-b99b-bec799f6940e,1025,C0322,20241122,1116.85,39.0
7855,1aa4a9e4-ec7a-4c5c-9400-86cb5865eb46,1010,C0379,20240816,1062.61,14.0
7856,3e007828-4590-4b28-9aca-b05d6bcd05de,1017,C0895,20240928,1629.67,46.0
7857,a3aba913-151e-4e52-b842-6870479ea05a,1007,C0363,20241008,1997.65,44.0
7858,26e5905f-bb86-4cb0-9885-469cdb360832,1036,C0357,20240727,565.4,3.0
7859,a4544308-b94f-4fb6-bb2e-0f0bab412522,1010,C0877,20240801,875.62,43.0
7860,ce4e880e-ec1b-4498-8047-50c4da1d5ef7,1009,C0113,20241007,87.57,33.0
7861,54e23ddc-3e48-4393-9967-4f440f1ad37a,1023,C0180,20240707,1762.27,17.0
7862,6c452345-c03a-4a7c-93ac-87af33e3b7b5,1046,C0958,20240915,1495.9,16.0
7863,05c05e89-de35-4c5a-9b8d-8957f4a468b2,1044,C0692,20241014,379.94,4.0
7864,eb4f75ce-4082-4b5a-8516-1b1ff8cb8e07,1009,C0429,20241126,516.17,20.0
7865,4a3c6aeb-33b8-430c-a0bc-5dd3b2e64f14,1008,C0542,20240928,272.67,43.0
7866,5fd1d036-7246-43cc-896d-68f11461541d,1024,C0713,20240920,527.52,31.0
7867,cc9f4213-419b-42ab-9341-1a2b07771e8f,1004,C0805,20241013,728.91,23.0
7868,ec65146c-9c3d-4d4d-8fb8-3f4b913dee98,1017,C0946,20240816,265.86,5.0
7869,74a79f3e-493b-45da-9d32-3e342eba8215,1021,C0785,20240906,518.8,13.0
7870,fa303427-52c6-4492-9943-eb0960e195e1,1038,C0010,20241119,334.04,46.0
7871,4258277b-759b-43c8-bc91-db7c48f8e0fe,1016,C0579,20240816,126.0,3.0
7872,7f43fe86-9d89-45a6-a450-1678129e45bb,1016,C0719,20240905,1203.57,32.0
7873,6a992181-4163-4f0a-9efe-89b492f536f7,1012,C0843,20240619,1118.12,46.0
7874,d8ab2a03-99e5-48ec-b5de-76e3c6c3f6d0,1015,C0148,20240715,738.39,24.0
7875,c4099e3f-ba99-4b5b-bf5d-fa4ab5b0dc69,1014,C0951,20240615,1947.9,48.0
7876,a0c8cdc7-1a70-4c05-8501-f2a1b3afe93c,1013,C0884,20240811,1053.89,11.0
7877,dd7580a6-ce83-4cb6-a8e8-bed9df1bc340,1002,C0971,20240813,1285.99,20.0
7878,e66f6059-5186-430f-84f1-e01af98e44e2,1037,C0876,20240926,529.25,32.0
7879,3d0f8e16-364b-4b0e-8684-31df52e81e3b,1037,C0332,20240602,1076.57,23.0
7880,b5ff4549-3c48-425b-ad27-9c0d924f364e,1025,C0618,20240717,976.37,4.0
7881,bdd585d2-6a80-4f37-a51c-a2b7211a92e2,1037,C0386,20240817,1910.24,2.0
7882,3a01a697-416f-4e43-adc8-3af9fee1bd93,1042,C0251,20240914,655.02,22.0
7883,432abcb7-107f-476f-9a7b-d2c6c1607765,1045,C0600,20240630,961.12,43.0
7884,c7308561-a00d-4ddf-b8f4-2346287da4f3,1042,C0448,20240618,730.94,12.0
7885,571e43c1-0d7e-4db5-86a3-6cabd2eda770,1038,C0891,20240623,1163.28,10.0
7886,17c14d83-8f4b-4dba-8c08-767fc318f895,1026,C0755,20241004,931.24,12.0
7887,5ed1576e-5a2c-4292-9676-4706a6128e19,1046,C0510,20241017,478.35,27.0
7888,ae818b8c-2368-4345-9b48-11d4c7e9af25,1014,C0586,20241122,1272.62,34.0
7889,af218eed-9f12-4ce5-847c-b5eb117be084,1009,C0932,20241111,794.42,48.0
7890,a4c79bc8-8944-451a-9dfa-a06968293a0e,1011,C0119,20240902,1799.74,49.0
7891,c70baac0-8a94-4d9a-a727-8a6994b21897,1012,C0858,20240623,1263.97,11.0
7892,c2682fca-677f-4697-9731-0d53383efc05,1032,C0765,20241116,1119.42,16.0
7893,cdfbe409-37d7-43f7-9da8-67b443c57760,1013,C0164,20240802,1079.59,25.0
7894,049917ab-4aab-41d9-8f7f-89071f88ba71,1028,C0225,20241018,482.7,2.0
7895,a187d23b-d966-4066-a0bf-44267dcb8f66,1017,C0606,20240710,652.63,10.0
7896,a202e7ac-6aed-46b9-a602-984abf41a84a,1035,C0433,20240714,1942.78,18.0
7897,b703ef75-12b5-4ad2-a6fa-f1438310bd42,1040,C0769,20240918,1015.07,23.0
7898,a92164c4-824a-409e-a8b5-e026e7dc46b5,1039,C0090,20241027,1918.08,28.0
7899,d193ac6e-72b6-4980-a0bf-e103cf9b6568,1014,C0565,20240710,74.35,24.0
7900,2ee4968d-110a-4177-9688-7307e076a432,1002,C0535,20240814,77.77,41.0
7901,5699fc37-5af9-43bd-b255-e90223ebf2f9,1019,C0475,20240622,1809.24,49.0
7902,49d4daaf-3135-4ce3-9d55-dc7a99cc00b3,1013,C0874,20240628,1954.08,19.0
7903,3031db4d-a6d6-47c5-9177-523eb832def9,1022,C0846,20240706,1368.72,30.0
7904,d6311876-b399-4a22-b3f0-de322f7f013f,1028,C0439,20240730,1131.16,17.0
7905,a148aac7-01e7-4379-b041-b05ac4efd0ee,1009,C0817,20240617,1146.23,37.0
7906,91fdb2fe-4945-471e-8125-51f9deb2cae3,1032,C0996,20240918,1015.07,30.0
7907,368e9f8e-465b-45d5-a768-5ce8d0de3345,1041,C0097,20240725,912.72,41.0
7908,cfc73229-68a4-48eb-ab4f-6724d9563f32,1047,C0635,20241109,1213.56,23.0
7909,0ac05edb-8800-4180-8dd0-b950e1139698,1032,C0902,20241108,87.44,2.0
7910,e462ad79-a184-482c-8396-bfa7d7630ec2,1014,C0474,20240720,1159.22,16.0
7911,5b52645b-82d5-469b-b21e-e5f7ab6e12d0,1035,C0618,20240807,514.75,36.0
7912,6bdea410-d54e-4ca8-be0d-58197b97b61c,1008,C0487,20240820,1015.07,46.0
7913,a3f2731c-b766-4878-b9e1-780b3a8d4e8b,1018,C0077,20240606,1015.07,39.0
7914,25090f1b-5b18-4b2f-9075-3733c3dd7aee,1031,C0193,20240702,1134.59,33.0
7915,9b0bac9c-e0fb-428a-b896-208a199f89f4,1023,C0780,20241001,1102.34,42.0
7916,2a048375-6b12-45c0-aa17-ab876ca469bb,1018,C0459,20240616,442.26,12.0
7917,d697a9ee-ebe3-44b8-98cc-12419938956f,1001,C0586,20240701,1015.07,42.0
7918,b70961e8-9b41-4b58-ae93-2acc4856aebb,1002,C0912,20240910,1677.03,10.0
7919,e667bbe5-e38b-40ca-a661-d503cbcbc851,1042,C0439,20241023,1673.78,13.0
7920,ee831133-3c6c-48cb-bc2c-dd3afbafc26f,1008,C0244,20240613,268.8,50.0
7921,6bb08da7-218a-4198-bd0d-b24640032c33,1026,C0495,20241021,1268.76,6.0
7922,00396d81-d7d5-4a35-a094-ef883a73d31f,1033,C0396,20241002,158.71,31.0
7923,6b608f6a-3393-4a6c-9fe5-9afb3a6c9d86,1000,C0033,20241121,1858.91,35.0
7924,42721164-c44a-4e0b-a05e-97195ddf72e9,1013,C0905,20240830,474.38,2.0
7925,65016341-d935-43c4-80a2-7a80d89a94d6,1037,C0566,20240621,998.73,14.0
7926,3ab6a0b9-da52-4699-ba34-72d4d8e00fa1,1042,C0151,20240708,1432.59,40.0
7927,692b41ba-016c-41df-a9d9-ecdfd41c3a93,1023,C0215,20241018,1883.95,32.0
7928,8dc36d67-50b5-44d4-b60e-e6c0758fbe1a,1045,C0569,20240826,756.94,22.0
7929,eada3499-9f44-4766-aa9d-5f5db85d4b55,1024,C0274,20240604,1872.49,17.0
7930,319b8596-803d-4559-b862-e873dee71143,1037,C0158,20240904,879.94,3.0
7931,d7ad6f27-acc5-4113-91ac-60ca10021c0e,1012,C0041,20240604,1007.59,41.0
7932,0210f67d-a13b-447e-9db0-cacdffa9f8c4,1045,C0782,20240608,1701.11,21.0
7933,8b700a89-088e-451d-af79-5efb9d9b5f96,1026,C0814,20240805,498.22,49.0
7934,22b8456b-f34c-434e-8fa8-2ecfe5dcd8e0,1005,C0170,20241002,762.89,37.0
7935,115bb388-4e15-4356-a3a3-0ecaa1679f8c,1021,C0182,20240816,1697.03,28.0
7936,38a5296f-4301-4b1c-b4f5-5d130de77248,1013,C0121,20241120,1420.28,35.0
7937,13c2adc5-32fa-45b1-9c57-ac79ddc4fc99,1035,C0388,20240610,518.53,41.0
7938,73f3f11a-27b6-4e59-bcee-f6dc41f003e2,1018,C0909,20240618,1771.5,4.0
7939,f4466bfb-3773-4f9c-bada-21eda3529108,1020,C0492,20241026,556.21,41.0
7940,c9dd8ed6-756a-42b9-a824-2869f3074a39,1007,C0226,20241121,836.84,15.0
7941,a339c053-2316-410c-9d23-06fa9690e383,1012,C0560,20240703,499.97,3.0
7942,c15444c3-45b8-499f-a649-08beafac8972,1015,C0415,20241031,1266.29,25.0
7943,79be94e5-3521-4ac8-8d31-0b4beb1d3c24,1023,C0243,20240823,785.62,42.0
7944,42c45259-aa66-4369-9395-05b2e63b1a07,1016,C0780,20241103,1015.07,27.0
7945,93f068bd-d20d-4b0c-af0e-1d0e67834460,1016,C0211,20240804,989.34,5.0
7946,791cd1f0-63dd-491c-affb-b3e579342d00,1032,C0631,20240627,1546.73,15.0
7947,1c11566c-393a-4cc3-b0ca-a968db7f18ae,1015,C0016,20240728,384.5,12.0
7948,3de850f4-f05c-4b89-bf28-3c2448fd1b5c,1045,C0730,20241022,596.33,38.0
7949,e3787ea4-8617-47c1-b973-162b7c7c1a18,1037,C0433,20240709,387.67,30.0
7950,c9327438-236c-4b3f-b626-4d8e82f1593a,1008,C0818,20240806,735.47,46.0
7951,1b39c4bc-1d20-430f-bc89-d8f32cbcf1f8,1003,C0612,20241025,207.36,42.0
7952,e63415da-3dde-46b4-a22f-29c10765cdf2,1019,C0947,20240820,1860.5,50.0
7953,4700e623-098f-49b8-ad74-f40ce801de98,1011,C0517,20240608,718.52,14.0
7954,74909fbe-21e4-4a41-addd-a45e5684f284,1010,C0012,20241104,840.13,22.0
7955,a4497327-35a0-4db3-b527-88eac7aa2c1c,1037,C0672,20240712,573.17,22.0
7956,6dfe647f-bcfe-4c05-bd35-20f8a6eb6783,1005,C0493,20241011,1765.85,47.0
7957,8dddee29-69e4-42e0-8328-10fecefe997e,1010,C0736,20240912,764.34,2.0
7958,d2f09043-79ad-419b-bad9-8eee6992b219,1041,C0213,20240818,552.63,29.0
7959,59596302-5b42-45ee-a2f1-51722b2f2db4,1004,C0588,20241016,1734.45,3.0
7960,9865144f-9688-4145-9a0f-25388d4bceca,1028,C0728,20240912,58.07,9.0
7961,b070e84d-d6fc-4699-b606-a0e472cd9256,1037,C0688,20240911,870.47,20.0
7962,2c6818a5-e992-460b-978d-67ea9dc8eee4,1037,C0883,20240904,1501.49,14.0
7963,1b4ced7f-fabd-48c3-9b36-8801df7899b2,1047,C0751,20240622,787.33,3.0
7964,33df983c-27e6-4c91-8f09-36cd54ac80cc,1019,C0757,20240706,1787.11,23.0
7965,a3178c4c-77d5-44ca-b1b5-824c7f8347d4,1045,C0466,20240726,1807.41,5.0
7966,06879b9e-876a-4615-b2b8-d9431cf07c86,1012,C0378,20241022,1015.07,39.0
7967,2cddae49-6251-43c0-b77c-4db5d76ee142,1026,C0046,20240608,1135.24,23.0
7968,d8de75a3-31ba-4bab-a0da-f3bcd8a666c4,1007,C0558,20240716,139.29,49.0
7969,551480cb-d745-49cf-a5da-c7b98c27ed89,1016,C0865,20240827,437.44,1.0
7970,7b1e7a56-84ba-4a17-9e13-a9b0e8c2da89,1028,C0887,20240922,385.59,20.0
7971,3dce138d-7c63-4e4b-a8db-8759ce5fc8fc,1033,C0881,20241005,1318.55,6.0
7972,776846f2-9176-442a-85e5-8b846eed34f3,1048,C0331,20240924,1517.15,45.0
7973,ce3558f0-e056-40af-b423-c0d5170fedb6,1037,C0494,20240810,900.82,41.0
7974,be0c9048-0fa0-4659-856b-844296a8cbc5,1034,C0460,20240615,1676.03,9.0
7975,f6b9029a-5d33-4066-8f8d-ec64a64e1f16,1045,C0831,20240705,964.7,46.0
7976,89a27a3a-98c7-487f-8858-036feb3e5fee,1040,C0930,20240616,917.57,40.0
7977,d9818b82-037f-4d5e-8375-f7395836b51a,1033,C0897,20241109,1231.9,5.0
7978,0ed44c56-c646-4e86-9886-4bb9bd33a106,1041,C0995,20240618,1970.92,39.0
7979,e2709577-d442-46ff-8d1a-766f7891e11e,1024,C0024,20240705,469.66,39.0
7980,b2fc1a6d-f6fa-45f2-8a8e-a16b3ac3afc7,1018,C0732,20240914,1184.79,29.0
7981,fc859336-e05d-4d61-8dc8-0f79e579cb22,1043,C0244,20240818,1438.85,16.0
7982,f32b51a6-67af-410d-807b-62d3b5497a6b,1029,C0443,20240919,1992.77,39.0
7983,162c1ec5-afc5-45a3-a9c2-e1a1a0e5d530,1035,C0485,20240611,960.54,31.0
7984,3ef5aac1-ab0d-4d32-8aa5-d0280d1e0030,1014,C0028,20240603,1589.22,6.0
7985,43ad5fa1-ebe1-4e46-a001-9599b8907022,1048,C0662,20240716,1015.07,21.0
7986,6a1d8a35-62df-4a24-a126-8d7cc4056b10,1027,C0943,20240722,1695.6,39.0
7987,1c4b634b-ca99-4d5d-8eb1-69e70cb29fc0,1035,C0446,20240914,1015.07,2.0
7988,2271e25e-865f-4ba2-b26d-46c320905935,1035,C0415,20241030,312.38,5.0
7989,06f63cc0-315d-4d0e-8ba9-b8895dbfc9f7,1014,C0110,20240618,1861.36,2.0
7990,db54eeb5-83f9-4249-8497-5a84499526fe,1029,C0051,20240615,582.78,30.0
7991,444cb915-8a66-4c8f-b052-87b2100a600d,1044,C0280,20240723,1204.33,34.0
7992,d8f9d04b-83bf-43b1-9381-514f9832ef59,1015,C0605,20240612,268.36,18.0
7993,0bcedde7-b080-4ed2-afdf-518a19701a6a,1028,C0223,20240806,1564.85,6.0
7994,1ac148d8-5b52-4502-a223-1f1d9d16c2fd,1013,C0180,20241005,980.16,15.0
7995,26ffc575-29d3-44ec-b854-c76fa92f80ce,1007,C0995,20240916,205.59,31.0
7996,ab3a83ab-dbd4-404b-8333-95622e4d0aa1,1004,C1000,20240614,1699.56,23.0
7997,e18c3804-a82b-4878-a7e4-d94b69f3352b,1023,C0846,20240611,352.49,33.0
7998,20ae6c55-aaf3-4a93-868e-3e30a7434c8d,1026,C0579,20241103,1079.35,47.0
7999,8d514547-b132-4d57-82e0-b8e508c3c991,1026,C0203,20241018,695.36,32.0
8000,8ddf40e0-87e3-465d-878d-71558a9ff4da,1038,C0237,20241030,1015.07,29.0
8001,a667fe15-5478-494f-835a-8220bb2e3b8f,1021,C0581,20240905,1788.23,13.0
8002,00cd1898-16ea-4c33-a936-22396f1d42d5,1031,C0371,20240712,67.56,1.0
8003,91d81096-8439-41ca-a31e-61b34b2ee3bf,1004,C0780,20240623,1929.9,1.0
8004,14430d3b-aeec-4b05-af5a-d958041a2777,1029,C0113,20240928,994.81,11.0
8005,f9d31f2b-8d02-44c4-8712-c41279f8006b,1007,C0051,20240913,825.08,8.0
8006,78418351-6684-4132-aeec-95cb59456503,1012,C0737,20240911,584.28,13.0
8007,37ed47d3-5ec0-4b2d-9038-afe97da0c1fb,1031,C0587,20241102,1138.24,29.0
8008,e77cfa38-42a4-468b-b1b0-50ecbadd4599,1022,C0838,20240923,385.68,33.0
8009,73069da0-e354-4ae6-bad7-b553cb078750,1048,C0343,20241019,788.26,34.0
8010,e54e8050-2881-4149-818b-1d268939150f,1039,C0510,20240711,713.13,24.0
8011,fbc8109b-9cf1-4340-97a6-f1b9d695aba9,1004,C0671,20241023,1192.37,22.0
8012,79a945cd-28f6-4695-a3dc-d14327142398,1008,C0109,20240827,723.46,28.0
8013,0e157eb2-03af-4357-8efe-e04f3f13f608,1048,C0802,20240711,1465.69,23.0
8014,efd3bdb9-0c6b-4e7e-8124-c8f1ed579e7f,1044,C0192,20240703,1872.09,16.0
8015,6aa040a6-f542-4ca8-be34-8c866e690e6b,1023,C0704,20240708,892.26,7.0
8016,f5dc40f8-91f9-49a4-9bb0-2f9d2ff80253,1012,C0067,20241119,1033.14,11.0
8017,6318ef8c-4b38-48a3-a001-bfee61a41755,1035,C0389,20240717,1613.45,20.0
8018,03e6a762-1255-49ee-91a8-13bc98f1bbfb,1018,C0521,20241103,410.12,49.0
8019,bfa074de-90be-442c-8450-90192454f1c6,1030,C0694,20241107,1475.83,23.0
8020,0df13b44-b1fb-4055-949d-3f3f08e45811,1007,C0790,20241117,1660.81,26.0
8021,d3baa518-fa45-4a21-8148-924b45ed96c3,1038,C0980,20240626,1015.07,5.0
8022,a3858872-b4bf-4ac7-8fde-8d6f1ef6f100,1020,C0605,20241009,232.87,19.0
8023,ed38ca35-195d-49f2-ac36-8ce4f1765a0d,1045,C0626,20240924,179.14,39.0
8024,03a28d51-d46f-4fd6-96ba-861295148774,1049,C0229,20241112,899.9,30.0
8025,525948ba-1be7-44ef-9525-990f5052626b,1022,C0171,20240923,1336.05,37.0
8026,d8be9ff6-44f1-4c6e-a1fe-3cb01742a4ba,1029,C0358,20241016,1975.71,47.0
8027,77858304-4784-428f-a484-84cf556f6543,1037,C0709,20241102,206.08,7.0
8028,47487276-5a0d-4a1f-9209-90fae4f0dae5,1024,C0955,20241027,1894.79,21.0
8029,60419e9c-2977-4526-8209-63dc63f7308c,1046,C0186,20241123,848.74,3.0
8030,88ce00d7-e4f2-4415-b4bb-bf9ec4f46963,1033,C0092,20241120,768.51,4.0
8031,d244b53f-b63f-489a-b3f9-bef1d24feb4c,1048,C0437,20240605,164.52,45.0
8032,76e57612-6a5f-4f50-8615-e7a3071557f2,1033,C0344,20240801,1496.2,42.0
8033,12dc4fe9-fbcb-44d4-b0c6-fd3decfb8dbf,1005,C0241,20240627,1164.3,30.0
8034,57659e93-68cb-4ef8-9d45-b0e7d1e39fc6,1023,C0707,20240827,819.17,25.0
8035,418ca63e-8771-4e9c-84ce-386a91894c45,1029,C0136,20240723,1829.04,14.0
8036,79d5db50-b258-48e6-84cb-a970bc28d081,1025,C0593,20240827,1916.05,21.0
8037,4d7908f7-225d-42d6-b3df-bbb0221e92b7,1007,C0738,20240623,318.13,31.0
8038,b0fc35d8-aafa-4762-9b64-98a380d3b173,1011,C0294,20240617,242.27,6.0
8039,4f57d5e3-9401-4312-a083-8037b86547b1,1000,C0432,20240919,974.49,43.0
8040,72bf53b4-e8bd-4277-ad79-87ab98795afb,1034,C0816,20241004,1478.25,19.0
8041,007a0ef1-40a3-4fd7-92d7-e9f8b43629cd,1004,C0510,20240728,378.8,27.0
8042,ec8177bf-3f94-4d1f-a8fe-11b5a997354b,1043,C0644,20241101,1000.6,5.0
8043,a5016f03-9a19-42d9-b14a-0dc4467e446e,1005,C0451,20240916,842.24,2.0
8044,39e19984-0422-4c47-bb4a-91262fc3f6f1,1004,C0281,20241124,1015.07,42.0
8045,a3a26772-254f-4d0a-b254-2b70354e3071,1033,C0375,20240918,1576.06,13.0
8046,83b59322-6886-4729-9597-f75931a9b042,1042,C0855,20241124,861.08,8.0
8047,d0e529b3-27a4-49c1-bfd4-571dfc030038,1008,C0688,20240810,554.23,40.0
8048,3873e588-5e7e-4431-8653-1826b132fb2c,1025,C0060,20240706,291.61,46.0
8049,d765e6af-12e1-44b6-9cae-53f42aa79fa0,1041,C0176,20241019,681.83,27.0
8050,4bc9ef09-18a3-433a-9ba6-d42b1b694882,1043,C0996,20240826,1651.36,28.0
8051,91d329bc-656b-4bd6-bd24-1a40e1fe89ae,1005,C0973,20240822,1015.07,28.0
8052,989e0856-bbd2-49e1-86ef-29a2ea1a1ed0,1030,C0199,20241118,1636.81,35.0
8053,7e4f5fe5-3026-4976-87e1-2db9ccd9d7a6,1040,C0095,20241022,850.15,27.0
8054,7bf0242f-f53f-4b6e-9a08-a8bf2edc0ec0,1029,C0284,20241028,60.48,10.0
8055,57946cda-3412-40b6-91b6-a2dd9df56031,1017,C0830,20240704,1452.51,16.0
8056,681fc4f2-6c04-4e88-b5ad-b6e36195ba2a,1021,C0863,20240808,1345.0,12.0
8057,74f02b18-f11a-4a10-9ec7-8a55396d14af,1027,C0054,20240812,1447.33,11.0
8058,3599314e-275c-4bff-a424-79c6de0cd46b,1008,C0921,20240612,179.14,12.0
8059,eeb4a2e0-586a-4018-9507-87f04a45b114,1029,C0463,20240617,1013.82,48.0
8060,a9677ccb-8ab6-4c30-bf5b-603929af2bf8,1043,C0676,20240609,1835.19,29.0
8061,60420962-7a75-47f5-a900-6e37ed18376d,1021,C0164,20241001,1557.73,50.0
8062,b471d43e-8ab2-4dba-81e1-449b743bf149,1038,C0471,20240609,1065.84,41.0
8063,d54743f8-1f28-4f94-8961-302ae79b04c6,1009,C0157,20240921,946.19,19.0
8064,58cb9f72-3eb2-4168-8f55-83e03f604f04,1008,C0702,20241104,51.86,19.0
8065,9c704b80-10c9-4469-9633-7f272e7b230c,1043,C0764,20241017,1038.22,38.0
8066,7fcbc13f-198f-4572-8730-5fd0a7616856,1029,C0911,20241025,882.44,11.0
8067,444f926a-ad89-4faf-8b15-fe721cadd79e,1015,C0806,20241028,1302.84,14.0
8068,ea4ab8db-8ce4-4be3-8780-85a1325bdac2,1002,C0739,20240905,826.62,7.0
8069,216ca592-ef6d-40c5-b842-25619b607095,1035,C0252,20240725,199.96,47.0
8070,2bc1f99a-6b12-45d6-b8ae-366aae12f52a,1011,C0732,20241127,1771.15,31.0
8071,abc8f783-902e-47a0-813e-f038d61b0ee0,1007,C0481,20240601,620.74,29.0
8072,b3cbc1c6-47bd-421b-93ff-b6cca8df013d,1008,C0431,20241011,386.74,47.0
8073,72cbb110-5565-4633-bd8a-f5989e0df502,1022,C0968,20240910,691.08,37.0
8074,a2ce40e5-9259-4800-842d-f8eb72c06bea,1039,C0435,20241126,905.42,34.0
8075,110823d3-16ef-4b57-93ad-68cdbcceea68,1037,C0534,20241123,50389.23,4.0
8076,673bf13f-6990-4592-a9bc-0584bdf53e61,1008,C0961,20241011,1015.07,25.0
8077,ab060378-edce-4d67-95c0-992688288fd0,1026,C0861,20240805,1009.47,29.0
8078,31f5d60e-474a-426a-8122-0e51111bb4c9,1037,C0518,20241016,975.3,24.0
8079,637ca9c0-b469-4bd0-9469-1cffdc4e0f8a,1001,C0332,20240622,1944.23,30.0
8080,91523e54-a1b5-45ea-a161-c17805f2b892,1035,C0233,20241015,1015.07,11.0
8081,140c2bf0-2a28-4a73-8cfd-1b761e49a17a,1008,C0886,20240606,1936.1,8.0
8082,4d7bd0fe-fb3a-45a1-b96f-050b5d398164,1032,C0328,20241114,1958.18,35.0
8083,7783154d-018d-4842-bf4e-6343f89d1cb5,1040,C0411,20240624,1851.24,47.0
8084,e511edf5-083c-4b68-b1da-3b2463699855,1036,C0068,20241001,280.74,32.0
8085,8878a592-dc69-4f20-be4d-abddf3bcb3a3,1004,C0831,20241003,1015.07,49.0
8086,74a99dba-c71a-4fb2-8424-6959d9d02edf,1036,C0407,20240618,1917.98,38.0
8087,58ea63f2-aa3b-440c-b6c2-5508575da577,1000,C0644,20240930,886.62,16.0
8088,887ef450-d058-4284-8f83-39a4caa4537f,1011,C0589,20240722,881.12,49.0
8089,d9df60b4-ded5-483d-80f5-fbe533a0191c,1047,C0736,20240824,1433.59,39.0
8090,9a42d6cd-522c-4d3e-bf7a-3776b001aade,1012,C0529,20240811,994.57,48.0
8091,38f6b2c2-fc15-4a20-94a5-154a64541d32,1008,C0564,20240615,898.65,16.0
8092,135f33e1-389f-4a59-88de-dd99ec7a4699,1032,C0281,20241012,750.31,33.0
8093,e393ce9b-3714-4473-bf79-aba0b9432aa4,1027,C0422,20241016,79783.4,28.0
8094,cf725e3c-fddc-4ee4-b884-27f35f7b85aa,1023,C0412,20240915,686.16,36.0
8095,f9dd05ea-9237-4e9f-8b44-3b64e64029ce,1013,C0083,20240817,98.64,28.0
8096,bbc7cd8e-e5b3-494a-976e-1cf83f998ec1,1049,C0735,20240714,1396.49,19.0
8097,3fe45e35-d5ab-4e36-b42b-9cbf658bbc87,1036,C0220,20240608,900.06,36.0
8098,8571a5c3-79bd-4f4b-83ee-3275826dd109,1014,C0016,20241019,95.31,47.0
8099,4ac396c5-038c-49b9-a38b-7c91893d8406,1011,C0185,20240819,831.92,43.0
8100,bfa01c29-1e4b-48a5-8533-c8a2254a18e6,1003,C0219,20240905,1603.74,2.0
8101,515294d9-c78c-4536-bae8-d8bbf06499cb,1027,C0792,20241107,622.5,48.0
8102,741fdf1e-43e4-4031-8c5e-92320dc02911,1010,C0882,20241024,1133.11,34.0
8103,1ab810ae-f4a5-4e52-b3a2-01e66089017a,1015,C0252,20241028,1108.77,15.0
8104,fc5d8b34-40e5-46bd-b3ff-fa98a5aed4bd,1034,C0489,20241029,1768.44,11.0
8105,ee23a68b-b80c-4f63-94d4-34b9f3a251e8,1045,C0992,20241105,1905.45,34.0
8106,35f7fec7-2f69-4696-b276-34612ce38b6d,1001,C0812,20240903,471.31,42.0
8107,1fb1ada1-9c29-4748-b6cd-f60bc1f64517,1023,C0503,20241013,1333.19,44.0
8108,eb811db3-2096-4606-8d56-75f8a0fbd512,1014,C0378,20241014,1073.37,42.0
8109,a6250282-9f46-4a91-a25c-63e66cece583,1047,C0640,20241006,858.67,45.0
8110,74f66b31-adcc-4b81-8a47-afbb78aa50f6,1016,C0025,20240909,1015.07,17.0
8111,b69134fd-164c-4a53-a293-82289d532b78,1016,C0977,20241118,437.33,34.0
8112,0460e677-09f1-44c3-a01e-a5e1c1949906,1001,C0053,20240912,441.12,3.0
8113,0d1370ce-438e-4d39-9fd8-72739634a31f,1010,C0133,20240701,1254.22,13.0
8114,57d9cd28-625a-4444-bdda-aad8a8188687,1014,C0294,20240731,1132.75,12.0
8115,8ef1c7bc-81b7-46a6-9d9f-bc19f9a05689,1019,C0626,20240711,654.14,23.0
8116,d8c2c991-cd5c-43f8-8f4f-7e62eee45415,1034,C0494,20240826,1430.63,20.0
8117,ec2ce322-7b7b-4e24-b82e-25cce8eb4227,1030,C0094,20241009,714.44,8.0
8118,cfac919a-2d84-4b45-925f-fa08ca5922ec,1008,C0244,20241008,865.13,4.0
8119,b28c02b0-7e43-4f2d-a1d5-c555b7e9377f,1045,C0053,20240917,1612.51,17.0
8120,6da92fe5-fef7-46f8-94f4-c29e952b1936,1001,C0653,20241013,583.55,31.0
8121,e4f295ba-d5c0-4e34-9a80-847219b54908,1042,C0080,20240909,953.35,30.0
8122,e4ddc3fc-1ccc-4b70-9012-9b312c7e6202,1027,C0393,20240623,535.99,45.0
8123,3847ef92-a557-4dee-9f80-645be249ab72,1022,C0311,20241030,1015.07,25.0
8124,74ca0c26-5985-41d2-95cd-7b1c3b2d3270,1042,C0187,20240721,478.18,36.0
8125,cc0acc1a-0c06-4f46-b801-f555a1bec289,1017,C0458,20241114,962.31,13.0
8126,10408a82-d157-4f94-83ae-a229aa7316be,1020,C0581,20241125,877.37,48.0
8127,d66fc959-424e-454f-b7cf-b688c4af4b54,1002,C0721,20241025,515.01,23.0
8128,75f7ff0d-366e-457e-8760-d7886ccb1b7b,1035,C0240,20240820,830.66,43.0
8129,053a9d38-e1de-4dbd-92e7-b2d959e6d2ad,1031,C0217,20240816,1081.27,30.0
8130,96d99da7-e618-4e48-aa91-c756fc0c863c,1029,C0952,20240913,1049.78,44.0
8131,ce467953-8a0a-4d07-9128-2bc9d7279f63,1036,C0623,20240927,1773.59,13.0
8132,0484f13f-3298-46d7-917f-7414c29d187d,1001,C0042,20240919,1066.81,3.0
8133,60c4b707-fea1-4128-80a5-b15fb707b8d8,1039,C0604,20241118,1147.58,39.0
8134,69b2ccb7-9616-430d-828d-21b55425d393,1026,C0538,20241016,1745.64,45.0
8135,75d28896-228f-4ce5-a605-2f47c6b0b828,1048,C0887,20240621,599.23,25.0
8136,08ec8aa2-3d76-41ab-8ba7-e9055929cb02,1006,C0206,20240612,906.78,31.0
8137,a5e1484c-a56f-4090-9841-81e5cb40387c,1017,C0062,20241004,1217.49,30.0
8138,1cfeda98-a39d-4ceb-8124-cd43adee565d,1042,C0337,20240603,100.52,42.0
8139,2f508074-91b9-4ea0-b6be-256916181f7e,1013,C0213,20241125,1910.75,50.0
8140,96ed5efe-6243-4aca-ab2f-bd52390cbbd3,1003,C0663,20240801,346.97,6.0
8141,c1b8366a-450a-479f-a489-3f9a0d4b73c5,1038,C0388,20241110,908.6,41.0
8142,07126e19-d6b5-43b1-844d-b1e9f9fc40a2,1046,C0350,20241007,890.56,32.0
8143,89860b40-7f08-493e-bc97-57259336d978,1047,C0915,20240905,215.05,12.0
8144,a7fd8365-2207-4de1-950c-c6d204e2d0ac,1029,C0901,20240917,1762.65,12.0
8145,cf06b8b8-420d-407b-a0d2-5a4ac525fefc,1005,C0360,20240820,1270.3,13.0
8146,dd5a7706-3c4f-4de0-b7cb-eba8be93cca5,1022,C0566,20240905,305.85,26.0
8147,13ea1137-2607-4c5f-91e0-8f46fa1fff35,1032,C0110,20240713,1015.07,49.0
8148,f78543fd-52a7-462c-9b2f-bfc17814dd71,1016,C0644,20240612,375.64,25.0
8149,61dbd717-340f-40bf-821c-ec4986298313,1031,C0127,20241009,1224.23,36.0
8150,eff0a8c3-a0e1-4173-be48-7a4fd6c57f45,1009,C0835,20241109,1396.42,30.0
8151,fcbd3621-f958-401a-9f3c-7859c9d81399,1027,C0971,20240705,362.07,39.0
8152,0220b68d-49fb-4411-a190-54a985937ecf,1047,C0338,20240808,530.17,21.0
8153,55a77762-fccf-40f6-a172-adc353d8690c,1034,C0062,20241006,498.72,13.0
8154,75964167-b96e-4028-9d0b-ddc9371d1232,1048,C0102,20240907,968.0,8.0
8155,2a48afec-0d9d-4031-ba6f-a6bb6036b6a4,1019,C0318,20240915,1356.52,21.0
8156,115c4e41-cb46-47e6-8e53-2d1593b7000c,1020,C0651,20240730,1662.87,32.0
8157,8f23bb5a-da1a-4f81-87ee-99edc64b8487,1033,C0917,20240825,1054.73,33.0
8158,ddea38a1-5656-418d-a673-69cdf2633eea,1047,C0843,20240928,1338.31,13.0
8159,9a8fc5ca-bec3-4fd9-ad56-cfb615d928a0,1018,C0879,20241022,916.72,7.0
8160,70da1ee3-38dc-41ab-b5b6-73c9b5ce68ba,1027,C0794,20240822,164.06,37.0
8161,00cb5552-f369-4d96-8662-6897a8240e4c,1006,C0564,20241112,1010.03,18.0
8162,29fa34eb-d3ae-4241-a197-b4c53d8475d5,1011,C0469,20241026,632.87,21.0
8163,f5cbb40f-ab13-446a-8426-c74b53b6fd6b,1031,C0902,20240904,1824.13,32.0
8164,7cf47c99-abc1-4dc7-be13-6457253fccb7,1035,C0908,20240910,402.75,4.0
8165,76ffddae-472d-4b21-9458-56ec8671160b,1008,C0295,20240708,1541.76,17.0
8166,2a5c5f04-d6e7-47ba-bb24-a67db98d7ff9,1028,C0636,20241128,262.27,26.0
8167,cdc61f33-e39f-44d6-880e-f8867e28f488,1018,C0843,20241103,149.01,12.0
8168,3c962ba0-d7a9-4de9-ad2a-c7977de57166,1047,C0476,20241124,759.04,27.0
8169,20e0c1f6-b92d-4a7f-983c-59271cedb725,1009,C0498,20240901,1455.88,17.0
8170,0997ad15-2743-483c-b418-cf6e52442948,1029,C0592,20240822,1765.77,43.0
8171,ca7f17e8-ca45-4381-a95f-da7930274dab,1024,C0218,20241102,728.94,9.0
8172,45a6e112-cd64-485e-83ba-3101bd51ecd2,1005,C0548,20240615,1291.85,38.0
8173,8bd8c5c8-9c3e-438b-b4e3-b1e114813faf,1042,C0400,20240912,53.25,5.0
8174,8c255bda-f984-440c-a588-36acb818bee3,1008,C0761,20241117,1015.07,34.0
8175,b2811331-19bc-414c-848c-448f674efe8a,1038,C0122,20241031,1638.32,23.0
8176,55c186d0-ea7a-4491-92cb-1793b40aa467,1021,C0684,20240629,1642.17,50.0
8177,f2ccd081-0636-4530-9ef9-c0a3036cba34,1010,C0675,20241125,1830.6,22.0
8178,adc6b00d-2a74-4292-87b0-7c15ae6e2f4c,1010,C0082,20240925,1737.41,30.0
8179,1f603c29-19ba-4d91-a851-78c5f48999a3,1010,C0987,20240725,1806.21,35.0
8180,90c11e74-378f-43b5-82eb-682773df8edb,1009,C0576,20240607,1730.05,44.0
8181,63602f42-dffd-41fd-a33c-a6beebab4e6f,1029,C0349,20240731,432.01,37.0
8182,b0c77956-eb44-402c-8120-be265e882219,1033,C0672,20240824,1546.5,21.0
8183,3b5c844d-4d1e-4eae-86ec-9a4d4cbf869a,1005,C0671,20240904,869.75,23.0
8184,b73950b6-cdea-476a-a26f-be09d5e7703e,1047,C0812,20240910,1091.14,12.0
8185,b6c3d0cb-00ce-4005-a9bc-ecbe99392c31,1031,C0857,20240922,84.86,37.0
8186,aaf429ad-04e4-453d-8b92-fcb340b98e5f,1015,C0778,20240907,1795.39,45.0
8187,fd7fc667-99aa-472c-a60d-4cce401c2d32,1048,C0653,20240720,1226.28,5.0
8188,42ff362c-4e46-4446-be6b-06752753f4c4,1044,C0250,20241005,1617.26,4.0
8189,0dbefb60-24bd-491e-9abe-704d7f32ab48,1043,C0255,20240921,580.23,7.0
8190,c5a26a21-b61c-4794-8f14-97a0ad5a0c7b,1020,C0002,20240819,1244.16,47.0
8191,ca615150-b1d6-4189-a4a4-a80145eb9dc9,1045,C0168,20241126,1272.44,4.0
8192,f61f749e-6e19-45b6-9930-317b7b8acc85,1010,C0145,20240919,1490.83,17.0
8193,f5d08ebb-4c7a-4e13-94ed-9be467b95861,1006,C0318,20240610,226.17,23.0
8194,306178a3-57f4-41fa-b422-6a644695c5ed,1034,C0129,20240629,1428.44,42.0
8195,0d1fbe8d-c037-4678-abd9-9973f49a39e7,1023,C0604,20240605,240.93,14.0
8196,803872b7-e3c1-401d-866e-3e30af05f83d,1020,C0951,20240713,252.42,35.0
8197,46dc727e-1e3b-427c-844a-1c3edb70cbea,1002,C0008,20240606,436.18,31.0
8198,d9e0eb54-4f10-4306-b823-1061cd9395d0,1002,C0137,20241030,1844.74,39.0
8199,95e29344-774d-44a6-a873-eea6301dd9b6,1022,C0892,20240802,1368.66,50.0
8200,208f8fa6-fa63-4147-9bea-0f61fa3a813d,1028,C0993,20240811,107.01,9.0
8201,ed4cf7bb-50c2-4de7-a814-9909fb985a8c,1021,C0622,20240830,1550.37,6.0
8202,5483f0f4-fc95-4c7b-a55b-ca63deaca9cb,1023,C0384,20240621,1091.1,34.0
8203,de36c58f-acc5-406d-a9bd-50884f9c3480,1012,C0193,20240703,901.78,26.0
8204,7160a0a1-cec3-43fe-b3f9-99778ba89cc4,1008,C0225,20240721,606.4,38.0
8205,838b3157-49dd-4d19-ae19-25cddf8da146,1047,C0319,20240722,1812.39,40.0
8206,bf29bcdf-3061-4144-8c82-f0957a984ec0,1031,C0924,20240718,902.76,32.0
8207,f8101840-3534-4ddf-8ff5-e2f0d25dd6c7,1003,C0769,20240626,98.02,21.0
8208,3ffb861d-b66c-4fed-9824-268fbf4a2541,1003,C0199,20241111,820.3,36.0
8209,bbe32c79-084d-4ce4-93ba-98b7afed0c1f,1010,C0128,20241025,1845.3,21.0
8210,ab6912c0-ad39-40ec-bd77-3e818841f5d1,1020,C0168,20241024,765.05,11.0
8211,6e128083-251b-441b-8c89-1f0894db5dac,1040,C0831,20241118,1066.8,26.0
8212,bda16eba-2c47-491c-93a7-453b73ab110e,1042,C0130,20241020,216.77,27.0
8213,b3d2455c-8db2-4e21-bf06-ac5d7b3c72f5,1028,C0774,20241011,729.25,40.0
8214,44d7568c-a572-4293-b53b-7014938d9552,1027,C0521,20241115,917.15,21.0
8215,fceac6e5-c183-425d-802c-cadb317c9116,1029,C0494,20240630,887.16,35.0
8216,43187bda-dbd0-4a54-8498-4e080a003854,1011,C0177,20240617,1265.33,31.0
8217,01d2e3d2-40a8-438f-b8c4-d51907ec85ed,1000,C0909,20241019,1560.1,18.0
8218,1f547eb8-7789-4c93-a560-c7566e7d0d68,1013,C0384,20240805,1050.92,29.0
8219,132bf822-a57e-4197-a2e2-2af427f4ddad,1030,C0361,20241127,238.25,1.0
8220,856b8122-6604-445c-a3d9-183afcb12c34,1027,C0823,20240718,217.36,45.0
8221,e4a0cff8-d27c-413c-bef9-cc642d6f3854,1046,C0865,20240917,1938.51,5.0
8222,36c6b931-1581-4b57-8ed1-91df9348a06f,1012,C0870,20240611,379.46,1.0
8223,972fe5aa-f2c7-44de-8d1a-4a638a6e8cfd,1014,C0483,20240625,181.16,37.0
8224,bf5c5bae-a353-45f2-8814-4b90b96163f4,1029,C0349,20241117,1079.3,32.0
8225,4b2fe402-cf2a-41eb-8760-a1d4ba026eec,1000,C0402,20240730,437.63,14.0
8226,201524a6-6eef-4609-97fd-9f8beef940f6,1045,C0372,20241005,1736.3,34.0
8227,df82a347-8bca-4a33-9f9c-af1e13fd6625,1018,C0614,20240926,1015.07,50.0
8228,33472657-b82d-40e6-b021-24ab9f5c3a20,1035,C0608,20240607,1607.73,1.0
8229,f622bd63-2b86-4182-a721-deb359b1467e,1033,C0693,20241024,374.68,19.0
8230,ca93b42c-5a60-400d-aeda-c9b0beff2f96,1038,C0471,20240715,1556.85,40.0
8231,7726e257-3c8d-4078-89ff-332dc69a44b2,1042,C0098,20241109,512.21,2.0
8232,4040bb18-7815-4ce5-960b-60da53a7db39,1018,C0232,20241030,1445.77,28.0
8233,162066e0-c37b-4eab-a5b7-2c21c54459db,1019,C0336,20241029,1015.07,5.0
8234,4fef0f20-1ac7-4e33-880f-f36298f6e26c,1008,C0002,20240917,849.46,1.0
8235,28345eb2-e20d-4eb0-bb10-a52e8ca78362,1048,C0980,20240609,411.96,40.0
8236,39e37720-844b-47e3-83bc-495a35dbcb37,1015,C0945,20241111,1665.11,14.0
8237,4257a785-f636-4939-bbb7-148767182876,1033,C0173,20240723,1479.7,24.0
8238,c1256572-f555-431f-9c83-a5558f054c18,1015,C0998,20240804,1514.47,25.0
8239,c4d5b04e-a332-45f4-b180-82cdd2b665c2,1003,C0010,20240717,1544.81,19.0
8240,fd85b9c9-8fc0-4f72-b563-bdc2305a2580,1015,C0215,20241116,1240.17,50.0
8241,f5bb3384-941c-4ab9-b3b0-5861ffb7b791,1029,C0755,20240606,1653.17,39.0
8242,e0075620-6214-44ff-9c53-e051652722f9,1004,C0695,20240705,448.38,49.0
8243,fcbc9238-b321-453c-8823-79cdd2ca07f0,1017,C0611,20240611,701.15,50.0
8244,7e21402b-71a1-4fb7-adc2-ddff18d81a10,1040,C0955,20240720,1110.82,1.0
8245,86f8b69c-8977-4a26-bca9-e270bd886a28,1033,C0590,20240804,989.11,10.0
8246,c8213ef6-c132-452d-992b-5aa8352eaab4,1005,C0581,20240907,168.63,14.0
8247,ce25c039-1a1e-4e71-9d90-13ec1881dffd,1002,C0741,20240922,770.52,47.0
8248,eb9e57fa-0094-40bf-bd4c-d510e59f6b51,1046,C0006,20241005,1473.1,21.0
8249,6e3e5b73-6eac-4104-89ec-7510c176259c,1026,C0654,20240710,1393.21,33.0
8250,d66f2935-9f5c-4fa1-b97f-c21210d9f280,1017,C0153,20241029,1273.57,9.0
8251,31b074b7-e3a8-44df-a2be-58683daf319d,1008,C0157,20240828,1261.23,34.0
8252,6949421c-b019-4db3-b62f-5a6da0231a95,1031,C0207,20241014,534.32,19.0
8253,210a693d-a5eb-4225-8314-7dcf2cf6a10c,1019,C0516,20241109,1616.19,1.0
8254,f5a2adf1-bdbe-4e60-85e4-8519a344153a,1030,C0808,20241001,1961.98,28.0
8255,460da1e8-e034-4a5b-910f-f1e525b54cb4,1016,C0375,20240821,1683.45,5.0
8256,2154918f-3c12-4098-a338-06a9e2217945,1001,C0036,20240715,753.97,21.0
8257,50fd886c-b730-4e06-9290-a451c6be5374,1030,C0459,20240817,486.68,32.0
8258,3a799d1b-b970-42b1-b720-bc7b198ab4bc,1034,C0237,20240730,1077.16,22.0
8259,bb8c02ef-19df-48a3-8414-0a6f22de79cc,1026,C0795,20240622,123.37,15.0
8260,f17c21b8-7b68-4e09-8da6-ba77b3a384fc,1020,C0829,20241106,1775.68,30.0
8261,d349571d-e583-4bd8-bfc5-270f71aad825,1038,C0499,20240811,657.71,38.0
8262,8424c613-23b4-4c05-b85a-96deca02d8fc,1028,C0510,20240920,1942.1,25.0
8263,2c9b5ee0-f0ca-4b41-b03d-f1f25c75b03d,1012,C0980,20241028,1050.39,19.0
8264,eeadb72d-511b-4022-afad-94a8a7700f8e,1013,C0637,20240603,152.03,13.0
8265,5b1f234d-85b3-4dca-8545-7587dd93ab53,1008,C0949,20241122,1517.14,45.0
8266,106b5ccd-f19e-41a9-8fef-89f5837b3a92,1013,C0217,20240619,951.02,42.0
8267,926b7071-1c3f-47f9-aaa2-f3a396a5e833,1043,C0368,20240728,1641.21,9.0
8268,95729a38-4b4b-43a2-9a11-700f685d194e,1045,C0127,20240627,1414.66,13.0
8269,0ea5ecda-ae57-464b-ac6e-eb7bf8e5f920,1031,C0105,20240718,328.19,24.0
8270,12f84c76-7cee-4a35-83d6-1a188c32abc7,1006,C0440,20240606,1538.55,30.0
8271,43ba0638-b108-4cb2-bd49-67386484010d,1001,C0089,20241104,1176.38,22.0
8272,ce65454a-ad11-450b-89e3-ac9b55350505,1043,C0732,20240805,1824.1,33.0
8273,451bd4a4-222c-47c3-a999-ea3b90fbea7a,1025,C0454,20241008,1230.75,24.0
8274,74aa87df-5ba7-4d7e-9543-efe7c43428aa,1011,C0641,20240609,1508.95,10.0
8275,137186fb-4a44-4835-bd9a-be40f5b045f2,1045,C0038,20241101,708.39,12.0
8276,ca60ff72-789e-4948-8211-70e7035fd4c3,1025,C0695,20240912,1787.09,19.0
8277,a8409d98-c456-43e7-a7f7-5882c252b0f8,1012,C0861,20241019,508.8,7.0
8278,0c7c3652-839c-4b92-b8ff-28347b4fd7d3,1022,C0531,20240915,1015.07,8.0
8279,3401e4b2-2daa-4aa2-bd79-0abd8a65d5ef,1011,C0956,20240607,828.64,40.0
8280,a97d2b00-2550-41f6-bf59-48a07e203513,1029,C0226,20240730,1832.89,43.0
8281,32f1da41-5978-4ce2-b393-4e21e53be831,1037,C0476,20240819,1499.11,25.0
8282,d961cdef-7ece-4ffa-8d03-acc12bf83e5a,1027,C0603,20241107,1907.16,3.0
8283,ba00fc3e-2177-4f56-a175-ca010f7bcd9e,1046,C0017,20240815,776.58,16.0
8284,2c224195-de52-4b42-927e-396c668f2b3b,1042,C0205,20240905,1739.35,6.0
8285,8ec042fd-02aa-4cde-aa3a-c606306d2ac1,1024,C0219,20240812,1434.25,40.0
8286,cebece53-9cef-4ad1-8774-059079275b4b,1021,C0313,20240807,1015.07,38.0
8287,72a2c951-0fcd-45d3-8e41-56ce89bb5a20,1036,C0655,20240630,314.67,47.0
8288,120fb0d6-ad19-4957-beef-599889809bd7,1002,C0074,20241106,1092.09,44.0
8289,d3854eef-0845-4302-8667-9439df34cfae,1003,C0518,20241017,205.53,7.0
8290,ceb5d23e-6b2d-460e-b04f-ec6bcdbce328,1046,C0645,20240606,1465.56,5.0
8291,a696e203-1dde-49dd-9679-06bf7ceb99f1,1004,C0941,20240831,559.49,44.0
8292,e8df0569-2d44-4fe2-88fe-33be5d40104c,1000,C0193,20240816,856.59,7.0
8293,df34716e-3999-4fed-a12e-9a9f7b062487,1034,C0153,20240910,1894.2,33.0
8294,1c3759a8-fafb-4ebd-a7f9-664cbcc8e614,1021,C0676,20240717,233.66,16.0
8295,8fb39902-cb00-4f62-b7ea-3757dd2fa0dd,1000,C0412,20240608,165.05,43.0
8296,929565f1-1537-4d9d-a158-6d8a78933705,1011,C0203,20240918,1704.21,23.0
8297,d076964f-df58-437c-aad0-1818888cc0ac,1042,C0858,20240827,1647.45,47.0
8298,bcb4f24e-2a1a-438b-b363-8d6893c2ac80,1049,C0207,20241022,778.98,32.0
8299,a4361785-0a5e-4066-b83a-2943cc1d950b,1048,C0261,20240618,1771.96,38.0
8300,a4c24ac5-d88b-4fb1-91b2-a728efb145a1,1049,C0111,20240817,1015.07,25.0
8301,24fe08fc-301c-4a58-ac14-e1efc0e90743,1045,C0367,20240706,1378.07,38.0
8302,d172cab3-9e56-41d6-aa23-3a039827d9b7,1009,C0677,20241020,1015.07,27.0
8303,ddb6d20a-56e2-47a9-9e7b-c0d925bc6d92,1009,C0043,20240917,1015.07,39.0
8304,7f8798db-d667-496e-bcfc-8fcba1727d98,1021,C0286,20240714,1849.3,14.0
8305,48a44adb-0c4e-44b7-ab2c-b98f9109b1e6,1026,C0943,20240801,243.3,1.0
8306,6bc37038-6eb3-4f0f-a809-6181316ac9d6,1044,C0377,20241016,1004.04,30.0
8307,e50335ea-f1ed-409b-a5e3-37283e8ea1a5,1029,C0705,20240617,1427.69,47.0
8308,473eb466-0006-47d1-9c8c-19e142da9a1e,1010,C0098,20240809,767.17,48.0
8309,35c8a0b0-21cd-44b1-a4dd-ee20d1cc99d3,1027,C0953,20240814,219.87,22.0
8310,7242ab26-f784-4756-8305-cd2e33d44933,1031,C0248,20240627,1420.42,19.0
8311,bfcee01a-ad74-41b2-9035-b929c479496e,1038,C0640,20240709,1106.33,11.0
8312,ffb1c1eb-cafc-425f-b86a-2317b58447c7,1038,C0446,20241127,1353.62,7.0
8313,5ddc3d5c-331b-4dd5-b8e4-fce676206a64,1042,C0088,20240923,1589.8,21.0
8314,8886a6dd-12e6-4bc7-b008-ec8d4f252754,1043,C0343,20241020,1429.02,3.0
8315,f816e893-f909-417a-a5b1-2df544c43f7a,1048,C0985,20241105,480.36,45.0
8316,1c375932-71db-4119-8601-48d3f86c3b23,1043,C0680,20240829,411.27,4.0
8317,e54fed46-611e-4259-955a-196ad8cb2f22,1040,C0641,20241110,1498.03,45.0
8318,4f1aecf9-4c1b-4ac3-bc0b-bb26bf94c14b,1009,C0989,20240903,1521.32,15.0
8319,9ef9cb2b-3ae9-4517-b6d6-0f8aebb1e185,1037,C0673,20240806,1015.07,5.0
8320,b2b201bc-e9c0-4764-8567-b871fe5de60a,1019,C0958,20241009,447.04,50.0
8321,59ae9358-d07e-4cd1-bbc7-e76072edde85,1031,C0513,20240909,1119.47,50.0
8322,fd8ac566-83d2-4e3e-ab28-97ad4cc00ebc,1020,C0826,20241117,794.92,23.0
8323,59879c7d-224a-46e4-82ef-172ddfe40cbc,1038,C0067,20240819,1833.3,33.0
8324,42d11b2b-5181-4389-b8b9-4a19603f5f63,1048,C0541,20240908,684.5,36.0
8325,b4e1a08d-c7de-4ebd-9ed8-11dcf982d236,1001,C0440,20240702,106.21,3.0
8326,8d56b686-9057-4597-9267-e0b1a35a8182,1026,C0152,20241122,538.27,25.0
8327,8e65bbf6-401a-47b5-985f-62d8011f1674,1002,C0231,20240815,1847.99,28.0
8328,7f814666-0912-4526-9b5e-af2d477d0882,1040,C0060,20240924,406.1,26.0
8329,12f69bcb-de6b-4a1f-9c18-77429b14720a,1005,C0709,20240830,350.98,48.0
8330,53370a86-fde0-477a-93fd-3fc1e12e9e71,1036,C0119,20240611,808.46,40.0
8331,820665ed-ee5b-4fa2-8ab6-ff220db35744,1041,C0134,20241002,1275.67,20.0
8332,45a281cb-5989-4595-9915-c76f4e6f436d,1021,C0948,20240923,1554.78,32.0
8333,62175a0b-f970-492f-bd10-1f356048cebf,1047,C0768,20240719,271.22,15.0
8334,df0b2cc2-c104-4777-a4b0-d3505e86c92b,1037,C0261,20240823,699.67,21.0
8335,9fb4c5c4-a4e2-4dcd-8739-97cd027c7ef5,1038,C0279,20240807,602.37,21.0
8336,07449048-ab62-4f48-8e3d-ada50ab38e41,1035,C0458,20240810,758.06,16.0
8337,f713baa6-b1b1-427e-ad51-7d3e6cf13732,1010,C0380,20241012,1015.07,29.0
8338,fc2a8c34-c753-445a-a9f5-88ffa3f7f1c6,1047,C0402,20240708,965.23,3.0
8339,c8412f33-bb0e-41f0-9f5c-bc63d4bd7f9c,1004,C0971,20240818,1807.39,50.0
8340,e444b376-6b15-4f8e-a5b1-8d26959e00f2,1035,C0749,20241107,159.72,32.0
8341,990ff3e1-2b32-4765-b36f-68df8fb47936,1015,C0741,20240806,1094.57,3.0
8342,713e2a97-9221-4504-a16e-1a64fe1c89e4,1042,C0292,20240622,1808.78,4.0
8343,77a4df2f-1dbf-4a0f-b8db-9aff54ec17d9,1034,C0736,20241121,1132.58,23.0
8344,12171339-24a6-4e10-b7b4-b0af7d97a70c,1026,C0938,20240621,1408.55,16.0
8345,34008fb5-4d3b-4adc-86e4-aab9a0c790aa,1039,C0886,20241116,918.6,10.0
8346,ac8731ff-4bd6-451f-9d1d-bf9d58432d8b,1017,C0891,20241117,1157.47,13.0
8347,65501a25-1ea5-47de-bcf6-9d4fe63df963,1033,C0255,20240622,1464.81,15.0
8348,4dedf560-e817-416f-9143-5cab822380bb,1038,C0523,20240918,1413.38,15.0
8349,0674c1ff-8fe9-41ca-9365-82e5ebcfe9dd,1002,C0730,20241120,1242.21,8.0
8350,d82ded0d-e2e7-4dce-8d32-5904cca6cb4b,1007,C0726,20240808,1785.33,43.0
8351,1a3fd0ae-2b62-4a18-b5d2-b644ac831959,1047,C0366,20240712,1341.36,43.0
8352,fe5c25ad-8a9b-4d54-a4d3-39a0bd3f5af7,1026,C0187,20241003,1273.88,25.0
8353,c847fb8d-f95c-4bee-8251-8374d1f61637,1037,C0222,20241109,623.84,10.0
8354,2ed8255e-98b5-43e9-842f-68093e5bba4e,1001,C0831,20240701,296.33,46.0
8355,f2595cca-977f-4beb-9934-b3f3109e434a,1001,C0111,20240721,1845.93,11.0
8356,c7256531-03f8-4cf4-9fa8-8f345d216008,1028,C0063,20241125,1020.91,42.0
8357,1f0ab2c2-f1f1-44b4-8335-9875a7998224,1011,C0701,20241101,1015.07,30.0
8358,a427698d-16ad-46cb-a413-8b7410146235,1006,C0278,20240608,1015.07,42.0
8359,149ce204-e199-4f08-ad23-95a5e4115075,1040,C0555,20240901,1914.91,1.0
8360,19b591bb-6700-4e9b-80cd-eecc9410ad8e,1036,C0558,20241120,1423.21,3.0
8361,f2149892-8eef-411b-89c2-78b083a23ff9,1037,C0510,20240921,1628.35,13.0
8362,67efec16-cf9a-4297-b269-c89083f09722,1035,C0698,20240710,420.15,47.0
8363,64c5b6be-17c2-4d1a-97ea-e8d9e9dae833,1032,C0908,20241123,1944.69,22.0
8364,f0155c5f-d73c-4554-8709-d4d0a417dbdf,1048,C0791,20240908,1285.59,24.0
8365,916be713-a4f8-48de-9c7f-3274dbef5255,1043,C0004,20240601,1160.52,21.0
8366,5dc01f32-fe3a-4ac1-9a3b-d71d1ed30d4d,1037,C0653,20240814,679.03,49.0
8367,c417b687-e2b0-4359-8d9e-6a3e139492d6,1039,C0850,20240819,1139.18,30.0
8368,29d38f06-31e5-42b0-abe6-9050c49d8d23,1046,C0354,20240803,869.83,19.0
8369,c2ead3ce-226d-4f01-a496-be23c5ebc5f0,1003,C0051,20240812,1667.15,3.0
8370,503ecb3f-b594-4d9b-9f79-4aea0030e5b7,1011,C0054,20240627,215.5,23.0
8371,14f3031d-8024-4dda-832d-8ea2d618bc61,1048,C0819,20241115,1719.83,23.0
8372,d060a3e2-1b1a-4597-b55c-09760f39a409,1015,C0204,20240803,398.27,5.0
8373,d80f6ce1-2217-4ee9-a58e-dc9eb7597111,1023,C0618,20240904,1524.06,7.0
8374,5fc5523e-3179-48f4-9669-6635a5996bdd,1042,C0792,20240606,1351.99,17.0
8375,f4ed2bde-c005-494a-b991-ae8c826461d2,1049,C0951,20240811,1150.89,25.0
8376,943b04d4-f17f-49bf-8a53-17de220ba3db,1046,C0524,20241115,865.16,28.0
8377,06d359dd-ba71-49ad-9321-d68489571610,1027,C0194,20240619,1334.68,33.0
8378,1914557a-cd5d-4c24-95e1-df6d07d73191,1038,C0394,20240803,515.08,11.0
8379,4be03322-552a-4277-83cd-b687b22ec43e,1047,C0179,20241002,1059.61,7.0
8380,e6a747f3-062d-4deb-9630-bce93c4db446,1034,C0181,20241031,1996.57,13.0
8381,2aec0b49-a7de-494c-8013-9bf454bff557,1023,C0732,20240606,179.2,33.0
8382,3ac8220b-801e-466a-a6e8-31e06309d692,1021,C0662,20240928,400.29,26.0
8383,a6de6cbf-f25e-4ad7-8200-b52278306751,1003,C0695,20240911,1501.68,46.0
8384,7ff9aa2a-a5a2-408d-b990-8aa8c3b215fb,1012,C0149,20240619,931.82,9.0
8385,d4f3c9a7-1f58-46e5-b023-ae1b4d35c883,1046,C0661,20241012,982.02,13.0
8386,fcf6e68d-18b8-4f55-9fd9-0930bb13db4a,1039,C0731,20241024,497.65,37.0
8387,cee6f479-416b-445e-86f0-4ad3f8593448,1044,C0023,20241114,849.01,41.0
8388,cf38a2b4-9e04-4769-b3f6-e4f0b02f2728,1012,C0128,20240815,1011.29,31.0
8389,239f8822-fda2-467f-9f3c-630b67472b5d,1046,C0193,20241029,1224.54,6.0
8390,26bae288-8a0e-4aa0-924e-a26852284942,1026,C0334,20240610,1048.54,28.0
8391,1639a884-8d64-4fc6-81e9-8ddc876ad6d3,1047,C0517,20241101,1038.72,26.0
8392,3b942399-67d3-4371-98f4-30b9b0470ec1,1017,C0822,20241021,960.83,14.0
8393,b2d2365f-6154-430d-a363-e75b4abbc478,1024,C0074,20240711,1721.59,2.0
8394,88fa7f3b-db5a-42a0-9871-a7ab193a6917,1024,C0370,20240712,624.93,23.0
8395,1bf8e84f-e63c-46cc-88d3-b86ff7a12c35,1017,C0187,20240612,1491.46,40.0
8396,9d7d0ebd-de04-44bf-9b13-9a7f04396677,1025,C0658,20240703,1087.53,19.0
8397,0791aae7-c26b-4508-847c-a60b15508218,1003,C0047,20241105,1762.06,35.0
8398,1d2e2d40-f786-4713-bdd1-9d29b3efc21d,1007,C0709,20240628,1482.87,13.0
8399,4bcb1783-671f-4c54-a29e-00d1125b0742,1043,C0616,20240625,675.76,8.0
8400,d803fc4c-d351-444a-9622-fcc7a5742a5a,1006,C0494,20240925,77.37,46.0
8401,0c9db583-d99c-4783-934c-de5eaf01d1e6,1013,C0045,20241019,1973.8,1.0
8402,068b56de-0c67-4a53-b385-32ca2f9b3e17,1049,C0712,20240823,674.09,7.0
8403,c52f553c-9e06-4dce-9e26-3198ba7a5949,1010,C0169,20240810,1637.37,34.0
8404,73a73333-6910-4afb-aa14-db76b6a52f73,1010,C0888,20241105,1989.84,6.0
8405,bbe62b0c-0ac0-4c9c-a6a5-f31d55f526f3,1002,C0629,20241003,1436.71,43.0
8406,02865a38-d02f-46f7-9608-de0950e6882a,1039,C0780,20240705,1921.07,26.0
8407,a53f8738-7e1c-4965-9c0c-592e3f94440e,1006,C0048,20240923,368.08,19.0
8408,8d65faf0-a6c8-4234-8f43-068a15bb9164,1003,C0272,20240926,1015.07,49.0
8409,a1364c32-238b-4aee-9a26-ac5d649ca2ff,1009,C0733,20240622,1376.15,7.0
8410,82bd63db-671a-4c56-a1dd-71c0691c06de,1037,C0280,20240801,806.89,12.0
8411,08bfb4e4-7531-4618-afea-8a95fff628e5,1004,C0555,20240815,855.61,7.0
8412,3e825d4d-7532-4034-a5f1-4d862bfba9b3,1022,C0958,20240630,1137.01,18.0
8413,021e12e3-8bba-49b6-9d87-174742edd55f,1048,C0048,20240917,524.38,33.0
8414,65b73b20-dca0-4fe3-b552-a2aa4ce1b799,1004,C0856,20240904,1643.19,4.0
8415,88f84f0c-8c7d-41d4-b45a-595577cc27ff,1045,C0441,20241121,1218.18,28.0
8416,89b32c48-4241-4080-aed6-6d3bb0886e89,1025,C0023,20240829,1015.07,27.0
8417,88838046-fdff-4dc7-b8ea-c974e8c7b878,1024,C0279,20241006,1404.32,6.0
8418,ac75d21a-0e72-4086-bbba-f373abe2d915,1017,C0791,20241109,1086.64,8.0
8419,56b9150b-27d4-4232-973b-53c6b1ff9e82,1033,C0906,20240820,1176.54,20.0
8420,0d29124b-85c8-493e-b5c6-d6a98a4e58d1,1045,C0656,20240919,1259.01,44.0
8421,46d9e93e-9bf5-49ab-980e-114b14c65fc8,1042,C0516,20241117,1455.64,49.0
8422,32cf8407-c6a1-4b4a-bbf4-e87aae63c274,1025,C0468,20240705,431.66,26.0
8423,1ba66536-3592-42da-8177-3da07188c1b4,1042,C0124,20241108,314.96,15.0
8424,5acb2d7a-3b05-4ff1-8526-db4d47eed327,1001,C0315,20240812,1269.8,29.0
8425,a5a75c0f-5aef-48b0-a3be-e000cafe356f,1022,C0493,20241107,807.6,49.0
8426,4dee269f-af23-4991-8c5c-d2c3e4de9a07,1033,C0835,20240818,195.78,42.0
8427,b6823c63-9581-41f2-91a3-cda70d8ff2e2,1041,C0044,20240630,594.04,24.0
8428,8cf772d8-dc2a-4bcb-8ecf-5887cc1642dd,1042,C0366,20240612,972.05,19.0
8429,9bbfea72-20ba-40ec-9399-d55a602a140c,1002,C0393,20240813,1849.13,11.0
8430,572e4ebf-414a-4fc3-95ac-7e45baf823d8,1044,C0734,20240720,310.46,21.0
8431,3ee974b2-000c-4d1f-b8e7-b388444d6baf,1011,C0043,20241029,846.87,4.0
8432,22142fa3-5108-499b-b21c-8af2784ee343,1032,C0863,20240615,1427.39,50.0
8433,d24aa457-6f0b-41dc-9ea0-cfb1dd65ff6c,1016,C0652,20240922,1535.45,29.0
8434,5f0754d7-34fc-4eb0-97a8-e221598677e8,1041,C0225,20241016,158.19,42.0
8435,a9c70600-6a52-41f2-8897-00fb95aac007,1010,C0395,20240608,1351.7,11.0
8436,89aad909-e303-4c75-a87f-0cbac8ab8f2c,1005,C0751,20240906,1015.07,32.0
8437,8b72f1f6-9e5d-4aba-9011-3d73a5482815,1041,C0993,20241012,1087.5,41.0
8438,eb0e03b3-b903-4fa9-9631-d553638ff9da,1028,C0131,20241013,98.88,25.0
8439,af5c3a8f-da12-4bab-aa7d-07b782f01981,1048,C0674,20240921,50.32,8.0
8440,5ff09506-0cef-4374-a03f-78ed4dd1ccef,1014,C0221,20241019,637.39,20.0
8441,047e38d0-5990-4256-9dcf-70e50407fb89,1003,C0654,20240705,1606.39,42.0
8442,51829900-9623-4aed-8e6a-5995af80aa95,1037,C0112,20240804,378.7,37.0
8443,fd41f15c-2a33-4580-a4d9-ee14e53325ec,1003,C0130,20241123,833.83,28.0
8444,4fd75c27-7ec3-4253-a944-0e54d247fc2f,1047,C0337,20241114,1762.51,50.0
8445,666fa7bd-0336-4879-a752-d575b7557f08,1014,C0653,20240827,741.2,3.0
8446,dd026c64-ab91-4e28-ae80-98dcf738507f,1021,C0469,20240928,1180.65,20.0
8447,60507cda-d73a-42bb-b384-2e5ecb6a65f1,1039,C0678,20240913,324.59,3.0
8448,b590d65e-9199-4343-a63d-d6c03ca91745,1026,C0723,20240927,674.42,48.0
8449,b5a4d6ac-1776-4330-9a6f-e41bad61a4ff,1002,C0353,20241114,1280.47,39.0
8450,3aef1ae0-c2e5-4909-8cd9-20afb56eccc8,1015,C0118,20241005,1835.78,44.0
8451,2472e411-5bf8-4f0c-8180-9a47ef2f966a,1012,C0321,20240720,1200.25,1.0
8452,ca262577-29a7-4172-b039-fb25a952f7e1,1019,C0788,20240821,680.04,31.0
8453,4117cf31-dc35-4e0f-b4f8-74d52d42afbd,1027,C0629,20241028,1549.67,17.0
8454,9bc01a10-a1a1-451a-bbd5-06a13959059a,1010,C0039,20241011,598.72,22.0
8455,b788a050-1087-416e-8592-9be7f8ca3bc0,1038,C0673,20240715,1561.41,19.0
8456,7414f9fe-d788-4960-8003-40d3cee61b6d,1029,C0419,20240916,1326.05,29.0
8457,0cdd6b4e-9b03-49e4-a18d-3b5ba562a5e2,1031,C0904,20240816,1118.15,9.0
8458,7f700513-f0ff-4c2c-957f-cf5a15bd5767,1044,C0974,20240710,1519.55,13.0
8459,1062282d-612e-410d-b5a2-516ad659b9de,1033,C0356,20240917,814.47,20.0
8460,36a779e8-1e08-4ce8-bbf2-b70807457aba,1039,C0085,20240820,1935.5,24.0
8461,fac90efa-1d9b-4845-8686-1bccf4a3cc79,1005,C0015,20241123,396.96,1.0
8462,bfd5302c-203a-4dd6-b769-b967cd44f1ad,1038,C0847,20240815,1648.19,50.0
8463,e4fccac9-22fd-4cf3-9a7c-ff5aff7f477c,1029,C0405,20240906,1827.26,14.0
8464,6fd06467-3a28-4a69-ad04-d7028e304240,1018,C0993,20240810,1702.05,36.0
8465,801fc8bc-ce44-4910-84c3-311ef0488f03,1035,C0514,20241030,1766.18,49.0
8466,4a36ae2c-b2c2-4e94-b491-3afa6c68c3b0,1012,C0970,20240814,851.8,48.0
8467,6b5f111c-20c8-44f2-aed3-8293997b1532,1018,C0676,20240709,875.36,23.0
8468,0f5d3725-ac0c-430b-9f5f-4cf359d32d94,1035,C0928,20240904,1234.48,23.0
8469,b95a74bc-b7a9-479b-a8e4-ae417949fb4e,1032,C0965,20241114,773.96,49.0
8470,414e465e-245f-4144-ab36-6baac2da4117,1043,C0497,20240708,1178.48,36.0
8471,0761a001-26ee-4074-ac8d-bd3d56ae0459,1043,C0486,20241114,784.08,4.0
8472,6b6390fb-5124-4ba4-aeec-f34ec01cb42d,1022,C0640,20240908,1878.87,31.0
8473,3c4ed38d-7cb9-4e40-8796-5c335efc4a2f,1017,C0959,20240603,695.84,43.0
8474,62187e9f-d7e9-45c3-80d6-8a66a04e3c4f,1027,C0603,20240727,1566.33,18.0
8475,bdc63402-3a16-4488-b705-124df00cfd41,1009,C0298,20241016,343.23,31.0
8476,0fd24060-5ef1-40d8-a033-a0416822e894,1016,C0390,20240612,1157.02,42.0
8477,ea0adaf4-bc95-4534-8c8b-9bc09ebb7cfe,1028,C0531,20241004,749.14,19.0
8478,09155202-9b38-470d-a851-c7eeaae10a83,1024,C0868,20240615,1729.56,16.0
8479,f90e1923-e33c-453c-9e5b-7fcf3b761e11,1008,C0552,20240628,1344.89,17.0
8480,524f60ad-18a9-45fa-b262-b8929bf95991,1041,C0167,20240615,1037.27,21.0
8481,2ef40dc7-21b4-483f-bd38-d15bcd95279d,1026,C0750,20240802,1517.14,27.0
8482,1b1ad766-345f-4311-bd14-990fb8a2c19a,1011,C0988,20240605,1159.77,4.0
8483,ebb1e7ca-ed30-4e16-b5ea-003a2815ad3f,1045,C0356,20240914,1874.98,17.0
8484,0bed4884-aa21-4608-bfe8-1059af4d0728,1002,C0978,20241017,106.42,35.0
8485,1a59550d-bf63-4c06-929c-d7e45cda5520,1015,C0879,20240817,1293.52,4.0
8486,edb9941c-79f6-4d05-8128-9409ab280b69,1049,C0773,20240808,1201.6,15.0
8487,fe9fd0e0-6cb4-4bef-9c55-fad7a3b3b18c,1011,C0478,20241024,517.55,28.0
8488,a1ec6274-88f8-49a7-9ead-468c8a150721,1019,C1000,20241004,966.9,32.0
8489,71e49b89-6961-48f0-9bcc-dc537a1f51c3,1045,C0183,20240626,1245.83,27.0
8490,1fe241c4-66d2-41b8-a2e4-1cbc4e5876f8,1014,C0806,20240822,1683.58,30.0
8491,70e7f32b-7062-4313-8ea7-c25548d3e377,1008,C0848,20240824,937.98,13.0
8492,e2901225-b4f6-4889-854f-bcfd347c251d,1008,C0294,20241110,926.18,35.0
8493,69ca4e21-58cb-4660-9c12-8d718d10631d,1020,C0279,20241027,782.1,18.0
8494,f538a0a7-dc82-4015-9c05-996b63b3c85a,1025,C0732,20241107,1675.11,5.0
8495,319262d3-c4eb-4b52-9242-fe2025170409,1034,C0909,20240706,1974.69,41.0
8496,7dea2c05-f992-4686-a56f-e3581fc5f07c,1037,C0353,20241005,1657.61,42.0
8497,c2e67c89-ca20-476a-9343-3742aa8e240a,1040,C0606,20240811,1015.07,27.0
8498,c8868aa5-90ca-47d8-851e-99fa77ad46a2,1033,C0086,20240722,359.59,45.0
8499,5e42ef44-dd86-4fab-9af9-c2226d187e24,1028,C0418,20240828,822.21,46.0
8500,0fe213cb-7c68-4281-a043-25896ffe07b5,1008,C0654,20241013,1338.89,26.0
8501,77929634-85da-42be-b190-51ce301c2582,1031,C0797,20240720,309.14,7.0
8502,36b06c22-69db-4cbf-8025-a3c8d08a286e,1030,C0965,20240928,1520.05,27.0
8503,7c1861bd-d3be-4233-9f09-4bbcb780166c,1001,C0692,20240705,863.05,43.0
8504,55207879-8ac2-41b3-b264-d390e9d3a876,1003,C0781,20241015,1497.32,9.0
8505,e15f0608-c74d-4711-a6c6-66c5c53dc557,1012,C0820,20241113,1483.05,24.0
8506,9a24b72f-9756-475a-93d8-fd6052fb0653,1025,C0826,20240908,491.3,2.0
8507,2783a7d4-1acf-44f1-85dc-10a7c3960ae4,1009,C0765,20241015,1409.61,40.0
8508,eff632a4-8e1a-4f16-a363-2253935c23ba,1018,C0271,20240930,565.28,3.0
8509,d1f33e7d-6315-4bbc-9782-ed2edf01791b,1040,C0234,20241125,1015.07,19.0
8510,330088b3-ecd6-4e7c-97e9-da53dca2478b,1045,C0023,20240818,360.1,9.0
8511,6442f742-196e-4adc-aa81-35c89d8dd521,1013,C0336,20241126,478.18,34.0
8512,6a78972b-64a9-47ad-8d19-488c1619feea,1012,C0060,20241122,213.08,39.0
8513,347cbebd-9731-4bb7-81ed-add4b88f86ac,1002,C0556,20240703,1800.59,41.0
8514,52bb8e5e-a1f8-440c-af45-a545d120d248,1006,C0468,20241013,1458.41,45.0
8515,8c03cb8d-76c1-4967-ad52-717025f2c006,1014,C0915,20240907,192.48,31.0
8516,a7023963-9b7a-41c9-8b4d-49b1229bbe1b,1000,C0717,20240923,612.48,31.0
8517,5406ca3f-7a47-4852-8cdf-710db82667d4,1036,C0968,20240713,1759.52,9.0
8518,f500a7de-0538-47f9-a25d-ae05665d0436,1008,C0261,20240613,535.77,5.0
8519,972745ce-e0f4-41e3-87ae-ad8fa7e9665f,1011,C0532,20240814,868.96,47.0
8520,fb26c4d2-8eaa-44f1-9b27-9e08eb8c4d2f,1036,C0818,20240710,757.26,40.0
8521,f38716cc-ccc5-4d46-9a54-b286f3eb3acc,1025,C0931,20240919,864.29,17.0
8522,d8495c28-f7bd-41f5-aa1f-9e28cd029767,1017,C0712,20240724,1733.35,22.0
8523,09813b47-a372-4275-8602-865703d057c6,1034,C0910,20241107,1005.4,30.0
8524,66e6f89c-bdc5-4fca-a520-b2ac90a2c01b,1033,C0682,20240811,1613.6,4.0
8525,d40dee02-7602-4081-835e-979200f5791a,1031,C0384,20240610,1529.61,24.0
8526,2a02b35b-1f6c-4be0-8d81-79a744477ef3,1036,C0402,20240801,472.48,38.0
8527,e773aa0d-5da7-4a34-ac9c-7414ef9a95f5,1003,C0721,20240616,1520.4,46.0
8528,02c33b39-c40d-47a7-a778-08b0273bb580,1001,C0164,20240704,1793.02,18.0
8529,0b44f2dc-8986-4db3-9ebe-52743ab6f9e6,1016,C0518,20241024,408.09,30.0
8530,493c5676-1142-4ea0-b56d-76e00b445259,1005,C0065,20240908,351.25,29.0
8531,85bf41c1-e9d8-4b14-94b1-797093998b88,1023,C0900,20240629,385.15,44.0
8532,ff10663a-bcb8-4579-b521-95b551730cbc,1024,C0851,20240605,249.72,47.0
8533,b64e22b8-faa6-4c00-b9fd-3ec3549a5d4d,1021,C0812,20240716,1278.98,29.0
8534,83feac97-aa5a-4bf6-84ca-8d1375cb9893,1017,C0289,20240916,206.05,30.0
8535,69f87711-8b91-46ce-b69f-bff3ca05dc08,1041,C0429,20241124,63960.01,11.0
8536,671a8a95-a11c-41c3-929f-922db07841b5,1008,C0308,20240909,811.89,9.0
8537,5fb82577-ac45-4356-af05-31c567f5240f,1024,C0448,20240910,1324.85,9.0
8538,30bdaa73-3dbe-4309-8785-3e8c340afbba,1016,C0940,20241105,198.46,47.0
8539,dd863259-107a-4273-ba57-1efa36d34ce6,1000,C0244,20241110,239.86,29.0
8540,269cb93b-3258-4e5a-a0e5-fd9802a48bc6,1000,C0982,20240827,1418.93,50.0
8541,940d291b-394a-4ea0-93d9-a42ff59a3a45,1024,C0724,20240917,442.51,6.0
8542,4f43a2dc-6c33-4d06-9149-5ff1e09cb8ce,1037,C0133,20241006,146.2,21.0
8543,1b7e72ee-7742-4142-b555-3866b084295c,1038,C0352,20240621,239.99,2.0
8544,77078023-306f-4761-9101-f1bf949a60eb,1023,C0734,20240621,1526.53,2.0
8545,7b290f6a-6ba2-41c5-8bce-1021a4858e2d,1037,C0087,20240710,1411.65,4.0
8546,a04d56b9-25dd-47dd-ba84-28d8c8b05a78,1036,C0861,20240730,1839.6,23.0
8547,d74461fa-c003-4570-a90f-99c0fddc4168,1015,C0629,20241005,1475.71,33.0
8548,a5730afc-72bd-4d4a-8620-6a812be4f947,1017,C0544,20241120,1362.39,32.0
8549,f1033ff5-f313-43f0-ad6a-e7426d2431e6,1034,C0666,20241116,1015.07,20.0
8550,654e144b-36ab-4372-9714-c765a4f8d319,1001,C0102,20241113,511.23,45.0
8551,2e901c5d-e7da-4f07-85ce-8127be0dbd4d,1032,C0508,20240804,1588.07,48.0
8552,92db14d4-e5c1-4eff-87a4-779e1192e100,1024,C0716,20241103,1749.58,30.0
8553,5d2d0258-d758-43e8-b653-4b3fa4e300f8,1046,C0212,20240909,1816.77,43.0
8554,d23d9b2c-43a3-491d-b90d-e258989ee9db,1004,C0635,20241007,990.71,20.0
8555,8afb279f-53f7-4281-92a1-014be8015e4f,1025,C0079,20240807,1687.0,6.0
8556,9b921b74-d06f-4da0-a96b-ef5fcd03f2bb,1044,C0150,20240627,366.99,25.0
8557,937dcbe2-e822-4d20-8330-21ecb8f65fa2,1049,C0476,20240605,1799.8,50.0
8558,01dda759-0942-4f3e-b023-d3e5e908f03d,1030,C0232,20240905,1475.57,45.0
8559,c8316924-3975-4561-b913-346ab43d44cf,1014,C0414,20240629,650.25,10.0
8560,29506011-b635-405b-a44b-0a51cf5f5390,1003,C0881,20240817,93.01,40.0
8561,07274a51-9be1-413a-95a1-b87dab31159f,1040,C0090,20241011,1798.7,37.0
8562,1cd4bda4-5b35-44d7-8158-77a39d078879,1008,C0897,20240707,1625.87,43.0
8563,8ca3d3ac-0a4c-49ce-87bf-6dd84addfd77,1048,C0464,20240707,543.7,36.0
8564,d20c1a02-1423-4fa8-885f-b15f8b2e107f,1012,C0633,20241010,170.65,21.0
8565,8236b113-d13f-47a0-9c7e-2b895eef755a,1015,C0434,20241117,1608.03,37.0
8566,ad4ac134-afb8-4d55-9a93-a65cfb133711,1040,C0067,20241029,897.07,18.0
8567,3bc95c56-639f-4731-85d6-09dfb9e5c8a7,1026,C0898,20240721,188.15,9.0
8568,8e664307-f2ba-42ca-b1c6-bf03211589d0,1006,C0189,20240625,1354.9,8.0
8569,ee609c4e-e0fe-45b8-ad7d-593d461bdbdf,1028,C0775,20240904,464.88,48.0
8570,b3cdd6f5-f8a9-48a7-87ac-4e7c2b044058,1013,C0166,20240821,1901.87,17.0
8571,7cceffdc-b999-4e8f-9311-2c5a1fa8ab9f,1020,C0371,20240822,1974.43,42.0
8572,ce48744b-f5c6-4ea7-b552-c0c2ead87255,1032,C0739,20241116,593.77,30.0
8573,a6d99594-a5aa-417a-ab19-b08da456bd19,1002,C0605,20240605,1560.2,9.0
8574,80b02cfa-52c8-4386-b605-3306e70abd3f,1030,C0154,20240612,52221.74,5.0
8575,a61c4b83-ce75-4011-a489-73b656502002,1038,C0753,20240622,1175.75,36.0
8576,7e595966-4b3c-4f41-ac0b-a7fa965c7556,1041,C0012,20240902,936.55,45.0
8577,a8ce74ba-bed7-4ca3-ad0f-be339da0cc0d,1029,C0345,20240726,1235.21,17.0
8578,9a8999ee-92e0-4286-aaff-713946680a43,1008,C0886,20241030,873.7,14.0
8579,b8a22d74-7767-43cc-819b-b623cd0b6453,1040,C0515,20240926,558.98,17.0
8580,5c6984c1-bec1-4e3a-9bd4-50c4a8b504b1,1030,C0195,20241105,1565.24,17.0
8581,33a1bd1e-c1ec-426d-b9ff-1c48c3b313f6,1015,C0828,20240821,1221.66,19.0
8582,eb18eda4-1543-4da3-9c98-9a027e75b532,1021,C0030,20240715,129.65,10.0
8583,97aa125c-4fab-4210-b74f-ca68571c2f6e,1016,C0421,20240820,1061.48,40.0
8584,6a7a741a-622e-4fa1-8897-3411836cbf72,1030,C0596,20240801,296.44,29.0
8585,de819fd8-f01c-41c9-999a-dc231f2e6e32,1047,C0234,20240823,1239.99,29.0
8586,0ed2162b-26db-4c48-9ab5-02f751ace0ee,1006,C0064,20241119,659.84,27.0
8587,8908a784-fa5a-472b-86fc-1d88cf98fac5,1042,C0009,20240906,466.59,9.0
8588,457115af-7ff4-4540-95dd-fbf0b415ca6a,1032,C0570,20241120,1168.65,19.0
8589,94e91dd5-e023-4d9d-b365-5b48e857f2a4,1043,C0315,20241122,1015.07,42.0
8590,70284754-6e10-40a4-b22e-b36c1d7104c5,1033,C0003,20241028,1293.01,50.0
8591,f92c9a88-791c-4d1e-b080-51734ae3d73f,1012,C0574,20240615,660.59,13.0
8592,1c851be9-9ecf-4fad-bc85-fc119596f86a,1026,C0339,20240916,171.02,50.0
8593,d20140e7-fdcc-487c-b3ae-67f0b9c05981,1000,C0756,20240921,172.46,24.0
8594,b1f27e53-b42e-4a63-8144-88a2e540defb,1039,C0625,20241016,1015.07,23.0
8595,e465d346-2788-465b-b844-25204db1fa95,1022,C0371,20240724,828.39,6.0
8596,cf2565e2-3b22-460d-82fc-9f35753f5098,1015,C0946,20240726,1724.37,17.0
8597,34f0e2ac-4140-4deb-80ec-346ef7ef0e11,1041,C0515,20241127,1015.07,12.0
8598,87b70754-29f1-4d9d-83f8-26fe66b860f9,1005,C0993,20240906,838.61,4.0
8599,f6ff2454-35d8-4a7c-bb0e-cb06ffca2209,1005,C0393,20241113,1015.07,8.0
8600,2d9a27cc-38e4-4c28-b9f1-24df5ee609c8,1009,C0549,20240801,1133.79,49.0
8601,4eb01b71-5ed3-4cc5-bf7b-95febd32b4a3,1007,C0451,20240712,1848.85,34.0
8602,0ecd28b2-9aa4-46d2-97cc-e0f1ffab1986,1003,C0790,20241126,381.67,43.0
8603,69d3d19c-c10c-4d0e-867a-9487592334ae,1039,C0468,20240730,261.85,41.0
8604,1a177b28-4d65-4326-8e59-197de97a2fba,1033,C0178,20240623,1379.31,29.0
8605,34d0c6db-e32d-4280-8d38-8dd4909fbe6e,1020,C0307,20240622,706.93,8.0
8606,917295a2-36a0-40f0-90d8-06935ab5d270,1033,C0889,20241020,1615.36,4.0
8607,1d33b618-6543-46c7-8496-2acd38af9058,1004,C0005,20240920,1277.88,42.0
8608,7a256592-cbe1-4637-92df-0b0bdc2dc143,1018,C0251,20240926,1816.04,12.0
8609,e8e33257-b678-4a0f-9b2e-180cc1aa1a28,1011,C0207,20240703,177.45,34.0
8610,8a0f9306-ef68-4df0-9e71-f6d275b6caec,1039,C0887,20240716,1631.35,22.0
8611,b752bdb8-baa7-4b53-9fa6-5032f09960f5,1008,C0942,20240611,114.09,33.0
8612,21fb7611-34ad-46b7-a169-20e7be5c96dd,1026,C0898,20240814,1015.07,47.0
8613,a238f015-206d-48be-90e2-e658f7a13571,1018,C0565,20241126,95.81,22.0
8614,dc0e2b58-e6a6-4a33-93b9-ef0fb5bb0d45,1019,C0645,20241005,1282.31,7.0
8615,a84a53ee-2eec-4286-a9a9-876e87b715c8,1031,C0063,20240807,1282.28,33.0
8616,ff3d0629-ba75-4a9c-b894-dd6593e2d265,1035,C0299,20240920,997.33,42.0
8617,11966748-3bab-49c2-9722-5f4fc49b1e13,1046,C0361,20241121,1548.4,31.0
8618,fc4224b9-35e3-4d4c-9ac7-7ad67587a223,1013,C0791,20240913,292.87,1.0
8619,d6734ef3-9fef-4911-b4e5-e14c7475474a,1000,C0326,20240916,1743.25,7.0
8620,89362d31-8235-4b00-8110-39a8e1570283,1021,C0917,20240823,1015.07,22.0
8621,c406c27c-e742-4a85-bb2b-316a4368cf4c,1013,C0156,20241028,1762.51,41.0
8622,3ab81284-c138-4289-b258-0a2281d427c5,1042,C0339,20241023,1452.85,35.0
8623,8e21f5ef-f307-4382-9061-198a6e96cb47,1009,C0836,20241021,365.28,46.0
8624,8e13c0d6-3d13-4b19-941c-8b9c66e2cd80,1029,C0558,20240806,398.02,44.0
8625,a7594656-f2be-4c8d-a858-250ac70739c6,1011,C0417,20240918,1470.83,11.0
8626,c738da67-4e46-4e01-9eb8-9789f9b0c034,1013,C0372,20240906,176.15,48.0
8627,bfcec913-ade6-409a-8a15-d92f178784f9,1014,C0245,20241030,1891.8,9.0
8628,0917d527-a412-4173-8c8f-08351c784eba,1043,C0361,20240803,1475.71,18.0
8629,d46b6b71-bd3f-4610-b6eb-075b56768360,1036,C0923,20240922,817.46,28.0
8630,a47c9dc3-304e-4234-976a-3996291b1cad,1044,C0263,20240831,1341.19,48.0
8631,915398c5-9a1a-4e60-8a58-81e45abcf6ee,1006,C0221,20240801,438.07,1.0
8632,1c007b20-5758-4318-a1bb-7419562b9278,1028,C0299,20240711,1961.77,2.0
8633,118453d9-9da1-4c23-8b50-8e12979c65ee,1045,C0621,20240605,749.78,8.0
8634,916206e7-8d9a-4145-9b3b-8df973fee6bb,1007,C0076,20240911,1590.61,15.0
8635,dc237327-8386-441d-a5a7-d827b3c30253,1049,C0419,20240624,837.03,13.0
8636,eedc761e-27c7-487b-b5b8-43da71d525fc,1008,C0200,20240819,131.67,4.0
8637,b22c14c8-e9c0-435f-ab7f-67fc386f1a60,1033,C0960,20241114,117.43,31.0
8638,86131436-e63b-4de1-8720-cd5d651d60d5,1027,C0054,20240718,1269.25,16.0
8639,03dcb0e3-d524-4071-8e97-d57b93efd77f,1014,C0184,20241031,278.41,45.0
8640,574b7bb9-238c-42e3-9db1-38d665d181de,1004,C0955,20240720,1841.19,24.0
8641,b6d21c5c-6ab5-4c6d-867a-42dbca2ee897,1021,C0708,20240610,1326.58,41.0
8642,d34081ac-b5ac-4b63-94ec-880009e16f95,1045,C0300,20241023,1455.71,43.0
8643,8b3cc577-477e-4223-bf6e-9f8df24a4be0,1041,C0949,20241119,312.88,43.0
8644,0d1ec7c3-e42a-4d42-9000-c4314a7422b0,1014,C0158,20241012,1348.56,18.0
8645,90bd52e0-949f-4e2c-966c-be72bcae61b5,1007,C0738,20240710,1700.33,11.0
8646,dbf0bd04-601a-4bbe-87e1-916b53064012,1034,C0294,20240622,1233.09,19.0
8647,0e9fd2a1-26ad-41fc-8c5c-0a3be367ff89,1037,C0187,20240915,937.71,39.0
8648,768d0189-ebd1-4e7e-9cea-c3b96f6b2497,1007,C0663,20241102,874.26,7.0
8649,b04b4b71-22a4-4a88-8ce1-3ac695339606,1021,C0228,20240926,1031.65,34.0
8650,e0dfdd73-a808-4d98-9db7-8bf182597971,1013,C0089,20240704,457.42,15.0
8651,46dd9781-da53-4b69-8ad9-28eae97c36bd,1014,C0427,20240728,751.42,5.0
8652,0f45945b-ab45-44f1-8a93-69ec1e8e2c1a,1013,C0954,20241113,380.36,14.0
8653,3133e242-2ec8-4781-88ed-8dc645a96ba9,1007,C0728,20240620,1084.47,27.0
8654,a46c3a7d-4a28-4058-b0ed-d8f56573995e,1011,C0036,20241117,816.95,4.0
8655,51f71723-8386-4a7b-9ac8-d5b6f989c72c,1006,C0812,20241103,1614.39,29.0
8656,065c9f2d-e7da-44c4-b5ba-5069ef8114a9,1029,C0993,20241111,581.48,17.0
8657,a3637958-29cd-4731-91b9-279b2b5b4e20,1024,C0114,20240915,946.75,34.0
8658,9a587c3c-861e-4d54-9b01-2bdce4690a9a,1001,C0200,20240720,287.69,25.0
8659,01bd3e41-0228-4d5f-9d51-54083c8084d4,1034,C0821,20240819,169.56,18.0
8660,51d8ff9e-be4d-4ea3-ba9d-7aab2cfd7cab,1024,C0611,20240910,1679.75,30.0
8661,88d4fd03-07f0-43f7-b7a3-267635a57d38,1010,C0034,20240609,1666.02,40.0
8662,71e4e5e4-b60c-4276-92d8-6b33230c725b,1002,C0125,20240707,1697.2,1.0
8663,c918d6c3-718b-42cf-9a98-df16d30a628f,1040,C0714,20240731,1977.1,22.0
8664,0344907d-ebc1-4e01-afc8-b62d11cdba1e,1038,C0521,20240713,428.89,30.0
8665,270b1311-3dd9-4464-b8f8-9244bfdd6dac,1021,C0066,20241002,1015.07,40.0
8666,6e0025a0-0788-423d-b483-085562c0a1e3,1040,C0159,20240905,180.59,36.0
8667,773130e0-ffd8-4dda-b12c-cde21dacd4d8,1038,C0848,20241106,463.65,28.0
8668,434fa957-6569-42ac-b537-ab7d33488e6c,1033,C0232,20240709,287.54,4.0
8669,07097a5b-1095-4b1b-ad53-a33508dca59d,1023,C0831,20241002,1716.56,47.0
8670,4fbc0bf9-d2fb-4d5d-a5df-4b6b55c0d813,1002,C0138,20240829,1260.2,20.0
8671,cb77d0e6-6c03-4714-bf0c-f6bb668bce51,1000,C0835,20241004,739.93,15.0
8672,1ad154ce-ef2b-42a7-879c-0e912a5552a0,1045,C0011,20241020,675.71,46.0
8673,d197ddc0-dc5e-49a7-a211-126d2eb0a038,1023,C0136,20241111,1488.32,8.0
8674,97487402-ff49-4430-bf42-0663c758bc98,1002,C0538,20240822,880.39,35.0
8675,5b05d339-d487-4a02-9059-6004ef2cddd7,1048,C0472,20240727,1256.36,28.0
8676,70f07d38-b606-4f23-99e1-02b6d56bd046,1044,C0848,20240607,1519.67,47.0
8677,1587746d-7f6e-4cf1-9eaf-939415464274,1025,C0544,20240907,1636.03,29.0
8678,1cf7b2dd-e67c-437f-b975-22ccfcede30c,1048,C0592,20241113,430.71,18.0
8679,c0b46b5f-d72b-4cb3-821b-5f55ad9413fa,1027,C0319,20240829,457.61,6.0
8680,7444c933-56f3-4a09-830e-56545de20618,1006,C0882,20240831,972.38,26.0
8681,2d591969-9437-4b9f-b7b0-cf71a002ac79,1028,C0695,20241013,1821.78,13.0
8682,038b8d73-3c01-4de4-9ce1-188e1b7c5029,1027,C0274,20240731,1244.51,37.0
8683,fe6ea46d-669a-4aee-9532-133252b0efd2,1038,C0605,20241030,796.23,26.0
8684,095495dd-d00d-4f67-a26e-8463967f724b,1018,C0133,20241030,1075.6,35.0
8685,c5fcafc6-069c-4f83-9c2f-9415ed2c5e70,1040,C0142,20240608,410.44,25.0
8686,7a2b531f-d866-4367-988f-7b4d3f23ec34,1022,C0199,20241107,1982.74,28.0
8687,01208130-10d5-4c77-8a75-c1c2bbb26cc7,1010,C0349,20240719,220.12,49.0
8688,a0a4b32e-c0bc-4dc1-8519-994b92589b93,1034,C0388,20240818,762.19,14.0
8689,7f6e102b-0c62-4524-bcab-20f03178e577,1042,C0910,20240826,1488.49,50.0
8690,a171f055-89d1-4bf8-9083-8a928c100cdb,1031,C0337,20240616,1215.73,33.0
8691,138d5455-3b4a-4653-851a-a1f08bd175e9,1004,C0067,20241122,725.75,27.0
8692,9ece290a-7bcd-42fc-b32b-a5f442afff69,1003,C0917,20240913,1100.71,27.0
8693,d171a232-1e24-472c-9721-14e878a631d6,1040,C0674,20240610,1847.7,31.0
8694,ae3f737d-aa5f-44fa-8343-bb054da6b8bc,1032,C0162,20241024,1734.91,15.0
8695,f9c6f182-cc54-483b-ab8f-64fa82d24dd6,1027,C0876,20240628,1085.92,22.0
8696,c15316e6-f010-4417-9929-8b14fb62b7df,1000,C0954,20241026,1717.59,4.0
8697,e268bab2-62dc-4199-bbf5-300449c624ae,1022,C0369,20240627,603.74,2.0
8698,c321f792-d045-4936-9944-931497acbbbf,1012,C0048,20240912,362.39,30.0
8699,57be113b-5373-47f8-b944-67d9131a47a4,1049,C0069,20240811,714.35,8.0
8700,7417bfae-0c6d-42d2-bab7-0c6cf2b333c5,1048,C0914,20241101,98.48,18.0
8701,f57e87a2-382d-4f16-b548-6dccb41be8de,1031,C0540,20240910,1403.54,12.0
8702,dc38ac5b-e166-4c0a-a58c-48f497ad7c37,1018,C0709,20240724,1510.42,4.0
8703,ccd0e03b-b01a-452b-a897-1725e2a6213b,1004,C0639,20240704,1912.71,8.0
8704,7805e892-f696-4573-b8ca-17d73b467239,1036,C0269,20240616,378.29,43.0
8705,f2bb0e7e-3aa9-4e1a-8748-628bcae9b435,1035,C0219,20240929,926.03,12.0
8706,3b997aaf-f762-4837-b177-fd10b6f4b85a,1024,C0173,20240904,1015.07,16.0
8707,170c2293-ccbb-41d6-b3ee-3110126a2065,1007,C0618,20240608,653.64,25.0
8708,53d20ee4-a7ef-4a35-a15d-9ae46cd1e2da,1049,C0972,20240816,1672.64,10.0
8709,e66159a5-3c10-438e-ad13-3eb2f8dd0ba3,1002,C0194,20240720,680.44,31.0
8710,beadf907-9ef8-43e8-9239-5c4e01057d71,1026,C0338,20240909,1517.76,43.0
8711,76d458c6-1581-4cd6-91d1-ddd1c7dd0f08,1036,C0795,20240728,1255.4,44.0
8712,75909a6b-a580-40f6-9e67-1d1e4ad46a73,1000,C0301,20240710,1540.09,45.0
8713,c5b02d65-5e5a-46bb-be43-4136382a339d,1003,C0824,20240618,1970.6,44.0
8714,9c5dd077-657b-4780-8dbf-591ab9ac4661,1038,C0265,20240702,562.55,15.0
8715,98e62c2e-30cd-4644-a5ab-45273ddc53b5,1013,C0440,20240917,562.29,37.0
8716,1c339bf1-2a89-45a7-a165-5ee7b5a48f54,1018,C0105,20240613,223.42,44.0
8717,ac171581-31ed-465f-87fd-33aebf7ad818,1007,C0263,20241112,835.98,10.0
8718,cef71b8c-ceb0-4592-b81e-c9819fa5b784,1012,C0799,20240622,551.37,31.0
8719,b1bf9b31-c3ab-457c-aeb2-b9feedc8e72c,1045,C0564,20241029,1144.87,22.0
8720,919de673-40ab-46e6-a820-39f5fe8882ff,1017,C0716,20240924,588.97,27.0
8721,c7647761-4815-4aaf-ad8f-8fa593975fb8,1012,C0560,20240815,1068.16,47.0
8722,6c7f64a3-7455-4b75-a351-745b78b29363,1046,C0743,20241104,1342.62,16.0
8723,fa2b68b3-61cd-4601-9ea0-761cc705ed28,1019,C0345,20241114,1460.61,49.0
8724,08e351ea-eee7-435a-a7a1-78bf0eb40a74,1005,C0006,20240702,1981.45,9.0
8725,24f75ad2-9622-4a67-b1dd-a8829e4ee55b,1011,C0309,20241025,461.1,11.0
8726,99238051-529c-43bd-abd8-a7ce746d0238,1013,C0426,20241025,1610.46,42.0
8727,ca9dd9e5-df9d-430f-8b2f-f31cd020efdb,1024,C0886,20240622,950.99,48.0
8728,5040d26a-6ff8-4b20-b73d-1db08af525c7,1026,C0865,20241107,1932.95,14.0
8729,02b0f406-12df-405c-90df-f01b926ac609,1026,C0790,20241103,291.2,26.0
8730,4005e204-cab8-48e0-bf88-3281f7e744da,1014,C0729,20241123,1015.07,19.0
8731,c3a53b9c-9b57-4707-be4a-dcb6c429b8f3,1016,C0894,20240709,1015.07,43.0
8732,6c90f2ca-3a0d-4403-907a-047a76ca8bdc,1042,C0709,20240607,1952.73,31.0
8733,dc54299c-3525-4349-be07-74618cc29946,1000,C0488,20240813,1171.69,49.0
8734,5273d22a-4277-4a7e-9bc4-660d6ba48fdc,1040,C0794,20240728,192.62,18.0
8735,e2f1b26d-6f2b-4a84-b1cf-3190659602df,1021,C0125,20240610,720.03,26.0
8736,13ffc092-7b53-4dc2-a93b-0372aaf55a36,1011,C0794,20240825,981.95,27.0
8737,90737cf2-e156-4c45-99d7-18024624e3c5,1047,C0517,20241119,124.68,24.0
8738,154793fa-66a5-48a7-9d50-b97f6c482b54,1035,C0862,20241024,1605.94,1.0
8739,3404f1eb-8a34-4c0e-8687-ca714f056623,1029,C0148,20241029,841.4,5.0
8740,04c9eb13-2a67-4264-bd6d-9f0674fcb55b,1020,C0331,20241005,465.81,11.0
8741,cce32d01-1cad-4dd6-9370-78df5500ddda,1037,C0436,20241013,1222.55,13.0
8742,ad8dc4ce-59ef-4284-ac1c-425cb13901fd,1013,C0946,20240927,602.0,42.0
8743,6d4e0646-fa69-4525-8dcc-8793b93985b2,1049,C0426,20241105,1015.07,5.0
8744,76ed4aa6-5563-4fd0-a000-f05cf6c0386c,1027,C0598,20241113,1131.72,6.0
8745,e273c170-68b3-449c-9038-466a9f08850e,1001,C0105,20240621,317.65,15.0
8746,232f515e-47b2-437a-becf-315683e0c458,1016,C0372,20240801,245.83,14.0
8747,32f954e4-0eaf-4903-b9e4-cf50978de938,1032,C0270,20240622,1204.87,50.0
8748,56e4488a-c2f5-4e6f-b9fa-2770e8641f37,1000,C0827,20240921,606.91,28.0
8749,4bc9d351-9918-4e45-af62-e5901f32ffbf,1035,C0431,20240801,1701.57,24.0
8750,b5fffb5f-8c49-45ab-a09b-43371bc55f68,1043,C0215,20240918,1789.18,47.0
8751,ae2d608b-a1f5-4529-bd2a-7ff259e0213c,1012,C0475,20240929,1893.37,15.0
8752,a26540eb-308b-454d-ace9-b87fd33ca8da,1036,C0657,20241111,1182.72,7.0
8753,09d57dc1-deb2-479f-aae6-30b7e442a324,1021,C0130,20240725,889.45,30.0
8754,44afdd42-7d1f-4273-b2ab-4b7d389ede97,1005,C0497,20240729,1109.49,40.0
8755,1860a34b-93b4-4782-956e-e6306352ae33,1045,C0742,20240828,384.54,20.0
8756,2a76c48a-1981-4c61-8205-aeed80defc2e,1002,C0378,20240726,1435.59,26.0
8757,8a4f6d7d-f7ff-4b33-b015-617dd8a0d9f9,1022,C0898,20240713,549.12,50.0
8758,175a21b0-b29d-46d3-8f94-4b4caf49bc04,1033,C0870,20240605,1034.16,49.0
8759,78aa744a-accc-48db-b4e3-468d1905491a,1035,C0911,20241124,775.5,50.0
8760,beb3ae20-12f7-456d-84dd-7de5c3d9b043,1021,C0593,20240930,710.92,27.0
8761,2da67ac8-dc3e-4dab-9a6a-e3a9c0004228,1035,C0523,20241126,942.58,44.0
8762,e25d5e89-dddf-40d8-bb48-21875b92b0e6,1023,C0087,20241009,1594.22,23.0
8763,e84cf5c8-11a5-4d8a-b21c-8b63628eac1a,1014,C0011,20240908,627.84,15.0
8764,31592550-d350-4ac9-9495-993327a93b96,1044,C0668,20240926,1470.32,23.0
8765,e59e2773-c7e7-4357-b070-75138abe6bf6,1031,C0626,20240912,192.0,2.0
8766,0ca811fa-5ee7-4e06-b84b-2c4477cd646b,1040,C0417,20241103,512.95,24.0
8767,6d9129be-823a-425d-81e8-ff18f1160ba8,1041,C0332,20240731,1015.07,4.0
8768,1db52aee-1e75-4150-a6f8-00c62d4a63e9,1026,C0751,20240621,1358.49,49.0
8769,55b04567-1c45-4dda-9618-304b2a31ac72,1028,C0378,20240906,1015.07,18.0
8770,0d710d4d-a469-4ffe-bb52-27fd8a1a3cd9,1012,C0787,20240619,860.0,28.0
8771,9327d34c-0240-4347-af95-a9ac6adf2a09,1021,C0972,20240606,824.09,35.0
8772,7c7e47f8-d103-4b24-b8ef-c60c20d165d9,1040,C0426,20240619,1614.31,30.0
8773,19c4abdf-d4e6-445b-9cdc-1ba6bd98b812,1014,C0209,20240825,1342.45,29.0
8774,d34fe91c-329c-47b7-8726-0bbe16ca4d59,1021,C0723,20240916,1241.09,40.0
8775,2703a83c-bf92-46eb-bc02-8b827edcee02,1004,C0446,20241006,991.82,22.0
8776,d2ec56e4-e23c-4026-8d25-b710da01f124,1029,C0699,20240720,1136.35,42.0
8777,32411815-3fac-4c48-899f-70410207f4ac,1016,C0017,20241005,197.54,12.0
8778,b8a626de-22ed-4ddf-b4e0-5d317a9e843b,1024,C0495,20240612,1823.54,12.0
8779,895f4deb-0d91-4b62-ab04-b3c05a804d2f,1031,C0161,20241018,846.0,31.0
8780,e9ec9661-8fde-40e7-907e-b04a377ffaaf,1003,C0709,20240626,1432.35,50.0
8781,c8374ea0-9ef2-46e7-9a50-56e66d8a30bb,1043,C0230,20240719,213.93,6.0
8782,5d0a8ced-15e6-4e4b-a100-402e68672276,1022,C0978,20240729,1874.2,2.0
8783,91a06720-134c-49ba-a2a5-b282ad980b0b,1026,C0625,20240917,1246.3,18.0
8784,55d49178-f7ee-4588-967b-c08d3530d1d9,1036,C0700,20240628,1015.07,49.0
8785,d9074767-8e28-474c-8a80-cb1121ea8535,1043,C0479,20241027,793.26,21.0
8786,b706c1cb-569b-4e62-baa4-49d8ede9f870,1012,C0381,20240702,595.58,3.0
8787,eb77d914-452a-4947-9666-a224d05ff904,1032,C0405,20240726,944.7,19.0
8788,11934707-ea20-42a4-b382-5fd573506c0b,1037,C0146,20240629,1099.21,8.0
8789,3586db35-3ce1-4443-9487-aac42216ba4b,1001,C0286,20241117,1015.07,11.0
8790,fdaf35cf-2397-4fba-8fa7-b9711065e7a2,1041,C0057,20240730,810.69,35.0
8791,3656caab-5534-4d65-bbae-963f37eed420,1000,C0557,20240815,1495.31,34.0
8792,ae1eedf1-a0ad-4c6e-8028-3101063c2e36,1023,C0027,20240805,1415.27,47.0
8793,5acc3cb6-cab3-4a20-916f-875326d11b90,1015,C0107,20241021,496.77,22.0
8794,d83e9e8b-9719-4e38-b915-e4eb45c7b145,1002,C0891,20240813,87.91,2.0
8795,c72875b4-f113-42ac-a413-1696c2498d1f,1034,C0177,20240615,1015.07,24.0
8796,3ccb1a11-25fc-4f29-b977-e89750290487,1011,C0940,20240908,1835.6,28.0
8797,23c32fdc-3a18-4453-aa8a-3c761cd9f789,1040,C0697,20240903,1296.15,13.0
8798,9257bb56-ecf9-47f0-9e43-c669faef95ac,1046,C0351,20240722,204.99,37.0
8799,c01aaaac-7c80-4a18-96c5-05b078d9d78f,1007,C0746,20241109,1124.5,15.0
8800,2d780c4d-12df-4fa9-95e4-b4e2e777242c,1028,C0066,20240621,1015.07,33.0
8801,3f7f93ba-3eca-4208-b2fe-0b72ea34df65,1015,C0127,20241024,1871.8,43.0
8802,e770bf9d-9902-4319-81ad-c64e2d1b50e2,1038,C0967,20240623,1625.89,10.0
8803,6e34ecf9-d199-44f0-848b-625fa3e2538b,1035,C0633,20241115,880.49,8.0
8804,4115bc4e-f06a-479c-a627-11e4d7d64314,1010,C0506,20241109,1026.09,2.0
8805,65651419-6e01-4dc2-aa20-2843ef6a16e2,1017,C0858,20240722,1731.9,25.0
8806,5d9ea546-6688-4eea-8cdf-9130d826330f,1019,C0018,20240803,1403.02,1.0
8807,d3968f74-bb6b-4328-83e7-35fe13f0d7c3,1029,C0491,20240908,856.04,12.0
8808,0e05e77c-cfd7-43b0-a275-bad9be667fcc,1033,C0437,20241031,965.15,17.0
8809,b88ca1df-9898-4d9a-9436-6bf2e9983b9d,1022,C0881,20240716,1810.3,39.0
8810,4ebebb71-1a35-4c43-9f65-7f4a40d9f9df,1049,C0623,20240807,598.42,45.0
8811,70804d23-ec0e-460c-a10a-6cbbad699146,1008,C0881,20241126,869.64,14.0
8812,8f9e6005-a08f-4be4-999f-471114789136,1040,C0923,20240925,483.24,2.0
8813,86a437b8-4967-448e-b12d-c86bb0f44eeb,1049,C0955,20240702,1573.42,41.0
8814,0c1eac2b-ef96-4497-92a1-c584a50d62fc,1012,C0914,20240821,1232.29,28.0
8815,705e8d86-e250-4f2c-a001-449716be64e1,1005,C0484,20241001,1245.71,4.0
8816,7690c430-9adb-446b-bc51-bd2d5bbcce5c,1035,C0111,20241022,71.61,35.0
8817,1ea06ccc-98a6-45be-8457-e100a1fbb4e3,1027,C0108,20241018,1923.87,33.0
8818,91094d6f-e843-423f-8d80-6e37e43daabe,1018,C0838,20240715,1034.38,40.0
8819,87cca675-8cc8-462e-8506-35b15b0a094f,1010,C0387,20240922,1934.95,12.0
8820,f0039b91-a9f7-44f0-94f6-8faf8bb7be26,1001,C0148,20240729,655.31,47.0
8821,f4378974-c3a5-450f-bcfa-002a588ff888,1035,C0914,20240928,1549.46,9.0
8822,18475a90-6103-440d-b166-4ad8523b4f32,1030,C0030,20240911,738.45,36.0
8823,afe770cb-23a4-40e6-9ca5-7bc980c50af3,1001,C0009,20240921,386.82,35.0
8824,817473b3-5a3a-4cdf-a34e-1f32f0d7244f,1012,C0426,20240608,791.4,34.0
8825,1124698f-4a98-43e0-9dff-1ee4d97c261e,1036,C0519,20240830,555.58,19.0
8826,5183bd06-cab6-4e64-94da-e3cc76f56937,1013,C0085,20240816,1298.63,3.0
8827,836d4476-2426-4ac5-a178-40f9e37dc403,1011,C0532,20240803,1414.99,30.0
8828,0c965e02-eb84-4d90-835e-86f6f883331b,1035,C0027,20240812,1015.07,32.0
8829,64579946-84b9-4112-973d-64ba2552991e,1009,C0123,20240813,1962.78,11.0
8830,b96110bd-a844-4b57-b8a7-0773c0934cac,1013,C0529,20240920,506.96,32.0
8831,474b82a0-6c5e-4d6d-a815-b644dfc96645,1039,C0071,20241127,410.44,15.0
8832,332b81bc-09f5-474a-81f6-c5ead7832a85,1003,C0746,20240626,1578.67,16.0
8833,8289c21d-e6be-4276-9df4-eb88fc18a9c9,1029,C0194,20240819,1076.58,22.0
8834,0fa455b3-59a2-401d-ae27-c0131b03c6ee,1036,C0015,20241105,1145.23,35.0
8835,3666d3ef-583d-4a88-bfd6-026dec8c754a,1020,C0196,20240927,1152.94,19.0
8836,d45d6952-c89a-4a42-937f-c6438b769d57,1022,C0750,20240906,1462.21,44.0
8837,f9590374-2a15-4240-8f2b-531362bbc0f5,1037,C0816,20240904,894.23,8.0
8838,cddffe6e-86e3-4ad4-aa7c-5eff2fc05490,1042,C0061,20240703,1624.34,9.0
8839,d90ac8c5-307d-4282-810b-aad44a5c6446,1013,C0437,20240612,460.62,42.0
8840,437d475e-371a-454a-a7de-e565e093153a,1010,C0537,20240709,1333.55,28.0
8841,6561cda0-f624-4a98-8a1c-f1af9489443e,1043,C0735,20240708,1119.42,11.0
8842,5d6f08cd-3b32-4929-a461-77a8218bfbad,1008,C0862,20240626,65.2,45.0
8843,dedf112f-dab2-461a-9883-71455df3d462,1001,C0349,20240616,1212.61,35.0
8844,f9518716-5d5e-48dd-8437-2677f6d96f4d,1004,C0823,20240614,297.95,29.0
8845,a8e60f91-3e05-4253-9733-66b75d29b712,1024,C0897,20241009,1298.03,21.0
8846,b4880057-9d83-4839-a2a5-535d6b1046f8,1030,C0028,20241124,982.19,14.0
8847,b47373a6-4b93-48d2-b7b8-86b1a1602a52,1015,C0423,20240628,562.67,25.0
8848,3117bc8a-fe97-4387-8936-a8ebd44bc990,1015,C0584,20241113,1336.64,30.0
8849,8812e5c3-6550-48dc-ae86-eef689b0dbf7,1047,C0117,20241109,92.31,47.0
8850,a77ce7da-4135-4ab1-a2a8-e319f94925f0,1039,C0558,20240805,854.16,37.0
8851,b09c61a0-9c03-44bd-9860-09f1b55c44b5,1035,C0527,20240910,1541.23,35.0
8852,4eb8d8c5-eb7d-4178-8c45-0530367f646b,1001,C0272,20240628,1659.04,49.0
8853,63bf6733-2240-41ee-afd1-f8b5ebab6f1c,1035,C0711,20240926,1976.13,33.0
8854,cbbae0c8-3d2f-4f4a-84ee-a9f49d190a70,1013,C0608,20240812,1810.94,36.0
8855,eb1a0c8b-1eaa-4a4a-8176-b1486b5c72a3,1003,C0381,20240614,1998.5,34.0
8856,2a6954ce-64d9-4a09-b819-36d3b836972c,1011,C0805,20240630,1687.37,28.0
8857,cecd0fb5-1640-42bd-8a73-c1057025905d,1023,C0746,20240804,1477.74,47.0
8858,68b629c0-fa54-4a1a-9fa5-c4ba6f4d5115,1021,C0863,20241120,1895.37,46.0
8859,91748c13-2279-4698-a1b4-10e289f3ff90,1027,C0576,20240713,158.83,3.0
8860,cf7452f2-df62-4f25-bc25-ce74154d3b9c,1047,C0363,20241030,810.43,32.0
8861,a7c6c2b3-906b-4030-93a5-2e7ec48f7ca2,1021,C0026,20240715,59.59,44.0
8862,2869d5ea-d736-47a0-88c6-3a0d9c32ac21,1046,C0177,20240829,1548.32,2.0
8863,2f4488d0-7714-484c-afd6-8c881cc2eb02,1037,C0476,20241029,1314.68,28.0
8864,a93585d2-eff1-4965-9455-50800e920e73,1008,C0020,20241011,1899.4,36.0
8865,ad9b0d4c-7430-44af-8d8d-95e3b49e8d51,1048,C0803,20240623,1153.03,18.0
8866,a25043c2-9f4c-4f30-bd16-f61b3200c61f,1032,C0001,20241118,803.59,5.0
8867,60f77a8b-1c98-4181-bbb2-55796e9ee6a6,1014,C0336,20241021,1534.88,32.0
8868,091d182d-d5ae-4366-93a9-80aea8d2c24e,1046,C0855,20241003,974.86,47.0
8869,49ef9161-2f54-4673-ac0b-0913a3ca221e,1046,C0822,20240623,678.76,44.0
8870,9d16a752-d125-44a1-8bb2-7b9de37d5c85,1048,C0808,20240719,1291.87,34.0
8871,7ec6d7e8-a825-40a7-8b20-f0083cff7175,1028,C0468,20240603,1523.59,50.0
8872,34c8dfe2-1e57-4073-8c3f-e275aad6c0fd,1044,C0332,20240729,1384.9,1.0
8873,5887ae83-be28-485c-9e26-394660b3277d,1006,C0560,20241024,135.69,7.0
8874,98aece35-dbd2-4081-be93-e2ac8d06345e,1011,C0709,20240915,717.61,4.0
8875,c67105ff-2f33-4cce-99c4-145cbc3d37f1,1044,C0846,20240910,1861.6,9.0
8876,37fb59db-5a3f-4503-85bb-535d2a3b4ac0,1022,C0761,20240603,277.23,9.0
8877,882dfbc7-8795-4928-8297-12fdeb77b6e5,1009,C0153,20240803,456.28,8.0
8878,c634494c-c130-43a2-8608-321d33218c5b,1023,C0145,20241118,1015.07,7.0
8879,c22e9fac-4a49-4c06-858b-2e966e8cedb1,1030,C0430,20241031,1286.21,13.0
8880,a5706042-1372-4287-903d-98b145a745ab,1046,C0428,20241024,1518.57,17.0
8881,eb8f18ba-1169-42ca-937f-bdf06c3a2e9c,1027,C0039,20240809,1543.59,31.0
8882,cd2caba1-e89e-45e4-83b2-06a7f2350f8a,1043,C0059,20241018,214.69,26.0
8883,24d4ff9d-3820-4706-8ff7-b0099c9064f5,1031,C0468,20240727,512.25,17.0
8884,57fdb804-dca6-4970-8eb7-d58e48241a18,1013,C0989,20241123,1426.98,40.0
8885,8cfcb26d-fe11-453f-90bc-aca2d51fad39,1018,C0822,20240602,1171.61,15.0
8886,261e38fa-21eb-4522-8309-891067ab1eee,1038,C0997,20240913,103.3,50.0
8887,45dac73f-f0ac-4a34-9603-00af95acf1ea,1008,C0290,20240831,67.32,50.0
8888,82057f5f-d340-4ad5-b17a-3764a4365137,1045,C0235,20240725,1015.07,5.0
8889,90684046-da2b-44f8-b9ea-790410570c72,1013,C0023,20240915,950.24,15.0
8890,9a3687fe-bb7d-42bb-8567-3731443be085,1036,C0806,20241116,1005.53,34.0
8891,991105e1-f1d2-4b06-99c6-2123502a09a1,1035,C0989,20240816,686.99,30.0
8892,ba5df93b-3730-48cc-afce-ae36f35b3d99,1048,C0058,20240714,753.49,24.0
8893,3e490b23-3a18-427d-9d0a-4c677bdcabd9,1042,C0827,20241008,1764.54,37.0
8894,93bd6cb7-49ad-4995-b10e-c581c566fb1c,1042,C0626,20241007,1338.72,8.0
8895,e00103e3-5297-4f49-a504-f0e58bb1c764,1042,C0344,20241003,1372.89,40.0
8896,cc5d5ec4-2cdb-4da8-bef1-f01fc988659a,1019,C0953,20240629,1009.53,13.0
8897,89e44c35-8905-43d5-9cd4-62cef5bb1274,1026,C0517,20240907,505.74,12.0
8898,8b0879f3-e423-462f-aaa1-b74f835cbb92,1028,C0456,20240617,1913.72,42.0
8899,89ae969b-23c0-49e5-ac41-d4ea0d973fa5,1022,C0469,20240703,359.8,1.0
8900,50dbf3e2-03a4-48bf-9a1e-c63c4023d30a,1036,C0214,20240925,988.29,28.0
8901,42d1eabc-867c-4862-bab9-627c903a3b46,1040,C0531,20240718,1104.69,5.0
8902,d31f4f1f-a551-403f-b996-5235acfff676,1024,C0606,20241113,458.66,49.0
8903,11848835-27a2-4c30-8d46-095c3a7745bd,1014,C0809,20240623,1669.35,1.0
8904,cc3c8f74-03d8-495c-8238-7c181986c839,1000,C0261,20241017,1971.48,21.0
8905,75640c4e-1e34-4a1a-a751-e937f835eb8f,1029,C0430,20241029,612.22,44.0
8906,59279200-6bca-4b6c-98e7-d5e4694516ce,1038,C0592,20240628,716.04,2.0
8907,5ef51515-b8e7-40f5-bbd8-47a04b0e2865,1007,C0707,20240708,87.47,50.0
8908,13f92d10-21f8-4d40-aebd-1d65902d9b00,1003,C0458,20240906,740.71,44.0
8909,88ffe6d8-caea-4e42-a257-6aa264f53b9b,1030,C0965,20240620,860.79,25.0
8910,56eeaf77-1c4a-46ba-86df-9e1a38790374,1002,C0739,20241021,1561.6,34.0
8911,9602d2f1-75f6-4932-a633-0cb322b99914,1034,C0653,20241115,758.55,14.0
8912,8de76cb9-4251-415b-9970-c6fcdfc0a59a,1049,C0269,20241004,536.89,7.0
8913,cdd4014a-a832-4f66-8d8f-c23ac1921f44,1024,C0935,20240821,1643.81,42.0
8914,d889af89-2b36-4831-b9b6-7c33341c37c3,1037,C0924,20240701,1983.31,10.0
8915,108dc19c-3fee-446f-963a-90f55a6b3553,1038,C0146,20240928,1997.39,6.0
8916,285505ce-812b-4c8b-9e86-054fa92b4565,1007,C0142,20240828,168.97,32.0
8917,65a60769-741f-4cb8-b1f6-68d2f9f4f959,1003,C0433,20240815,1015.07,23.0
8918,35f1d04d-a022-408c-a6f2-eac8cd898e56,1017,C0184,20240906,1074.6,24.0
8919,4a1b7a8a-a519-459b-8529-325fd646d216,1026,C0854,20241031,1986.05,1.0
8920,764340ab-c8ab-4428-ac0c-618db56cace4,1009,C0561,20241114,691.93,37.0
8921,cec99e41-e3e2-4824-94e3-37767eb9ca35,1038,C0907,20240731,151.14,15.0
8922,fe22b7a1-0f6c-4dd0-a49c-f19bb3f2fb9e,1009,C0344,20240814,916.69,50.0
8923,a2cded2f-7b73-4d2e-94a5-90637090fa4b,1033,C0065,20240622,266.64,20.0
8924,9208f74e-2cd8-4ac8-a714-a00d5ac8359b,1020,C0621,20240708,238.92,12.0
8925,e8180a05-ca1a-4560-98e6-0d91a58ce681,1036,C0742,20240805,1599.82,25.0
8926,5aefc73e-66de-4cac-bd51-c8809faf8467,1031,C0222,20240901,441.0,18.0
8927,5aac8757-ff1c-4552-9cef-d6b12ed746e9,1025,C0220,20241010,438.78,17.0
8928,983fdafd-5e0a-4a68-8d80-12356b2fc499,1001,C0534,20240819,1223.81,44.0
8929,732c1f2f-e9e6-42b7-b37b-1e40cc77d86f,1032,C0460,20240607,1140.73,20.0
8930,31e2fbb4-48f3-45b9-a3ef-e3ecbb6a20ee,1030,C0380,20240610,198.16,33.0
8931,89ab650f-8025-40a0-aec0-6082a0d56ab5,1017,C0755,20240729,213.61,14.0
8932,c9067410-af4a-4b5e-bb98-38b943fd21f7,1042,C0651,20241003,639.15,25.0
8933,41a7f41f-126d-4ef5-b289-1e3fd2adf60b,1009,C0544,20240710,1635.08,50.0
8934,868d187e-7206-49bf-935d-dae1d3ef1ee7,1040,C0172,20240812,1107.96,10.0
8935,6e189f65-87ab-46bc-a63c-e2ab31b83331,1030,C0095,20240802,1426.25,29.0
8936,3953ce73-6fb6-4647-988d-c0767c09679c,1027,C0256,20241113,1300.92,49.0
8937,f74d78ff-b247-47d0-b1c7-c64707de64b9,1010,C0275,20240803,1895.12,8.0
8938,9b7fe9e7-4956-4152-a574-5ed489334b9d,1014,C0610,20240828,303.64,48.0
8939,3d80f2f2-bcec-4675-ba85-8adfb592c6fa,1026,C0787,20240914,1332.71,31.0
8940,18bdec10-5a07-436f-b186-30dfca2e1f36,1000,C0085,20241108,300.88,40.0
8941,3a04e2b3-02af-4c43-bf74-472e767e2e6d,1013,C0262,20240724,1089.26,4.0
8942,91f57479-f41a-4f98-a8c7-7c680a7510a1,1008,C0747,20241008,552.71,18.0
8943,07e62d9e-ddaa-42fa-89e5-aa67f820640d,1045,C0115,20240921,196.43,11.0
8944,dd7bf2ca-4d44-4920-a510-6704a5d085c8,1027,C0796,20240915,1968.03,26.0
8945,9aae4698-0173-41a8-95e9-9f4bd52d7d8a,1010,C0490,20241015,1412.39,47.0
8946,641ad0a0-be04-478f-899a-db3267a797db,1010,C0267,20241103,1365.87,26.0
8947,d28da7dd-1b7f-4cfa-ae5a-a6af0a2f7d89,1029,C0486,20240703,171.54,27.0
8948,4ead47bf-d5e3-4866-8832-83554a15a8db,1002,C0002,20240620,228.33,6.0
8949,fa0583fc-73b7-4a4a-9ae2-e6fe2f46ead9,1048,C0499,20240820,1690.95,13.0
8950,4c4946d1-48cd-43c0-91f3-c8f8accba4c0,1017,C0108,20241013,1836.18,10.0
8951,368c612d-6f7c-4c38-a99e-96ed5ef13537,1041,C0531,20240626,1946.33,14.0
8952,e42e4e25-ccbc-4a9d-af93-23ea2577331c,1038,C0595,20240830,1885.52,12.0
8953,8ea469b1-58aa-4426-9647-466c0f962765,1038,C0063,20240815,1914.74,16.0
8954,cd2e0092-2e05-4aec-9bad-35d1fafe2ab1,1033,C0017,20241127,311.63,14.0
8955,9482cb58-39df-4093-b76f-fc605ed32213,1020,C0127,20240628,1879.96,47.0
8956,a9ae36d4-2f46-4868-9b48-17c8f86038a6,1000,C0555,20240627,1029.16,48.0
8957,e51ce2dd-ab48-4f3d-9a90-39e639577101,1035,C0869,20241003,353.28,2.0
8958,205f416e-2959-433e-99f6-5425d5d146bd,1042,C0470,20241019,169.03,44.0
8959,7ab3a3f5-5338-49ac-b947-3fb8f2c96955,1022,C0602,20240601,237.32,14.0
8960,94b5b1e9-f874-448c-86fb-056c75ce8a08,1000,C0742,20241020,1662.9,45.0
8961,71ef8afa-068c-4b78-beb8-0da528405f23,1048,C0214,20240913,778.06,36.0
8962,07d80936-6a84-4faf-8c58-d525b8c71611,1001,C0292,20241018,1269.85,10.0
8963,d9b011a0-b6f5-4535-b326-b2672ac5322f,1046,C0742,20241111,256.95,39.0
8964,9b85c5d7-d9e2-4bee-9aad-2905e95c766a,1036,C0141,20241006,652.94,36.0
8965,70839232-70a8-4f3a-8f9b-8e06b5c6ec4d,1021,C0488,20240726,1253.79,48.0
8966,f0eae95e-7a77-4b95-84bb-3131df93e55a,1046,C0695,20240612,1231.09,43.0
8967,413216ab-e671-4e58-9da6-818655eea4ea,1002,C0491,20241112,1606.13,14.0
8968,50df82b6-06b2-4ae5-9858-2a7a9529ed4e,1045,C0764,20241010,959.66,30.0
8969,cefc21c9-353e-488e-9390-e6c99cde1d87,1039,C0932,20241017,766.03,45.0
8970,c9926987-9cef-4edb-8b80-b1fa3be67636,1007,C0121,20241019,231.1,14.0
8971,4d748544-b9bd-4e05-a33a-a5ee7a563209,1028,C0909,20240601,1302.24,21.0
8972,3b51aaf5-4ac2-4ec5-8f99-c115bd26776e,1018,C0882,20240628,1405.57,38.0
8973,bae66c05-ee89-4d82-b6b5-e5673900c1e4,1031,C0233,20240606,1025.37,6.0
8974,2e382d75-9129-479c-bc62-6639ee712458,1005,C0886,20240804,434.91,2.0
8975,f6c8d1d9-9546-4a23-afdc-19b4415a3013,1022,C0932,20240606,1015.07,5.0
8976,2e6ea0f8-0896-4da1-bc61-35c31d1388d1,1047,C0083,20240616,1035.59,14.0
8977,f70b2887-f07b-4210-b087-7419adf60b79,1036,C0861,20240710,1714.37,3.0
8978,0975a597-9058-47e5-89c0-adca897fee58,1020,C0378,20240629,1015.07,41.0
8979,d73d431d-8b0f-4bf3-9ded-e4b740e446f5,1039,C0061,20240611,163.05,45.0
8980,6f660090-1e16-426e-8de8-19e0d83505be,1025,C0045,20240620,1331.08,38.0
8981,c0966502-fef9-4b11-a7dd-392aa00541c4,1003,C0480,20240813,1049.68,2.0
8982,83899d49-59a5-4e10-8854-669ee34f5486,1011,C0827,20240915,1005.73,27.0
8983,7248bb93-3dff-40a5-a0db-0082b49ed760,1035,C0966,20241012,965.61,3.0
8984,1cf15482-ac2c-4da4-9f75-dff9c4f09be6,1043,C0543,20241107,436.05,50.0
8985,a29c5d91-35e8-4561-915b-5ca2698c2b85,1004,C0817,20241001,1048.09,22.0
8986,5a6428ff-2ebf-4e79-a422-fdac50711be6,1040,C0471,20240711,216.31,19.0
8987,e6878dd3-9034-43b1-98a7-b35871d73902,1045,C0742,20240930,494.44,9.0
8988,60b87381-4546-4846-b18a-53900571802c,1037,C0690,20240701,1054.0,30.0
8989,08dd2900-c317-4a0b-9d0c-eb2a077544b8,1039,C0027,20240611,190.15,44.0
8990,78ab2b42-5e21-4c53-829e-b9faa05483c5,1013,C0911,20240815,1654.63,30.0
8991,2546dc02-9741-4eb6-bac4-2945b3977d56,1030,C0843,20241125,874.02,18.0
8992,53bab49d-b2a2-4260-82c2-d79d190e1129,1029,C0235,20241125,1994.26,35.0
8993,79240cb7-febd-4999-9c08-8ac3fea47dd0,1025,C0294,20241125,1734.24,41.0
8994,45be82df-0a9b-400f-87bd-e618bb7e0b90,1028,C0490,20241005,546.96,15.0
8995,d58bd8ba-80b6-44df-8a57-5b9cde2ea8c9,1014,C0869,20240819,188.5,21.0
8996,7977c66e-d399-47bd-a9c2-f6782d3310b2,1023,C0476,20241121,545.09,12.0
8997,036a9b0f-f509-4101-aca6-6c4664b02c06,1022,C0703,20240905,1015.07,25.0
8998,f9ee5d01-0cdb-4006-b58f-3b39e6f50f5f,1033,C0640,20241113,544.4,44.0
8999,e4a703d8-322e-4bc3-ad11-99482a907b46,1003,C0221,20240801,386.3,37.0
9000,8e604b08-0824-424f-be50-88086f326cef,1017,C0850,20240615,201.71,7.0
9001,88259c9f-a3b8-47ae-b008-441a8bd24c80,1027,C0779,20240927,1399.01,40.0
9002,9cc87dcc-e3fd-4336-b514-bf5d0c9451ee,1009,C0261,20240609,834.01,16.0
9003,835f545d-925a-4ba4-b28d-817f3a31f7b7,1011,C0023,20240701,1042.76,10.0
9004,9804711b-dcc7-4de8-8859-63eb1212cd6e,1008,C0565,20240607,126.83,11.0
9005,8a07f391-a67d-4fa8-964b-78489e0b74f9,1032,C0161,20241102,1504.31,28.0
9006,7c9809ec-950f-4b35-803a-e6d7bc771b0b,1039,C0734,20240723,699.06,50.0
9007,49fe2c47-cceb-44b3-b149-e93ff7e9beca,1040,C0932,20240910,1843.98,10.0
9008,c2d008c7-edb2-4a97-a499-dad292a40b73,1033,C0671,20240707,1851.15,48.0
9009,d4ca1fe0-f65e-4057-a1fb-e8f35a53877a,1044,C0471,20241125,297.87,33.0
9010,8d471e65-7d88-45e9-b91a-5143dbfb10a4,1010,C0727,20241016,1015.07,22.0
9011,aa7a2be9-47ad-4d1d-82f2-972148a314d8,1044,C0858,20240925,1572.91,20.0
9012,30ca0cef-0aa1-46fa-acf6-d98668dbbfee,1028,C0317,20240606,519.7,46.0
9013,ee0d057d-528b-479e-876f-a8b4577a4401,1038,C0126,20241101,77.13,4.0
9014,933c15b9-e1e6-4355-a4b4-6a0c76b97acc,1032,C0586,20240727,1406.86,22.0
9015,fd0ce403-f98e-42bd-ab06-652a6cd091a2,1037,C0388,20240709,1610.26,40.0
9016,8bac8659-7748-49dc-b02e-785787e770a7,1012,C0136,20240726,57.75,4.0
9017,00ea79df-e3a4-490c-8926-4f0441d96966,1024,C0517,20241018,631.27,30.0
9018,bf506d6d-2242-48a0-8f01-ac244b5409c0,1049,C0852,20240718,624.41,29.0
9019,e8fc84c3-e542-4050-bf1e-904d230ef00e,1011,C0604,20240810,1015.07,9.0
9020,b4fe2cb9-4cfa-43b4-b696-6d68b6aea9c6,1002,C0910,20240811,1015.07,31.0
9021,140e71f9-c488-4981-b41f-51c933ec0d5c,1039,C0354,20240811,1782.45,24.0
9022,1076c863-46fc-4f86-b14c-7bf25670541a,1024,C0915,20240922,228.62,35.0
9023,c579e872-9d7c-4ee0-be6a-d801ec4a9ece,1047,C0333,20240717,774.84,4.0
9024,b6e80c81-b469-4b01-b888-bee9785b63db,1017,C0444,20241024,1832.89,15.0
9025,17a34cbc-7a5b-4853-95ec-f428525e40fa,1037,C0128,20240814,1511.05,10.0
9026,604bcf78-791d-4cb3-a11b-c0ba47cfbb26,1003,C0519,20241103,1389.76,11.0
9027,2e874219-07c8-4f34-8996-7f5298873112,1032,C0222,20240814,1516.4,25.0
9028,ace198f7-491c-4936-9b47-c4c8f5d12469,1021,C0519,20240904,1917.64,9.0
9029,65c96dd0-8fc0-4300-8b2c-4d9ccff632e0,1020,C0363,20241115,1632.45,18.0
9030,6d18b57d-11d9-420c-9bfd-bea5ebd991f1,1032,C0224,20241027,114.67,49.0
9031,8b9eb305-5958-425c-ba40-7e47469170d3,1006,C0068,20240923,1793.79,5.0
9032,fd0e7aca-abb4-45d4-a86f-c0e66d5a4185,1034,C0825,20241103,1600.07,31.0
9033,222aec07-c773-4759-a4c0-c6db7da6a89e,1020,C0073,20240826,68.04,32.0
9034,e5458adf-acb4-4701-9f25-acf9c4ee350c,1021,C0803,20240729,925.72,16.0
9035,d3482db6-4091-49bd-8ed4-574592ba79ee,1018,C0625,20240726,638.61,45.0
9036,6a438223-27d2-4e29-9d4a-198f04ac0138,1005,C0141,20241007,114.02,26.0
9037,48d956f9-a4aa-4246-8c8e-29800d3379c8,1048,C0161,20241024,546.06,38.0
9038,c7332831-bd5a-4e84-9ed3-2173554bc323,1033,C0624,20240730,761.97,10.0
9039,d692efab-4deb-4d85-8951-82636c3afb7f,1004,C0669,20241122,776.64,47.0
9040,5907b86d-7af0-4380-880a-feb4eaff1c93,1001,C0416,20241027,1315.46,32.0
9041,78d8ed52-9f7c-4d01-afed-c9801cb74746,1005,C0929,20240830,1094.54,41.0
9042,dbb75317-af91-4e65-99b3-8cdb4f81c37d,1003,C0003,20240815,1502.13,31.0
9043,468dd100-3129-4948-bc13-29545c6df5a1,1004,C0516,20240627,643.79,15.0
9044,a916c38f-0ee2-4da5-9430-39bb74dcd95b,1035,C0236,20241010,1706.14,11.0
9045,ccb0ce4c-9706-4c09-a6b7-dd03b23de00b,1042,C0801,20241112,1147.82,6.0
9046,443c2983-dead-45ac-8eaa-2656f9a0847c,1007,C0721,20240616,991.35,48.0
9047,31ebacae-8e02-4e7a-a4bb-3885ad261874,1031,C0362,20241010,1872.58,6.0
9048,641ec833-8a61-451d-acd9-32d0523ddd90,1016,C0169,20241004,581.42,45.0
9049,6a23d9da-f025-472b-8d5f-1a6b1bc4950e,1027,C0663,20241105,1744.53,39.0
9050,6939788c-5373-4347-ad14-f50c0845a3b1,1048,C0628,20241028,168.01,19.0
9051,e95927a1-fa4b-4d5a-9c43-994fdf3ccdea,1006,C0417,20240715,218.65,35.0
9052,85bf3cd5-03db-4f07-891e-b87a427df687,1032,C0235,20241008,1768.94,4.0
9053,a3baf46f-7c9e-4132-92b1-d774294b4d2e,1047,C0252,20241122,596.36,9.0
9054,f284a423-f3e8-46f7-aae3-90a89c2a2a1f,1037,C0191,20240918,778.59,32.0
9055,ba71fe7f-123a-44c5-a706-ef3b277669b3,1044,C0523,20240630,1408.21,20.0
9056,b532d082-3c47-430a-9f14-646feacaf423,1005,C0146,20240826,1015.07,41.0
9057,0e90267d-6532-4cd8-b80d-97fb62620ded,1027,C0190,20240711,294.62,4.0
9058,373db294-8204-47fb-b7dd-938becca844b,1039,C0117,20241003,255.63,4.0
9059,d7db6aa8-60ba-44b3-b327-dca594bb7639,1019,C0514,20240823,1015.07,34.0
9060,77d78b17-603f-4e78-9d6b-717416febba8,1023,C0626,20240622,301.28,4.0
9061,edc6eb85-57eb-4fab-8f1d-9f5c3f3e43ca,1029,C0829,20240915,1003.7,48.0
9062,43031005-50b3-4211-ac5d-706f58322231,1047,C0208,20241024,1245.26,23.0
9063,128d38d6-d1da-4be8-a068-1d43f4819ad2,1004,C0441,20240704,1645.28,16.0
9064,2fa79ce0-dee6-41bf-89f5-1fa2aaf8a97f,1031,C0308,20240929,128.67,50.0
9065,be256052-e5e9-4ff3-a8d6-d4fbde7760b2,1014,C0388,20240822,645.44,22.0
9066,81647717-c0b1-43d1-91eb-916e811f665c,1012,C0100,20241002,65.72,2.0
9067,44b49321-8e7d-4c1a-8192-5108df414ac3,1034,C0212,20240714,1216.74,19.0
9068,dd071840-2eb4-4873-bd53-b7ccd84ac9df,1026,C0676,20240709,1169.13,24.0
9069,dd4f4aee-887d-461d-a760-3fbfa80a991c,1024,C0318,20240917,742.65,36.0
9070,c2bb4321-4a9c-4d05-b902-044be569949a,1030,C0530,20240916,1362.28,4.0
9071,848e75e2-fd2f-4122-b001-62afb0ca9c27,1012,C0260,20240614,421.08,23.0
9072,62bbb62b-0240-48fd-8a16-2532c02b925f,1010,C0432,20240702,1381.04,19.0
9073,b0ad13e8-056a-4fa1-bdaa-2e7b80b39aae,1002,C0862,20241017,1697.2,23.0
9074,a739d591-47ab-4f9e-a62e-ed2c487db6a1,1046,C0319,20240921,1698.95,42.0
9075,216a28c1-ba59-4c60-8e46-c5c63b1f80a0,1047,C0122,20240911,751.71,6.0
9076,eeae11cb-cb8c-4b0b-91c7-a6f0847bb253,1047,C0641,20240830,1460.91,44.0
9077,7872f9c3-f4d4-468a-aca6-56cd77b108cf,1015,C0884,20240629,1199.8,48.0
9078,87c6ffc9-2dad-43c5-becb-e59dc15635c5,1047,C0793,20240827,72481.55,6.0
9079,3c36d305-f51d-46f7-95b1-1e2c3b76cb59,1035,C0650,20240808,1255.87,22.0
9080,86df430b-5beb-4279-bc7d-1bdffefac4c1,1023,C0862,20240902,1687.24,25.0
9081,1d8f3681-7023-40bb-873a-88efe5d61123,1031,C0935,20240602,800.93,45.0
9082,7b3347b7-75d2-48eb-a7d0-e17c71417be9,1039,C0870,20240823,777.26,9.0
9083,cd790a8d-8b97-4538-a22b-473d1ba46650,1028,C0162,20240709,1838.28,49.0
9084,731cace3-2656-42d4-8e07-eb3277d4d061,1021,C0854,20241114,263.03,10.0
9085,85c42a76-52d9-4ac2-848b-02fd05075f97,1011,C0911,20241115,964.29,7.0
9086,ae9b01e1-ceb1-4de8-b58f-6a5800a30a7d,1049,C0956,20240726,1499.74,44.0
9087,61f074c6-6bdb-4b76-81c3-261e03c3f9b3,1033,C0511,20241003,1318.39,37.0
9088,7b93582e-4a0e-4140-834c-9d9f7c4e9c62,1040,C0013,20240916,1102.6,36.0
9089,8dde048e-4c28-4938-bbc9-cd7ccc0e5df0,1006,C0371,20241102,1536.4,38.0
9090,be6d41c3-a8dc-425d-9cbd-56b5471904b6,1012,C0331,20240801,1295.01,1.0
9091,66d1dd3b-ce09-4abd-99b4-246a649f73cc,1019,C0639,20240612,387.96,4.0
9092,df0581bc-8900-42f7-9a80-b96c2d286c99,1049,C0808,20241018,1383.29,45.0
9093,14834a45-4b63-44b4-b4f4-1a49235ef691,1044,C0863,20240713,849.37,38.0
9094,254dcf6d-a6d8-46e5-afe0-48d7fc93934a,1036,C0181,20241122,76.27,27.0
9095,c8155ca3-74b5-4e99-8057-04e0e9fcdb07,1039,C0190,20240620,372.36,47.0
9096,b0346f58-45a3-43b8-a6a6-b168826d9373,1042,C0452,20240602,247.99,43.0
9097,b5173c79-a6ec-4847-b405-9649c3cef4fc,1008,C0041,20240711,874.66,13.0
9098,e49ae5f9-4da4-4c46-8413-725c99024357,1003,C0915,20240906,1032.62,41.0
9099,fc0d73ae-7008-4342-9f77-51dde42e7a33,1043,C0117,20240812,1462.77,30.0
9100,aaef8fbe-9cbd-4046-a73a-d8fdc51ed57e,1049,C0089,20241020,901.86,24.0
9101,bb9ffcb3-451a-411c-aeee-885c1765357f,1037,C0754,20240829,534.59,35.0
9102,fef2afe0-db7e-46ec-a3e8-21fcc1520019,1024,C0851,20241023,1015.07,47.0
9103,33dc222c-4517-4df6-ab06-a9dd7baecc82,1041,C0769,20240708,236.57,34.0
9104,93b1083e-81a0-4fb6-8424-07fc9781ddee,1016,C0438,20240903,901.36,47.0
9105,d8e8cbf5-fe23-4d42-ae53-ee82b1c6897d,1031,C0378,20240928,1251.31,10.0
9106,54caf05e-0ae0-4e82-9ba0-dcba48b2011b,1016,C0515,20241013,1413.62,21.0
9107,a582ab6c-b914-4b40-a92b-caab28099a8e,1010,C0002,20240707,1015.07,40.0
9108,229909b7-219f-4787-b853-ad85d3d6c264,1008,C0574,20240710,1413.51,5.0
9109,fe6aa628-ab64-4326-b417-22f22e1f804d,1011,C0484,20241117,1947.28,41.0
9110,25350202-3781-4ccd-a52a-83e0512b2a8f,1013,C0424,20240718,935.9,13.0
9111,5e33593d-52ec-424c-972b-8cfc911fc703,1028,C0971,20241003,1656.39,16.0
9112,12f62086-81de-4642-8992-12fa097165e2,1011,C0324,20240731,259.18,25.0
9113,812d09d3-e4fa-4dbd-aa25-58ec6d81daa2,1035,C0359,20240803,888.93,16.0
9114,d140ad53-0fae-4b87-89b4-1b4d24fd60a2,1035,C0590,20241024,384.91,25.0
9115,96a041c2-aed2-4e03-ae55-cf977d4184d1,1001,C0856,20240613,1004.4,46.0
9116,e092c06a-7c0f-4e76-80b6-e5b870a65aac,1026,C0006,20240615,1149.52,2.0
9117,fbdfe6e2-b43f-45a4-9c90-f5b799f89cdc,1046,C0077,20240609,244.57,29.0
9118,beb07717-db8f-473e-88c0-03662f55e897,1048,C0256,20240830,943.98,22.0
9119,3db77688-a075-4f77-a47c-be2f281507aa,1005,C0195,20240725,1976.87,22.0
9120,2e31709a-663a-49e0-bc7b-46823245cf9f,1044,C0576,20240930,1894.88,5.0
9121,8ce46580-ea97-4b6c-80be-7ba1bba28dc7,1045,C0106,20240702,1015.07,6.0
9122,bafba164-d27e-4dbf-9eed-66ff35c9833a,1006,C0329,20240808,241.87,36.0
9123,f8717344-3f1c-423a-97b8-64f1cdf9fcdd,1027,C0489,20241029,1177.73,6.0
9124,e40c22df-d7c4-49b4-bba6-9c88ddbd5935,1043,C0591,20240923,1367.43,30.0
9125,66028739-1da3-499b-81ab-1914152510ce,1043,C0270,20240609,1313.31,15.0
9126,2d6a409d-eeeb-467f-8e17-563e83c40b9b,1041,C0496,20240907,131.46,37.0
9127,ba9a9b60-303d-40cc-8e1a-d49119a2dfba,1033,C0240,20240611,1871.22,11.0
9128,ffa0936f-c71e-4f56-af76-0b875f91acf2,1049,C0435,20240702,374.29,45.0
9129,a22fb9a2-af65-4902-bf24-c4b49c06d453,1049,C0033,20240922,713.28,10.0
9130,3a498b4e-f0dd-4c49-9f24-38107a8ea62b,1020,C0423,20240824,232.84,27.0
9131,7886c785-62a8-4f49-abf6-17b02c98e660,1012,C0511,20240712,1320.66,11.0
9132,759e4a61-b838-46ad-9091-381094104afe,1011,C0377,20241011,1401.07,21.0
9133,0f7a0477-032d-4400-b96a-0135868dde77,1017,C0780,20240616,1855.48,17.0
9134,bf0d3035-9898-429c-ac0b-08cdfe87bc51,1035,C0386,20240818,1602.12,3.0
9135,6c080b9f-11a3-40f0-a823-1f77c2345a44,1011,C0237,20241011,203.37,18.0
9136,b054e781-8e80-4705-82de-493289accdaf,1017,C0847,20240707,1387.58,43.0
9137,2a6974ef-adc2-4fd6-9d41-050d9329786d,1032,C0426,20240702,1057.57,30.0
9138,3fed24a1-989e-4499-8df7-57b22df77590,1003,C0720,20240806,905.63,2.0
9139,811df45a-7c27-45b2-b664-76226495a5be,1012,C0749,20240730,340.12,4.0
9140,4ef46a13-7464-4095-9bd0-63beedaab1cf,1014,C0866,20241115,351.63,1.0
9141,3fde7f15-9b07-41fe-9263-5a5d4b9a9666,1047,C0325,20241014,842.86,41.0
9142,cd95d64b-78b5-4399-82c4-5ce78a848f65,1029,C0118,20241122,632.06,23.0
9143,c7c08142-1a34-4a73-8621-8c5b0ef72f37,1038,C0812,20240608,658.61,25.0
9144,94fd7dbc-4748-4436-8130-35ce3ce86a2d,1005,C0095,20240810,1015.07,6.0
9145,44a58b7b-7b3d-4517-bc56-80317ae0e580,1004,C0413,20240907,216.74,8.0
9146,3926ff20-d603-40cd-b5f9-db285939cc2e,1027,C0266,20241028,351.94,39.0
9147,42d0296a-c122-4079-8c2f-27520ae205d8,1039,C0386,20240806,1643.48,27.0
9148,70e9b3dc-f36f-41e4-9fda-b9adfd743f8c,1036,C0729,20240831,1715.82,44.0
9149,48308f2d-877d-4614-b713-5be8bf117be1,1032,C0702,20241016,649.52,18.0
9150,c5f1577a-3d5f-40a3-9d86-201910778d52,1032,C0641,20240704,1081.5,43.0
9151,859a3061-6f06-4f13-9df8-239d11d666d7,1035,C0707,20241123,817.44,34.0
9152,5975f7a0-c8d7-4903-9a8a-55325a046c70,1007,C0010,20240703,1181.29,22.0
9153,b1c44b8f-5e0e-4c7c-ba75-82acb0a32bd7,1049,C0673,20240608,180.88,38.0
9154,d6b5c582-95a3-4c20-beaa-5e878a061e64,1040,C0912,20240603,1161.15,25.0
9155,95e0e058-fef0-4712-a203-840bddba9c30,1041,C0855,20240802,1182.51,42.0
9156,8568ef59-de84-4e0d-b17b-e2bdc542499e,1012,C0854,20240821,225.8,41.0
9157,1f570ed6-b2aa-4364-96d4-883577b7019b,1006,C0494,20240704,186.65,27.0
9158,6224b899-d303-4322-9fc6-d20f7840c0fb,1019,C0064,20240706,1542.45,31.0
9159,586dd807-63bd-4276-a7b5-fac7a9b1a884,1029,C0477,20241008,1601.62,19.0
9160,1bd7fecf-8f8a-4234-b2c2-392fe2888349,1033,C0275,20240811,1851.71,12.0
9161,ccafdce5-e30e-4899-99db-97730f780a0f,1025,C0426,20240729,1202.52,23.0
9162,3ffd4419-854b-4231-88f4-0f0581d29a4e,1027,C0854,20240831,1280.3,13.0
9163,562de66a-69b3-4c1c-ad92-b193002549ad,1031,C0558,20240719,1942.67,50.0
9164,532e532d-ad23-4cf4-a831-0b340ffd8aad,1046,C0713,20241121,893.42,20.0
9165,6cb9c200-739d-4956-80b5-946445a8a6b4,1009,C0098,20240902,99.86,29.0
9166,97597122-024e-4abb-b15d-35649d115671,1011,C0945,20240831,1433.32,38.0
9167,80e66591-cedd-4583-9e18-7d5037416cbd,1048,C0799,20240906,1015.07,42.0
9168,63a6d731-f56c-438d-8fe8-8ba4e51330a6,1010,C0323,20241019,1535.42,26.0
9169,22852252-f08f-4ae7-8b36-8866ab416a70,1039,C0528,20240804,1680.97,25.0
9170,2b5dd6c8-edfe-47dc-a5a2-c97df1e8f286,1048,C0172,20241109,1533.15,11.0
9171,28f0b9db-2d6b-4ab0-aa9e-31240d52a008,1033,C0767,20240703,357.41,30.0
9172,3b54b0d8-72bd-4355-a490-9a5d8ed7c099,1017,C0665,20240921,417.5,5.0
9173,76da1a97-9354-4929-b8d4-7ef2b9ae9c18,1002,C0321,20241005,1015.07,30.0
9174,01de5b5a-cfd4-43b5-9935-2fb7e8037661,1045,C0594,20241118,1491.24,39.0
9175,816483c9-3146-43dd-90a4-6174449d1734,1043,C0353,20240610,1009.09,30.0
9176,b44d7247-4439-49a8-9de0-b0d7b786bbf7,1006,C0561,20240730,1676.53,34.0
9177,e0fbda52-9e4d-4f31-b593-5cd2099fec1c,1027,C0665,20240730,639.42,33.0
9178,a6798038-4d20-4e4e-b850-11c8f3bfc9b8,1009,C0943,20240823,1780.28,22.0
9179,0567215c-3a7c-44d3-afbf-dbd0c8939924,1029,C0685,20240826,69.86,6.0
9180,be1b52aa-1c59-4613-a46c-e32b30bc2d95,1036,C0344,20240608,511.93,6.0
9181,f245e93c-eadd-4588-8ae7-b997d6349b85,1001,C0062,20240911,243.79,25.0
9182,52cc0dc9-c348-4817-8caf-c4eb57a9d5ea,1030,C0265,20240929,256.04,44.0
9183,2dcaee27-1b87-45fa-8adb-64d9701b2ae6,1044,C0426,20240802,386.18,30.0
9184,caffec67-b134-44e5-ae9d-1e9c6f1d119c,1043,C0154,20241109,1820.5,17.0
9185,280e985b-132c-4a9d-9ad2-bc5df4af771a,1021,C0087,20240626,1055.41,1.0
9186,d31c947d-5ed5-4d41-9e62-afb7cbbc393f,1011,C0489,20240702,658.63,17.0
9187,c1c3e49f-bec1-4f54-b186-9bd3e8e6fd02,1019,C0403,20240706,1015.07,33.0
9188,59067f80-24b1-420c-8a7c-3ea04a5effe4,1049,C0279,20241021,1245.53,34.0
9189,3727ddc6-6f12-4fc4-afbf-9c07b4ab3e2b,1011,C0694,20241018,517.33,18.0
9190,f4d7152c-d389-4b0c-b4db-93a20a41492e,1042,C0683,20241111,1693.73,36.0
9191,7ba985a3-e9aa-402e-b641-04ef38450ba6,1010,C0996,20241102,294.65,9.0
9192,c09643a3-1eef-47bf-9578-3a212c212459,1040,C0089,20241103,646.59,32.0
9193,f528b695-31de-410d-92d1-c9ee6eec9ae6,1009,C0907,20240715,691.12,48.0
9194,33d1eb28-49c0-48f2-979b-95298e567e22,1032,C0483,20240815,1453.99,2.0
9195,f7fcce3b-c24f-470e-a8b4-922cff2a9ede,1002,C0985,20240703,101.1,8.0
9196,87aee6f2-dca2-486a-b958-0f7319a61609,1033,C0685,20240611,1538.68,12.0
9197,294763df-2a36-46d8-8e1a-73ac0a4a9a25,1013,C0028,20240721,1648.48,49.0
9198,fafe4ea6-4c76-48cb-acdf-4e8857ea7eed,1043,C0899,20241021,1015.07,17.0
9199,863fa37a-2f8b-465d-9a79-d92bf449de6c,1002,C0127,20240629,650.81,35.0
9200,a7f58ba8-3281-4877-ad55-10acc3c173f1,1003,C0297,20240913,847.33,6.0
9201,75806b1b-b908-4538-b759-f4d6683d1913,1027,C0468,20241109,122.29,14.0
9202,dfa04c1f-fb88-49f6-bb9d-48b510290999,1008,C0695,20240821,1047.7,17.0
9203,529b9289-614e-4c50-b1c4-e341d0443252,1007,C0376,20241017,1182.54,9.0
9204,244cc8b4-456a-4d1e-8cbc-6cd5adaf0708,1001,C0503,20240827,1015.07,35.0
9205,942bc9ff-7f0c-450c-8d98-0e010afa757b,1018,C0250,20240807,1822.33,11.0
9206,65cac46f-c45b-489f-a9af-57e4f6bb24e6,1004,C0747,20241020,697.7,5.0
9207,86436177-9c3a-4233-afe2-05e81bc7162f,1038,C0540,20241109,1158.42,28.0
9208,5bab47ec-f2b3-4ff6-814d-bf3954c8518f,1020,C0717,20241015,638.61,6.0
9209,5f2173fd-77ad-475f-ac37-2a712e4918a7,1001,C0855,20240627,552.19,12.0
9210,a1f3e867-1edc-4c88-9d46-f5a19ca24a11,1042,C0757,20241104,537.53,19.0
9211,7d41d706-ad42-4e87-bbc9-2a169772ce45,1018,C0438,20240825,94.36,40.0
9212,cae63d8d-2db2-412b-83b2-a7c6977e1d48,1022,C0400,20240826,1194.63,36.0
9213,8ff3c93f-f504-45ee-a21f-4ba8b6634b87,1026,C0897,20240619,1134.76,10.0
9214,be4fe87a-63bf-4a81-85f4-198ed4157abb,1049,C0978,20240905,195.62,36.0
9215,42ae3dc1-231e-42f8-9b56-9f7030ec10f3,1047,C0093,20240815,842.47,11.0
9216,eb9c864e-ae56-4678-a0e0-7113764e9167,1031,C0184,20240714,1193.98,8.0
9217,526bff5c-32b1-41ec-8d7e-2ea872950efe,1018,C0976,20241101,145.31,34.0
9218,b551ed5e-358f-438f-aa6d-b9d66aeb6a03,1026,C0785,20240929,874.8,14.0
9219,41ce9d3e-b6ac-4537-b9ee-d21e6bdc5923,1015,C0953,20241103,984.56,46.0
9220,400f5b06-5dd9-4a1a-ad9e-1adda6077059,1007,C0486,20240826,912.24,19.0
9221,ab74cf87-ddd5-46f7-a060-01e9550e9fd5,1010,C0538,20241123,1015.07,25.0
9222,2160766d-b8cd-4873-acc0-4a3f627ade14,1042,C0321,20240606,1528.7,14.0
9223,abff6534-3522-49ba-bf6b-c37022054804,1025,C0423,20240924,971.08,6.0
9224,9ef33251-c2f7-42d5-9d65-d04bfeb0487f,1029,C0047,20240610,468.58,27.0
9225,c4780217-b4b6-416b-9285-e5bfee09892f,1003,C0520,20240620,358.64,31.0
9226,b3309f7a-aa21-487c-b9ab-f7fff5659a37,1047,C0796,20241021,1646.25,43.0
9227,9765b7a6-64a2-4f17-98d3-bde3014e8b98,1005,C0144,20240805,494.53,16.0
9228,55540bb8-f8b9-4e82-8ccf-bae6d2787106,1030,C0437,20241009,397.2,46.0
9229,97c5685d-6dff-4f1a-a0fe-f478ec4e29eb,1027,C0234,20240812,442.25,3.0
9230,bd779dcf-f321-4006-8999-d0e9081a1152,1017,C0738,20240729,1299.09,16.0
9231,3b19b033-6610-436d-9485-a99a19f3796d,1048,C0345,20240817,524.93,36.0
9232,5291b5aa-4826-49e0-a592-fa1c675068c0,1032,C0110,20241005,1654.34,18.0
9233,4a809a13-853e-4d7d-9b14-367cc910da19,1015,C0810,20241004,562.24,41.0
9234,db8dc076-20a6-4959-9be0-1b8d9c824f08,1040,C0554,20241114,1991.5,14.0
9235,e99e4451-514f-46b8-9580-e1bea71d2ef2,1005,C0207,20240909,1564.05,3.0
9236,54903535-98a5-4a72-a9fe-6ffb9eb955f1,1003,C0635,20240711,1957.6,25.0
9237,ad3faf92-bdbb-477a-9f09-29178243c670,1000,C0450,20240622,1572.71,32.0
9238,9647d98d-f11a-4996-8346-95a811922647,1042,C0733,20241004,128.12,31.0
9239,4369f0b9-1316-4596-b226-0ae28cd2dba6,1011,C0945,20240907,216.99,17.0
9240,a171b8ec-1b6d-429c-8a81-4112519177db,1022,C0020,20241110,1309.97,4.0
9241,bf69d581-c2d1-4f66-855f-7bc57f35d6d9,1019,C0602,20241026,1735.92,25.0
9242,17205730-f890-489f-9df0-52418c4e83ee,1040,C0966,20240626,887.24,6.0
9243,2d7df19c-c11d-4f69-81a0-4a5cb7ddea26,1005,C0962,20240903,1654.97,12.0
9244,9038378d-cb7d-409c-b63e-244a4503b954,1011,C0654,20241105,1871.49,18.0
9245,fb23fb71-c3da-43c2-b35c-1b270ed1a7cc,1011,C0947,20240724,895.5,26.0
9246,4363239a-290f-4960-b80e-5eb6b51ab3aa,1021,C0640,20240825,811.89,38.0
9247,8ead4135-ac71-45cb-8eea-050bc3cf6bed,1008,C0062,20241006,1870.5,27.0
9248,797d5fad-2c81-435e-ab7f-2500e71a165f,1047,C0733,20240601,865.85,2.0
9249,68d98195-715c-4123-9260-fbe320909ca8,1049,C0387,20240630,1015.07,47.0
9250,6203bcc2-5f6c-47d2-bd4b-440808689f17,1025,C0453,20240918,1015.07,19.0
9251,1c0c07e3-1db8-4e61-b838-4d1f208ad29e,1000,C0238,20241113,397.1,8.0
9252,7ea84c0d-ae7c-49f8-84bd-3693b9fa3716,1026,C0780,20240722,401.77,15.0
9253,06991b13-ffa8-4d6d-a5e9-8bc67aef7773,1048,C0516,20240630,892.03,38.0
9254,93692251-2f4a-4cba-ab97-b8e77987a3e7,1042,C0192,20240918,705.2,38.0
9255,76fd75d4-3f5c-4591-a7cf-a8ccda6b2d6c,1046,C0219,20241007,580.25,1.0
9256,8102d292-acf9-4a09-a342-1bd2299f3cc2,1005,C0127,20241101,1313.2,25.0
9257,5b0d3cb9-618f-461c-95c8-8508e974dcde,1007,C0516,20240912,1599.76,8.0
9258,8dc9aadc-6dcb-456e-9d53-d8f71de6ab7a,1044,C0181,20240707,1739.9,9.0
9259,7f683157-8328-4890-bb5a-a6120cbb71f2,1003,C0555,20241022,73591.77,33.0
9260,b77ac772-0c35-47cb-9be9-70962ef3fab6,1015,C0420,20240709,914.03,1.0
9261,f2e9fa6d-3863-4098-8704-712907f73c45,1020,C0943,20241021,1015.07,24.0
9262,cd391609-e560-4b52-b602-7dd241a1a9ef,1031,C0780,20240620,1497.03,50.0
9263,112fbed4-36aa-40b1-9d4f-505175a298d7,1023,C0397,20240626,1003.42,2.0
9264,7815efdd-8d84-4207-a85f-40da2fd85527,1037,C0494,20241127,1945.51,26.0
9265,2de84324-fbd7-4ae3-9656-eff0f736b5d5,1010,C0775,20240919,1506.6,12.0
9266,e794f47e-e0e0-486a-b3c3-12dbe6706535,1017,C0849,20240923,481.26,32.0
9267,aaaf1f6d-b1c3-423a-8a58-d25bc3a3be4a,1018,C0681,20240810,759.84,30.0
9268,73616167-a8e6-4cb2-be30-f401fa6afaf8,1016,C0404,20240731,1464.65,7.0
9269,192a91db-b746-4229-bd88-4aedb13ece5e,1048,C0089,20241001,1649.91,34.0
9270,8dbfe151-2ebe-4864-89cf-62a31a58ec60,1046,C0731,20240830,268.58,50.0
9271,c90e0c89-e247-45cd-aca4-0b154f3914f5,1036,C0892,20241121,1168.18,25.0
9272,cb7f1eb3-de8b-4226-920b-6e0e34989309,1003,C0958,20240714,1681.08,34.0
9273,3ad06887-aa43-4a3a-9f1c-13f604f41d9f,1019,C0354,20241015,1085.25,26.0
9274,b31d4620-75d2-4366-a9d3-5a9a41ccbde6,1048,C0820,20240810,998.82,15.0
9275,e8100c9e-75ae-4d9a-af4a-33429de06ee4,1009,C0929,20240913,1570.76,40.0
9276,aab89e68-d516-454a-8850-b33f47e3e11a,1010,C0115,20241117,1015.07,13.0
9277,91c079c2-68d6-4b65-941a-18ceaa2a4f77,1006,C0985,20240617,1557.11,28.0
9278,b1d445ee-a048-4b6c-8c48-5e005890133e,1046,C0847,20240830,767.57,50.0
9279,23123ea5-f74e-414a-b6e3-e50f42c6f9b8,1038,C0834,20241104,1711.87,3.0
9280,c7438d00-62ce-4f96-be6c-a1423b974e76,1009,C0583,20240825,617.21,48.0
9281,5ca9e8b2-c5e3-42c0-b76f-9143e9e8e11e,1032,C0068,20240618,905.33,49.0
9282,5072ab1b-e93e-4d65-be58-ac721972395f,1019,C0660,20240707,962.64,34.0
9283,fd76f9d4-2033-4590-94ca-ac2e76dc1f20,1038,C0342,20240914,1784.67,36.0
9284,2d8763d0-cb61-426d-a134-6833493b407d,1017,C0908,20240728,1898.02,14.0
9285,88934c98-d86c-4d6b-97d8-85becc7aba35,1018,C0236,20240715,1708.72,48.0
9286,d7b2d4d2-27fc-43bd-bb43-ea43e4dd4b95,1042,C0303,20240703,1598.9,39.0
9287,b7951989-e1bf-4f2f-a60d-8e7cfb665ef9,1047,C0058,20241101,472.94,45.0
9288,8619da78-f40f-49f5-87c1-0ac12d55c1bd,1014,C0372,20240610,260.93,23.0
9289,31588cba-0a13-4d57-93d0-edb89963461e,1014,C0382,20240730,246.88,40.0
9290,863db9ca-e971-4094-b489-4a84f6f0fd22,1016,C0910,20240824,1147.61,37.0
9291,c5c830a5-3eac-4430-817c-922a56bb2aed,1040,C0237,20241108,439.33,38.0
9292,eac13a35-b92c-45fe-9a36-1774c45ca84b,1023,C0047,20240704,1409.93,13.0
9293,01034096-7e34-48af-928d-eb2bbc4beef8,1017,C0559,20240802,819.62,23.0
9294,44013ce7-478f-4413-838e-9961db9c5edc,1009,C0428,20241120,1362.44,4.0
9295,551b748f-7e73-4987-b868-571e490ace26,1005,C0400,20241003,330.49,39.0
9296,5c53c3a2-e7ef-4986-a8b0-21f04e018a87,1027,C0022,20241108,1367.09,25.0
9297,ca6cdc6d-a976-4a1c-9894-d974d403f890,1002,C0044,20240801,1877.3,27.0
9298,bc58ec67-e7da-48ba-8abc-a6a784627021,1009,C0250,20240614,686.23,6.0
9299,85ecb1e1-fe94-4984-b0c5-7175fd393513,1033,C0191,20240830,1015.07,43.0
9300,d245ad19-7771-4b9e-9eb8-637249d7f749,1042,C0596,20240819,194.51,44.0
9301,87e0a5f9-4093-4f47-93c5-575e30b6037a,1035,C0556,20240904,1821.88,32.0
9302,f07c2c0a-ad8f-4b67-a7e5-bc627b4a0ac0,1007,C0042,20241123,1527.97,24.0
9303,4cce894c-fce3-405c-a985-b853cc121094,1008,C0269,20241115,1212.14,30.0
9304,960c5c01-6d15-42e1-869e-0966e966a24c,1025,C0695,20240703,788.84,46.0
9305,abc7de53-f857-4937-add0-bd66616f9592,1034,C0877,20240726,856.42,13.0
9306,df6bb306-bcef-4352-b5fb-d7b9b82faecc,1006,C0890,20240822,1218.69,26.0
9307,71293287-be88-47ea-9994-65cceb489670,1032,C0965,20241125,1073.65,19.0
9308,1c4ec044-7a3c-4698-9304-9dd58f46f041,1020,C0878,20240930,886.39,8.0
9309,91d89fc5-162f-4853-9613-e2953f262764,1010,C0284,20240722,388.05,7.0
9310,c9225aa8-8b35-4ce6-af4c-78b9bba208cb,1029,C0384,20240916,184.44,39.0
9311,14b6c675-c13e-491d-acfe-54c91ccba6fc,1023,C0673,20240818,480.18,13.0
9312,e61c49d0-0db4-498e-a305-3f5144a847a4,1049,C0707,20240604,1653.3,39.0
9313,09069377-04e4-42e3-9d4f-480394addda0,1012,C0394,20240928,601.82,41.0
9314,a8b9aa10-a53b-473c-8e61-6bdfa8ee9d3e,1008,C0686,20240711,1222.43,39.0
9315,312aaeea-a0c8-4392-b3a4-a6b076f95308,1015,C0803,20240603,304.19,48.0
9316,c06991b8-3975-404d-9697-ddddf9410cd2,1007,C0950,20241112,1671.36,21.0
9317,ddf85b5b-32e6-4072-b15e-7c3c63bdd741,1049,C0945,20241016,474.7,30.0
9318,a7905db1-2beb-4517-8416-3ef47a7804ea,1040,C0441,20241114,875.19,26.0
9319,8a3a3718-0137-44ba-830d-c5f1a793c444,1033,C0183,20240924,1230.62,15.0
9320,c4ce94c4-ebce-4f56-b509-83ce0a5b8108,1031,C0084,20240919,834.67,24.0
9321,f924b6c2-46ad-402d-9d5e-e0a99ca272c8,1046,C0219,20240717,1125.64,41.0
9322,9ed1b2eb-fa61-41bc-bf62-b6da6e31ecf9,1031,C0133,20240624,506.25,48.0
9323,0ed87165-d147-431e-b00c-df0295a81baa,1017,C0987,20240817,454.71,45.0
9324,79ea5248-34f2-4b16-bdb5-068537cb8490,1016,C0227,20240831,385.85,3.0
9325,695a7770-0cd2-427b-b5a7-ecc992fe47ee,1022,C0783,20241103,1801.88,17.0
9326,95c31e61-7174-454a-994b-e73b6963f7d4,1017,C0815,20240830,901.9,22.0
9327,5c747df9-8711-4680-8fe3-f04616fdcd27,1013,C0173,20240916,1271.18,24.0
9328,172c2b54-b500-4885-b45f-5b36634fd85a,1031,C0891,20240629,1251.01,42.0
9329,6b7f980d-008a-479e-86a1-429be7878f87,1020,C0769,20240602,1086.95,22.0
9330,5c41c805-e32b-4f66-a236-4d4ec0f0f470,1035,C0427,20241008,745.16,43.0
9331,c7c636e6-9cbb-4801-ae65-c6042913f80d,1022,C0376,20240628,1015.07,43.0
9332,14c23e2f-9821-4a38-84c9-6410d064d3d7,1023,C0805,20240728,1774.6,15.0
9333,5e8f287c-25e3-40c1-acf5-a2aaa4eb9003,1002,C0748,20240925,1099.76,16.0
9334,2fec4e28-1538-40e6-9b9a-1dfcb89a9449,1037,C0609,20241019,831.36,3.0
9335,9a736681-eafe-4266-ae7d-acc793e5417d,1041,C0203,20240716,1638.43,33.0
9336,e730fb12-bc13-4bba-817b-7505e2e38917,1005,C0780,20240804,1496.59,17.0
9337,54042e65-f0ef-4634-9468-052986f40b73,1025,C0504,20241101,992.28,14.0
9338,8d586a6c-8c81-4c85-b55c-c3cdc227f2b8,1030,C0354,20240928,401.62,38.0
9339,c804817b-e232-4061-bc96-380b94f4342e,1036,C0407,20241114,1015.07,40.0
9340,a5eaf211-fd18-47ea-b3ab-0d223b47acd9,1045,C0043,20241029,725.8,3.0
9341,559aeda5-f72c-4856-ba27-e1de28d72f7f,1039,C0918,20240708,486.42,9.0
9342,f04241ef-85de-465f-9d9e-7124928d3475,1049,C0827,20241018,653.68,40.0
9343,c6308e9c-9415-42c5-aabd-699fc4c32fb3,1001,C0286,20240927,247.16,20.0
9344,2907fc20-c53b-44cb-a452-fe8d80fb6157,1006,C0019,20240730,1015.07,19.0
9345,12bb79fe-b1fc-4b0f-8b0e-d4359019698a,1044,C0808,20240827,1812.0,1.0
9346,3528d786-6e3a-4e67-958c-bcc75eb5d9e2,1011,C0127,20240817,1204.26,43.0
9347,e7bde544-13db-4157-bca8-94894f69404a,1020,C0405,20241015,1612.85,26.0
9348,cf179f77-74f5-41e0-8af5-c56d6b000783,1025,C0234,20240906,63.85,20.0
9349,899f8096-9685-4042-9225-9501f928ad9e,1035,C0498,20240730,534.6,32.0
9350,4ca46e98-ebe6-4cc1-bf29-90608489170d,1016,C0802,20240721,475.38,25.0
9351,c859fe42-0afe-47ba-a48a-5f1555e6f0bb,1023,C0801,20241115,1203.45,3.0
9352,cee3eb24-5cf7-4471-9547-39227ed50763,1011,C0187,20240826,1003.43,25.0
9353,a8ae62b9-cf8c-475b-b843-2d07f86d0552,1048,C0787,20240908,612.43,37.0
9354,a7ac01a4-b997-4cdf-873d-14acce91f6a3,1039,C0517,20241114,1635.29,14.0
9355,78d1d5a9-64ca-4679-b86f-41017a9f2835,1034,C0581,20240613,548.04,10.0
9356,ddcc16c1-c123-44b8-b799-e46c6341ac28,1049,C0297,20240719,538.66,36.0
9357,335b14c1-c556-4a69-b704-a7f7e826f255,1046,C0342,20240724,1904.4,30.0
9358,ca38157d-71d8-4d05-957a-3cb7395ff251,1001,C0257,20240826,1015.07,15.0
9359,9e1faae6-6257-471e-8cf8-19fbd339aacd,1048,C0760,20241014,772.82,11.0
9360,62353f73-552e-436e-83dd-80b180bdc960,1007,C0638,20241022,822.1,13.0
9361,c82fb62f-e119-4fb7-b16f-fc110b096d70,1044,C0802,20240724,827.0,37.0
9362,39313364-8512-4b61-a8e8-d99cae6b87c6,1004,C0813,20240711,1855.71,42.0
9363,2c865dd4-b824-462f-a1d8-3688b584f4ae,1012,C0455,20241126,1151.39,48.0
9364,e87f0d55-ac2d-4cc5-b62d-88eee258dc0a,1033,C0858,20241031,457.66,46.0
9365,49f1600d-154c-4817-81c5-e83c61925cce,1021,C0229,20240802,1514.7,33.0
9366,8a85350e-42c5-4fcf-9081-94ee65349324,1019,C0779,20240622,1015.07,44.0
9367,d9938e21-38fd-4774-9fde-d3be7299e4be,1030,C1000,20241108,269.3,28.0
9368,105cc456-0542-4892-8a0c-8f3206c76552,1010,C0924,20241001,1015.07,45.0
9369,9fc81526-f03f-49f9-9ee2-65851254261b,1029,C0144,20240602,1222.53,20.0
9370,c73d6de7-502e-4bc0-b5da-361b99db499f,1011,C0077,20241027,414.16,19.0
9371,f9d6def0-d6bb-4eec-a173-76f1cd415685,1020,C0314,20240822,502.39,2.0
9372,f6c86794-a171-49a1-9640-0986d3091787,1049,C0352,20240708,1862.89,50.0
9373,f5e39383-a008-488a-bf90-b21d10cfbf70,1041,C0642,20241101,947.03,48.0
9374,36b34332-38b7-47c4-ab82-d05d7e59df1b,1038,C0265,20241015,714.27,14.0
9375,9d361201-c65b-476c-b9b2-90cfa4d5a4ff,1049,C0705,20241113,482.56,16.0
9376,300bef57-9cb6-4679-93f8-1fbff5a9614c,1041,C0259,20240822,298.15,10.0
9377,3e5f19b2-4997-44f6-bc4c-daf7441fc733,1038,C0158,20240615,1015.07,28.0
9378,7a0a48f5-580c-499b-a14c-e7bc22779e24,1011,C0541,20241120,1939.42,25.0
9379,ce846248-74d4-4f4f-8093-3cb0e08ab2bc,1011,C0871,20240615,1276.3,34.0
9380,5fc64e85-9297-4089-9e0b-94b0a555a014,1025,C0454,20240619,1701.32,3.0
9381,24ba3501-26c6-4c47-92f5-f87d028abc45,1008,C0368,20241115,507.93,18.0
9382,c60ec92a-b008-4036-ad58-1b2a3472a07f,1010,C0661,20240806,1315.31,29.0
9383,4ee59ded-8004-4fef-a05f-1a96bce5767b,1047,C0019,20241109,1941.66,26.0
9384,99dcd382-3bfd-422d-9ecb-14e9a70b63d6,1027,C0276,20241104,522.58,7.0
9385,cd07d98d-157a-415e-9646-6b26bc54cb9e,1028,C0769,20241025,1015.07,37.0
9386,1f18cd0b-b810-411f-b159-ac0d65348af9,1003,C0889,20240625,156.83,47.0
9387,cc316986-2e5d-43f1-b6be-5a7ec3a55afe,1040,C0225,20240611,347.27,43.0
9388,62cbbe12-87e7-47e9-a385-d733e118d867,1019,C0555,20241017,740.17,20.0
9389,caa762cd-1e5b-4159-aecf-58531b6f57e5,1002,C0657,20240723,1785.6,21.0
9390,f296bd59-f854-4fc0-9c1c-b206c2851785,1018,C0216,20240703,490.13,23.0
9391,756b2178-7d63-4d59-8de8-722e0a88a31e,1028,C0696,20240831,1347.44,32.0
9392,354a778d-44b0-4030-a3da-2ac22723d552,1042,C0503,20240812,1321.8,35.0
9393,be72e9ca-692a-4fba-8dce-738e2d473969,1010,C0174,20240826,211.15,28.0
9394,a3176774-5290-44ce-8e41-7a3ea3771e12,1003,C0809,20240716,1819.19,21.0
9395,5141f95c-6884-4bea-8671-6719f20824a4,1039,C0826,20241105,1339.88,1.0
9396,c87de4d4-dea8-4088-befd-4cb12f2534f7,1025,C0318,20240810,1228.95,36.0
9397,d2e28985-c2af-4764-9581-cbec11755915,1001,C0153,20241024,292.13,33.0
9398,0ee0718f-2fb9-4318-9408-3702f5d2bdfd,1031,C0524,20240927,1410.21,50.0
9399,17721f1c-f6a6-4df7-a69c-f5d150c69721,1012,C0524,20240824,497.38,48.0
9400,28205014-fe4c-4982-acd3-3515139eff3c,1034,C0261,20241002,866.99,23.0
9401,100f3ff9-b50a-45bf-b6fc-59e958c08651,1013,C0400,20241029,1266.62,20.0
9402,9c850161-bf55-4eed-a424-ca6134b4e6c1,1030,C0940,20241102,726.07,7.0
9403,3adddbe2-8484-4a6b-b56d-6219e6ca6a47,1028,C0066,20241123,1248.85,31.0
9404,92c687fd-a467-49cb-bb6b-278d4cf04ab0,1006,C0262,20241110,1015.07,37.0
9405,37b064b7-9c39-4ead-ba74-99fab53c24ab,1003,C0439,20240807,1015.07,36.0
9406,94435361-3c7e-4f4f-a10b-a5e54e5e5b32,1026,C0502,20240612,837.73,41.0
9407,f3918d92-a105-48c9-9979-9d212da62442,1049,C0204,20240726,1015.07,25.0
9408,ce9f3adc-9574-491a-9e81-22560a7e5f3f,1018,C0677,20240727,1096.45,22.0
9409,7a7d9a95-6217-454a-b54a-be9d0ca6f304,1033,C0885,20241001,1024.07,8.0
9410,f4ccdd06-58e5-4867-8f06-19848460e38e,1031,C0952,20241109,1206.94,27.0
9411,f1f998fe-e70f-4830-b872-c805ee2f83b7,1004,C0701,20240619,771.21,21.0
9412,343c1f3f-4203-43bd-8eeb-d9aac799fab4,1034,C0730,20240914,1313.04,17.0
9413,44b07af8-8993-4f22-a82b-ec05b28e54dd,1035,C0606,20241020,1743.13,23.0
9414,823885af-6b73-4ad5-b90c-af71c07f0d38,1012,C0621,20240617,1696.49,21.0
9415,1527f606-7baf-4f1e-988d-dab4b1d395b6,1039,C0560,20240915,1624.44,22.0
9416,d26ffa41-e3b6-4c93-8ba3-6bc99a82631a,1029,C0194,20240910,125.51,48.0
9417,2a0d2d7b-398b-4a7e-aa0a-5eae54e04843,1014,C0965,20240607,840.24,23.0
9418,2577aa1e-3675-4f93-be7e-84a2d8b2c2cf,1015,C0552,20241126,1739.85,22.0
9419,fd56ddb2-d4fe-45d1-b8b9-0e469f00d22e,1034,C0392,20240905,1015.07,39.0
9420,64f268e5-ce17-4cd5-8bbf-9bfac04482c9,1042,C0170,20240825,1078.66,29.0
9421,4290721a-32d4-4a50-b0b4-c921eb3a0e90,1016,C0493,20241018,537.13,37.0
9422,973f4077-e3f2-4dc9-83cf-2457186994cb,1048,C0918,20240703,1061.14,37.0
9423,3dcb5892-54b4-4ca8-88ce-a2e8722b102b,1046,C0280,20240724,386.52,17.0
9424,3d6bebb8-5e5c-4ccd-8cc9-04b5544a0894,1047,C0832,20240711,1959.4,25.0
9425,b2a89396-2a45-4558-93f0-5b8bbbb9f058,1047,C0015,20241123,182.12,34.0
9426,238c5d1e-cfe2-4db3-9f80-fb33e1a1c63d,1015,C0198,20240817,1052.9,25.0
9427,d17e375d-f240-4f5d-82b2-5cc9098d1c10,1044,C0939,20240930,596.36,14.0
9428,ef9eeb3a-8dea-4cc9-b3f0-6935eeddc15c,1017,C0101,20240624,895.02,15.0
9429,5c2ebfc2-a7ec-4c04-bf80-e6c84845d516,1022,C0326,20240710,1223.1,34.0
9430,7c194b0c-1681-42a1-8b27-c9c898982228,1026,C0803,20240911,440.94,33.0
9431,d7e478c2-6550-4d4e-87fc-1c2e6f06147d,1024,C0108,20241126,1876.06,49.0
9432,c309035a-e6a4-424f-9abe-34db44eabfcc,1041,C0385,20240927,959.8,1.0
9433,cb13a2fd-3512-4901-a7e6-214c61477df4,1011,C0824,20240920,733.31,36.0
9434,d021633c-59c3-4058-9841-89f5553e8aa2,1038,C0439,20240905,1336.13,1.0
9435,feb511ba-518c-442d-a625-341dc9e22c0c,1023,C0206,20240927,1052.73,37.0
9436,3e92b257-9624-4b41-ba2a-1e227cab6892,1030,C0760,20240625,951.15,13.0
9437,cf762532-df94-455d-95f2-dc8c1eb5a39a,1031,C0229,20240802,1958.29,14.0
9438,b4e65198-4de7-445c-a281-464361c8dc40,1000,C0004,20240818,1956.31,36.0
9439,b22b2558-52ba-4a4a-82b6-4f57f1921596,1015,C0812,20240721,1262.49,41.0
9440,8f5b90de-6e07-4884-9d06-98fce4981618,1044,C0301,20241010,74.24,30.0
9441,9152510e-5532-4ae7-b1d5-191ff8989810,1045,C0853,20240623,1987.79,9.0
9442,ad80558d-5b23-411b-82f6-691c0dac561c,1033,C0349,20241107,1349.54,33.0
9443,70927e0e-84d3-48cf-ad6f-cfe0501a0a62,1044,C0922,20240621,1850.97,45.0
9444,57ef8130-ab72-4029-a708-c316f2df67f7,1033,C0338,20240629,1951.24,19.0
9445,33521825-b37e-4309-899f-aa178e5ee9e3,1016,C0892,20241112,1100.11,7.0
9446,4802da45-8582-4c66-865e-df75c47575e7,1045,C0935,20241014,51.96,8.0
9447,d7898df0-c680-403e-b6c3-00214d97e21e,1037,C0423,20240810,800.26,8.0
9448,84c665de-fab5-46c4-a16d-6789145f38ff,1040,C0987,20241110,1275.01,37.0
9449,9fc70d14-c5b1-4b11-82fa-c2b3459eb497,1014,C0701,20240827,1072.44,43.0
9450,e2deac03-5186-484d-9fd6-09b45edb530a,1011,C0208,20240927,1077.46,25.0
9451,f27389f9-2a22-459d-a24d-3f349d663b75,1034,C0942,20241103,814.56,19.0
9452,26a2b45e-e9ad-40bc-9dfe-3bca8e163dee,1048,C0255,20240706,998.24,8.0
9453,f0c825a6-c593-481d-95ab-3a28a49179c2,1040,C0443,20241028,1015.07,33.0
9454,07513133-e2ea-487f-a04c-5b3356f78935,1000,C0534,20240827,1610.11,33.0
9455,6607f046-0e42-4d6a-a17c-eeb06a79d73c,1047,C0549,20240709,1545.8,49.0
9456,a51aa0f6-67dd-4aba-b9d9-f0c030723a4d,1002,C0766,20241015,743.65,41.0
9457,093649ec-7fe8-47a6-b7df-2c97ebdf3188,1044,C0255,20240609,1903.59,36.0
9458,529e5fca-ff2c-497b-a644-e86e51d53367,1042,C0714,20240921,1710.86,33.0
9459,7851f1e2-1982-4596-be87-f02bbf8a1913,1035,C0627,20240915,1327.95,37.0
9460,57c5dad9-d9b1-4f78-863d-7f17b41f9b2c,1004,C0349,20240828,1793.46,23.0
9461,f2eae4fd-5aed-4726-8d0b-3dc86170b3cb,1042,C0265,20240702,835.43,25.0
9462,cc3fd032-1190-4a51-bb73-24423d527490,1018,C0113,20240813,1835.65,36.0
9463,1b812403-4463-4406-91a7-bd5461f9d44d,1019,C0671,20241118,118.7,49.0
9464,34d198cb-1453-4209-825c-a9d4ec4b74ae,1049,C0331,20241127,487.92,24.0
9465,253017f9-ef35-43af-a5d5-4fde7fb3609b,1011,C0557,20241116,1759.95,39.0
9466,a9dc4986-dd4e-4f29-a6d7-33af76230a3b,1011,C0591,20240916,155.48,47.0
9467,338d6b51-002b-4593-b01b-ef38970988b5,1026,C0012,20240630,179.79,9.0
9468,7a02fc1e-2f2d-47e9-9f10-d6cf0853c68c,1001,C0401,20240818,482.98,12.0
9469,5b48546e-575a-42fd-ba35-48dda4da208e,1002,C0351,20240731,1767.99,41.0
9470,92f34609-d789-43a9-b44f-06a5b2c79214,1012,C0700,20240728,1011.26,33.0
9471,830320c3-fcaa-4612-b8aa-c6baa7e8f9a4,1001,C0748,20241116,1651.44,27.0
9472,4e1fd86a-1d43-4c4e-a723-e335fee7c65b,1014,C0251,20240608,890.62,5.0
9473,30d34175-4f0f-4702-af37-391655c44ca5,1033,C0492,20241113,668.76,29.0
9474,60f9720d-175f-480c-90ed-be912c38e9d3,1011,C0009,20240705,692.56,12.0
9475,3ff05e5d-e800-4341-af23-467d268c2487,1009,C0163,20240805,227.76,36.0
9476,582a236b-8263-480d-b027-ba3c522efaa5,1019,C0470,20240929,1906.03,7.0
9477,d09053c9-b7b5-4df8-a48f-7279ffdda89d,1003,C0111,20240829,704.17,15.0
9478,c3878d50-b085-41f0-aedf-8bc07ee7deb4,1005,C0852,20240825,676.75,19.0
9479,542c859b-f8b0-4374-b3a0-3bba187ece32,1024,C0395,20241111,238.73,47.0
9480,78b14642-06e8-4cc3-af92-ccbd4f2e57e4,1024,C0144,20240607,69.89,1.0
9481,cd1caf7e-a015-43f4-a9ec-3046a905485f,1042,C0086,20240609,1507.41,11.0
9482,854eca03-bb48-4d6f-9e1f-2c4cf2f5fb3e,1021,C0271,20240909,1580.14,19.0
9483,90250f37-2102-4486-a263-0c716bbc5263,1015,C0617,20240707,502.47,21.0
9484,dcff0f67-fd10-4b80-96c9-5ddd131dcbf2,1047,C0518,20241120,1331.94,25.0
9485,9f9b468e-d7fd-40cb-949d-d103147360c5,1048,C0668,20240610,1031.1,17.0
9486,e526216a-e9b6-4d27-8767-03b96d63a851,1007,C0965,20240830,603.29,49.0
9487,377d0004-2c2f-494a-aa17-2bd30d0253cf,1049,C0225,20240612,1516.66,16.0
9488,14b6ce4e-1fc5-47cc-82e1-8bf3f95734dc,1002,C0476,20241122,1093.26,8.0
9489,7bf11fae-253e-45b1-90d3-174eae8398df,1007,C0406,20240731,1735.53,38.0
9490,e1ed7454-5b06-4598-ba29-cd527e729b6d,1022,C0246,20241127,738.85,38.0
9491,ebcd60d9-1e9d-45dd-b322-12cccdc4ee71,1004,C0694,20240612,1989.26,37.0
9492,8435a71b-38ff-418e-a2ef-da63815ce3ae,1021,C0349,20241104,1374.58,4.0
9493,94959903-0a04-4e89-972f-7a8d40422461,1021,C0757,20241109,895.13,17.0
9494,5eeebfc0-ef8c-4511-9c40-8e736c8d4457,1013,C0822,20241011,622.73,25.0
9495,4a0e3f3c-f280-453c-96e2-52e2900328f4,1011,C0852,20240615,912.14,13.0
9496,7eac27f9-b4a3-44c6-a835-29bfb84c4c44,1018,C0409,20240727,1075.46,2.0
9497,5034da99-9ed3-4d54-afbc-97647efa1268,1005,C0786,20240811,758.97,5.0
9498,2827d0ff-1b84-4084-89f2-a30a9045efd3,1009,C0757,20240818,1359.99,35.0
9499,b9efe8eb-1d29-4766-82b6-81d70ab4ae94,1013,C0184,20240630,669.42,2.0
9500,9cf8bbb8-8b26-46da-90c7-de487c45016f,1000,C0791,20241013,404.78,20.0
9501,7c6f0388-17b3-4ec6-ae2f-1b8fb7d56c93,1020,C0827,20240902,1015.07,44.0
9502,51e59d4b-e1c5-40e6-a1fb-ed1c754ab0f0,1031,C0344,20240813,1519.04,48.0
9503,13458bcb-8219-4b1f-9e50-954b11df2acd,1014,C0734,20241026,373.51,27.0
9504,6c49cf59-2cdc-49fc-b7fd-ff4f8cb59954,1010,C0024,20240920,1380.16,19.0
9505,b21ceee9-538d-4d34-9ea7-f5f10ef009e3,1039,C0910,20240718,1481.22,48.0
9506,45e057a5-e93c-477b-8a61-a2b023346d95,1043,C0641,20241102,375.01,22.0
9507,50e464b7-8bcd-456d-af60-b4360dc9d6a1,1001,C0699,20241126,1742.71,29.0
9508,39a528af-fb12-47a6-8867-d0e32aaf72bc,1037,C0393,20241012,716.85,37.0
9509,892724a5-b213-41bb-b0f0-a5fed10ad4bc,1009,C0792,20241106,150.27,16.0
9510,0ed3f5bc-a045-4462-ad0b-72afa1fa2804,1028,C0849,20241112,423.62,15.0
9511,58cd3ded-cd26-4320-92c2-1e59ffadb7c6,1000,C0994,20240619,1264.02,14.0
9512,e549ab64-679d-4c79-96e8-687110fa4694,1039,C0400,20240927,325.06,4.0
9513,3f8bfb1e-d5ff-404d-a4e9-12e99ca3444c,1023,C0041,20240909,1233.2,38.0
9514,393bc69d-5e4e-430b-b358-50f335c850a6,1031,C0897,20240727,1247.25,30.0
9515,0cbfb0b9-f123-49d5-a7ed-d84e651bc49b,1045,C0845,20241031,181.95,11.0
9516,9ef54acf-47a9-452a-9403-49edf89fcd47,1007,C0923,20241028,844.44,2.0
9517,26ea6103-b673-49a6-8709-776e6ce5484d,1037,C0407,20240913,1970.62,15.0
9518,765c8e3d-b8e7-45a3-93f7-5932cd3e1596,1000,C0591,20240707,1089.59,46.0
9519,8dd0b809-51c1-4177-ad6e-2db4dd77ea75,1037,C0234,20240920,1694.35,2.0
9520,25f5995d-a1e1-44f7-82ab-429a7717c243,1023,C0932,20240613,1036.02,34.0
9521,06130387-522d-440c-a0de-a8889b0ab7ae,1022,C0252,20240624,1912.97,21.0
9522,6fce2105-901b-48a4-a908-e01f66537b91,1048,C0225,20240815,706.94,11.0
9523,f90deccc-86ae-4f38-86d5-e0e3a9904a1a,1031,C0129,20240719,319.89,36.0
9524,0900f61f-3083-4bf2-91c7-30c0f18c108c,1029,C0989,20240817,1006.97,24.0
9525,d885d02d-77db-4302-9078-0a0ed9e4eb2c,1035,C0965,20240615,1045.4,43.0
9526,5cc59b77-d55b-44b7-a408-d44582dccf58,1027,C0717,20240802,1565.49,2.0
9527,16eae04f-4916-44bb-af89-a5c1fc4582b1,1014,C0916,20240926,314.6,10.0
9528,b8edaff1-bb3c-4a5f-b7a8-2c256ccde028,1033,C0932,20240812,1271.27,32.0
9529,83664d42-7020-4c58-bed0-f9a75e720294,1036,C0375,20240913,1442.4,48.0
9530,29978b94-696d-45d5-8479-24222cf684b1,1024,C0786,20241119,1944.61,2.0
9531,b59c7299-cceb-42af-bdae-254de36910a8,1035,C0091,20240908,166.55,15.0
9532,a5942151-edc7-4b73-9be6-1212e15afd4a,1040,C0749,20240702,412.58,43.0
9533,d2fdb180-1094-4316-a75c-aecb3b08b305,1009,C0519,20240811,1470.52,46.0
9534,1a7da75d-4fc7-47ae-ba95-bd7c637245b1,1048,C0112,20240709,1495.04,38.0
9535,cc719a98-08f5-4f38-b024-292c732107f5,1041,C0878,20240924,891.23,17.0
9536,e33fee1a-d150-457e-a96a-14141841b45b,1001,C0395,20240806,658.74,30.0
9537,7e5986b0-e437-46b4-b67e-079d0e7dffef,1035,C0393,20241109,1759.53,41.0
9538,86d51a17-1f16-4aa1-85a9-04c876daeffc,1013,C0222,20240713,1618.38,7.0
9539,13313903-381b-477c-9409-b8c8570f7a41,1011,C0264,20240919,607.03,15.0
9540,2bf86207-5349-4d1f-9005-f7675edafe32,1023,C0615,20240605,1097.01,29.0
9541,6b638e92-bbf7-42c3-95ba-1ee3a3157231,1004,C0336,20241026,1679.37,14.0
9542,56fe367d-609b-4821-b7b3-7395b7452518,1048,C0361,20240717,995.22,19.0
9543,9b39fb58-8554-44b3-b6e3-3741ff845229,1047,C0637,20241122,894.66,5.0
9544,aaaa1075-8a80-442b-84e7-2939b99bbc59,1026,C0473,20240709,986.65,6.0
9545,60c871df-ec74-414c-a9be-cdbc0c2e41b0,1037,C0205,20240910,647.02,7.0
9546,fabc52c9-04b0-48c9-989e-ca3a0572fdaf,1032,C0921,20240625,1915.0,41.0
9547,5e930069-809a-4a98-bd0f-ed5a645f722c,1035,C0903,20240621,1562.14,31.0
9548,b7e4ae55-a79f-4b62-93e0-e30c24ddd660,1046,C0002,20240602,1284.02,41.0
9549,ed8750fe-6f6e-4e2f-8a41-2e90e82a10a5,1015,C0510,20240918,412.72,18.0
9550,e855b5bb-9b37-443a-bc3c-7bb2b0f35b64,1038,C0030,20241012,962.75,5.0
9551,d2413f32-1a7d-4962-a786-47363ddee15f,1027,C0938,20240909,83.94,36.0
9552,1fec9b08-4cff-406c-af8c-316ef35246c0,1006,C0919,20240714,1015.07,13.0
9553,7b04865a-d7f5-4b38-bb2d-4502c0f6fdc9,1007,C0723,20241003,1306.66,19.0
9554,f5152646-1d01-4d0f-9c70-8c07cfb09e67,1002,C0741,20240709,520.48,50.0
9555,9e3277d1-96bb-4771-a832-71c6965c0a13,1011,C0092,20240628,1537.79,38.0
9556,4c157d0b-c37f-4b08-ad2b-f42eb7d2de97,1009,C0065,20240829,294.5,1.0
9557,4e8c5e33-6509-44b9-a383-888414733d87,1009,C0118,20241102,1835.38,14.0
9558,40051c50-f325-437a-9e9a-8559ca053b31,1020,C0388,20240905,953.53,4.0
9559,7f1ba9f3-a7ae-4f33-b27a-9c65bf1f3584,1046,C0100,20240709,1324.2,44.0
9560,2e10cc0f-1010-4ef1-9fd6-5885aaa5b454,1006,C0942,20240613,1028.95,25.0
9561,f9641914-c1d7-4453-a13d-63dc71bef4ac,1026,C0898,20240803,202.45,33.0
9562,1e351d80-bab9-4bb8-b6b1-751aaf7ebbdd,1032,C0190,20241127,119.85,32.0
9563,44cb5778-5e4d-4475-9131-a475c035d513,1041,C0439,20240821,1015.07,25.0
9564,8acadeba-587d-4eec-ab93-cfd02ec29e6c,1048,C0831,20241116,1306.29,41.0
9565,017fa46a-e86c-4b11-8945-f95d4d9c3cf3,1000,C0577,20240807,1420.13,36.0
9566,a5d52d58-7864-45af-8726-0659b5e8b8da,1032,C0734,20240622,91.98,5.0
9567,9f88cbaf-f83f-4a47-b236-f4c7fe962104,1032,C0444,20240716,912.3,41.0
9568,22f5bee1-43df-4e31-a535-b8b33c09f4e3,1012,C0002,20240822,330.56,7.0
9569,bcd06e4a-2036-4ad1-aa10-b570e38b72a7,1036,C0972,20241125,976.79,4.0
9570,746439e5-ac38-406b-a9ce-5f05710b0388,1028,C0161,20240612,550.65,20.0
9571,77215b01-bbde-4b0a-9634-e4afa1de4290,1010,C0630,20240911,920.62,26.0
9572,823e54db-02d9-4584-8c3d-d92d37be088a,1013,C0440,20241110,1404.94,13.0
9573,446420dc-0358-4711-9ee1-6476389779de,1017,C0794,20240831,1114.5,22.0
9574,9d68d7bd-81a1-49b0-89b7-1b99771e9efc,1018,C0219,20241128,1609.81,21.0
9575,b9419e14-e1b9-463e-9461-cf7542abc551,1030,C0434,20241108,1307.88,21.0
9576,054fd17a-f48a-4fba-a2db-cb50a806bd24,1013,C0177,20241018,447.94,41.0
9577,23ad91e6-f747-4467-8d35-d0b9aec86a04,1023,C0308,20240803,92.7,34.0
9578,74732440-1db7-4efb-9369-3b87208013cd,1009,C0768,20240607,1357.19,22.0
9579,dcd1ed40-4b83-4be6-bcfd-7356353c6ef6,1025,C0640,20240819,845.9,39.0
9580,6917f471-f370-44a2-84de-fe89b64fc38f,1005,C0174,20240914,1950.35,33.0
9581,f81b2939-46e4-4231-98bb-865809efb1f8,1010,C0188,20240827,1015.07,7.0
9582,4e444f87-6576-48ef-a45f-4d4fce718a6c,1026,C0815,20240702,599.22,34.0
9583,18795e0b-7d25-4747-a5dd-8579bcdad503,1034,C0836,20241022,1637.67,9.0
9584,2d867239-abb0-4237-b415-b0e2b9de37b9,1027,C0481,20240701,1603.2,33.0
9585,157713d2-bbe7-4e5e-ac20-b5eec6c5d1a3,1044,C0163,20240619,1402.16,24.0
9586,6acaffe0-6832-4d12-b3df-722ea5e172ab,1034,C0694,20240824,1699.74,50.0
9587,bc5cb8d7-9dbc-498a-ba36-42c725a966fe,1002,C0679,20240705,1370.93,2.0
9588,d0d7dff2-d5bb-4215-81ea-3d9c757c1343,1020,C0820,20240610,924.86,20.0
9589,50836a18-7d36-466c-9f58-f9ff4cb23edd,1047,C0194,20241013,1550.21,24.0
9590,dc0c7854-8cf8-409b-8972-cb32a2772933,1032,C0250,20240731,1015.07,37.0
9591,da472f39-ef78-48d7-a160-cda0fbb07eff,1021,C0895,20240918,1942.14,11.0
9592,60f980e7-9e69-496e-86c5-dbd08416f13d,1008,C0261,20241113,1433.24,38.0
9593,067a463e-76f2-4c97-8001-593fa282c35f,1042,C0238,20240604,1065.78,13.0
9594,ffe5a5ca-3c98-4010-a36d-e5b0b0d354ce,1027,C0592,20240621,1064.61,10.0
9595,f59bddb2-a636-4246-bfe0-2ceeed1c6598,1032,C0909,20240921,920.63,25.0
9596,2cfbbc21-97ab-44e8-8826-7ef8d7926ff9,1043,C0010,20241004,1195.88,10.0
9597,2219d040-bc1a-4c9b-adb5-58fcce30e796,1035,C0442,20240820,195.82,36.0
9598,ea54f127-870f-46f6-beb2-5cbb40737f01,1028,C0662,20240706,486.43,20.0
9599,ae79bbf6-b567-470e-9a0c-1eb9e747647c,1012,C0235,20241030,1274.63,22.0
9600,740bf707-c699-43dc-8f7a-f602e8686089,1016,C0838,20240908,1479.35,32.0
9601,f270e0da-8738-4860-9367-2d7030192977,1028,C0071,20241010,1574.18,34.0
9602,2fcaa635-5d6a-4bd5-bdc1-876b86c444da,1030,C0144,20241011,61695.49,20.0
9603,b3557453-e089-4984-ae1a-7265a8513481,1010,C0513,20240928,1953.26,17.0
9604,8b110622-389e-4714-aec2-5d7aa748fdeb,1004,C0264,20240706,1214.26,15.0
9605,94ea80cb-3aa4-4137-8358-d22d3734827f,1025,C0805,20240713,1015.07,25.0
9606,6fcb6bbc-997d-4a9a-ac89-8c8981afc642,1040,C0899,20240821,114.95,17.0
9607,b30ff51e-e1dd-442b-a191-9859b4ec6edc,1042,C0006,20240708,862.11,26.0
9608,d7e40b57-b2c7-4468-845b-4b094bd67738,1035,C0687,20240923,1810.15,7.0
9609,d688c35b-7a28-4efa-92b0-ff035c0c1fe6,1015,C0098,20240825,1015.07,5.0
9610,3159fac5-8252-4cf5-9e96-6d0b1884d131,1046,C0340,20241117,576.73,37.0
9611,daf13650-dc52-4c7d-aa41-266b08000ee5,1040,C0312,20240604,890.65,38.0
9612,c775ef88-3f21-474d-875c-c3ee57065999,1005,C0656,20240720,409.95,25.0
9613,7942248b-14a3-43ff-ae84-0958f5d3dfe9,1002,C0091,20241007,582.1,16.0
9614,05640fd1-9a40-47f6-b534-a2a7d46b4508,1046,C0048,20241008,897.47,20.0
9615,51772882-f3fd-4f9c-b9ae-68eaee1b263c,1041,C0334,20240908,829.01,25.0
9616,715292a2-37c3-4451-96c6-67aa3a4a1525,1041,C0891,20241018,744.61,7.0
9617,e62348e0-6419-4627-b9cc-5c4167a1e15d,1036,C0790,20240719,1854.57,29.0
9618,e27bb70c-1f41-490a-8e28-d5f6aee40dac,1010,C0720,20241002,462.37,23.0
9619,be20d501-859d-42db-99da-612673dddd9f,1040,C0139,20240621,759.33,40.0
9620,62dc4f10-cf71-47e0-abd1-4fdc54fa442f,1018,C0730,20241106,1383.43,11.0
9621,c069d897-31e2-4723-9d32-ce47339eaf0f,1000,C0891,20240801,1215.58,16.0
9622,1d1b399d-9c3a-4bca-992d-6ffc61e062f9,1002,C0653,20240831,1106.43,29.0
9623,ed33e3a1-29e0-4445-9be5-f3c3e0d6a3ba,1015,C0249,20241028,1274.45,37.0
9624,324d4ae7-d3db-493d-8b6c-654bd64138d6,1008,C0365,20240911,1740.98,28.0
9625,f663a1cf-5874-4c1f-9baa-7b79a33b1e18,1018,C0959,20240721,162.4,19.0
9626,d71d82eb-938b-4ccf-b61d-c9f7ac5fb9f1,1027,C0174,20241006,1015.07,35.0
9627,10f83fe1-cba2-439c-8a7c-b42f381d3b39,1049,C0742,20241114,479.45,46.0
9628,5bec9f3d-0722-4efe-93a0-411ad1add03e,1006,C0716,20240826,1009.1,17.0
9629,af963830-494a-45af-baf6-19afa94a45dd,1044,C0758,20240801,1131.63,14.0
9630,32cc0553-81c9-4d27-bf21-c222675a6a84,1007,C0155,20241107,868.93,47.0
9631,c8d04c11-8837-4733-9eb3-82948d0e0464,1026,C0165,20241026,476.84,24.0
9632,5317c59c-4953-45a9-a927-bd13b950f72a,1029,C0412,20240919,223.79,42.0
9633,311acc36-0e36-4912-8ee2-212379ddf1f5,1021,C0162,20241012,898.28,43.0
9634,d78bb610-0277-4e41-b984-083609af1c64,1018,C0861,20240910,1273.36,38.0
9635,fcf5821a-f7ee-4da6-b356-daa62af57ac9,1012,C0377,20240902,888.11,22.0
9636,7c9845b5-c24d-4a19-926e-5a28a207a64d,1020,C0856,20240716,1831.22,44.0
9637,bb5aeb1d-8ea7-4fc1-a3eb-547511a016c1,1000,C0533,20240705,259.19,25.0
9638,f88c8295-5a02-4017-84da-d369f8c9a628,1049,C0695,20241022,1347.92,25.0
9639,43736033-1186-4521-a82c-dc5a04590a33,1026,C0334,20240809,296.46,48.0
9640,7ac4349a-a588-495b-b53b-a36bb06df8ab,1019,C0678,20240905,1994.45,32.0
9641,0bcc5b25-57d3-4418-85dc-a37f656a57af,1035,C0337,20240810,1905.62,47.0
9642,e0914a70-a73e-4b91-bdc4-14f34e84d13e,1041,C0555,20241005,1527.04,40.0
9643,dca8ddba-5c1a-4079-8522-aa7f2b198934,1031,C0561,20241028,1699.61,49.0
9644,7f5f60fd-4ced-498a-9a7b-f5255bab328c,1027,C0153,20241006,1650.25,44.0
9645,0590a7e4-adf4-41da-90db-58b2ead02f26,1005,C0634,20240815,583.24,5.0
9646,26a72687-9fa9-434c-8ab6-a329f3d7aa79,1033,C0072,20240702,470.63,14.0
9647,3f95a703-2eb8-416c-9fc2-81e82df72958,1031,C0330,20240730,907.14,38.0
9648,b6a3dbe8-df30-48ef-9d89-bff3aa931230,1041,C0879,20241002,758.56,25.0
9649,5644d99d-dc47-4d12-a8fe-b786831ed1cc,1004,C0287,20240624,208.55,14.0
9650,216dcbdb-8064-4a0d-8152-02860bcc92f4,1022,C0048,20241110,1617.69,3.0
9651,747f472b-1b9a-4283-adf7-fd855d5f5858,1026,C0979,20241101,449.24,29.0
9652,3f8ff3dc-b614-40b1-96ac-7317e0192300,1002,C0504,20240614,1931.57,15.0
9653,44cf8501-06e6-44ec-a9e7-1342f825c934,1007,C0530,20240919,62.56,24.0
9654,48170744-3cc5-470c-8656-05330d36b0ae,1036,C0284,20240602,83.91,27.0
9655,c622fe9a-e727-4533-86b2-b78f75054a6b,1016,C0783,20241125,1623.13,3.0
9656,62446e78-1bc9-4c10-97af-f43cc15e0458,1013,C0943,20240809,1010.17,4.0
9657,d9f1f815-08da-42ba-9d3d-8d69b3e45827,1008,C0515,20241127,1327.51,9.0
9658,3f42042f-aee4-4fe6-a1a5-504cfffd712e,1020,C0873,20240812,1479.58,19.0
9659,a935d5a4-150e-4b89-88ef-52712b3b2333,1034,C0521,20240909,1321.95,50.0
9660,00f831a1-0c11-4167-9608-80c824e89581,1017,C0611,20240624,354.63,7.0
9661,54b2fc32-ce6e-4fca-9380-99b17925b5af,1047,C0491,20240612,1106.77,11.0
9662,c780bca9-13b8-4278-9282-e5ed6bd7d553,1038,C0140,20240903,1444.65,15.0
9663,3b74d4f1-9dd0-4efd-a4f6-d3b707fd6d6a,1047,C0790,20241124,1667.15,4.0
9664,9a09dbf9-443b-4f79-8121-f56c37667819,1033,C0391,20241010,542.9,28.0
9665,29aacb7b-f351-4d45-8531-aacae1ee8b4c,1035,C0742,20240604,1169.86,24.0
9666,266933dc-e0c6-4085-86cb-56727611eed4,1024,C0344,20240826,1015.07,42.0
9667,d1953155-42d7-4300-92ee-5de7b95579cf,1017,C0829,20240908,1050.66,44.0
9668,6fcebf19-82a7-4197-a35e-39b85f4f5d0d,1043,C0049,20240728,1030.35,25.0
9669,2a87669f-63aa-4488-86b5-3a78d8461501,1003,C0141,20240824,1245.86,41.0
9670,b6ee334e-129e-4b9c-bf38-df558ebcc34d,1003,C0226,20240627,1470.88,36.0
9671,25ecb571-c279-4714-8b4c-ac3b0b48f5eb,1049,C0971,20240705,1445.49,44.0
9672,19b23c28-3a53-4872-a2b6-54e747830d1e,1041,C0517,20241110,560.01,50.0
9673,159afaff-3c99-49cc-83a1-429de0f43d39,1026,C0973,20240911,884.26,35.0
9674,a1e5a8f8-7f55-4fe8-b73b-0eebe9c4bf64,1019,C0503,20240608,934.85,33.0
9675,2e9d448c-e03b-422b-91c8-f1ebc0e111ba,1045,C0632,20241028,1015.07,44.0
9676,f6de7d10-076d-4e0b-9f06-3bfa821bdace,1046,C0394,20240719,1930.74,8.0
9677,8c3610a7-db9a-45c9-b706-a07e29e4ff87,1026,C0988,20240918,1367.04,25.0
9678,e47d6e21-c9ee-4f44-be2d-e201bf91ae81,1017,C0560,20240813,199.23,24.0
9679,73ec5d8a-a1cc-4e2f-b534-b749c3a5293c,1023,C0049,20240702,575.57,15.0
9680,280bc9e7-4241-42db-bfca-0befe23d8ee4,1033,C0840,20240618,111.89,15.0
9681,13061c20-023e-44fd-8926-60b1f056508d,1020,C0605,20240920,617.84,12.0
9682,80f0d143-8062-4bec-aae6-b5429ecd6d43,1015,C0096,20241108,1939.07,40.0
9683,9b825fda-1462-48c7-815a-83cde8ab218b,1045,C0797,20240717,467.99,20.0
9684,b78b567a-66de-420d-b59f-af12ccc1eca7,1008,C0475,20240905,1537.27,25.0
9685,a035b40d-e5a9-42a1-b536-3653aaa41892,1020,C0588,20241121,1051.99,37.0
9686,c1a0cb83-42d1-4fd9-b028-18f93d582293,1041,C0326,20240805,735.44,28.0
9687,e281ed40-0565-4ac6-b58e-60f55ba232d8,1041,C0249,20240604,1872.41,20.0
9688,af0028d4-a482-4b56-958b-25948f374909,1041,C0435,20240725,781.64,43.0
9689,da705ba1-cc1c-4d01-9cf2-f2d1563b7913,1022,C0756,20240906,468.68,29.0
9690,1220fa59-db74-46cc-bb28-43ba85ac865c,1041,C0334,20240811,1874.22,40.0
9691,31a595f8-e237-4bf4-9cb1-bb7b341095c8,1014,C0604,20240806,761.47,3.0
9692,e50f55b7-86ff-42b2-8aa1-7fa9d120f49c,1022,C0068,20240826,1351.15,29.0
9693,d5a29b2d-34d7-42b5-a37f-8c80fd9b4c54,1009,C0840,20240711,664.6,22.0
9694,7dac5030-eadd-4f64-9f38-095d2bd86961,1002,C0257,20241001,1806.68,38.0
9695,2a20c126-f9e0-48a0-9c56-34f6148c5119,1009,C0583,20240811,967.1,26.0
9696,afc06f3a-80b1-48ff-8439-fde81d5f5135,1023,C0754,20240905,1232.97,13.0
9697,f7eae72b-2a02-4f47-b384-1f4757da1a1c,1004,C0207,20240811,231.91,20.0
9698,506c9060-4743-4967-8fe0-b69e4c830254,1043,C0579,20240623,992.07,26.0
9699,8cb69149-4a42-4b8f-8ccd-221eca13903a,1007,C0171,20241001,1372.91,6.0
9700,db483f29-a585-4e17-9202-587a9fdb08c1,1027,C0611,20240831,1015.07,28.0
9701,bbbf59c4-ff08-4d5e-844e-7783cd78dfcc,1038,C0569,20240829,557.89,33.0
9702,d4a9afb2-160a-49f8-b228-2ed68d333c86,1005,C0157,20241007,229.93,33.0
9703,af6146df-724f-491b-9f2b-53b3fa02af01,1004,C0881,20240801,1428.63,14.0
9704,7cfaee74-0276-40ad-b4ce-6ff3ae3fa36d,1020,C0980,20240817,1589.18,43.0
9705,046ccaf5-5100-4746-8b32-821589ab2cfb,1004,C0336,20240613,307.6,9.0
9706,1c91e837-fbaa-49f8-8c19-45be32d59612,1028,C0390,20240610,1015.07,38.0
9707,ad695c5f-51a8-4ff2-a07d-20b5eef9de8e,1010,C0971,20241019,462.93,36.0
9708,c272e529-37cf-457e-8039-d102918d0bd4,1006,C0571,20241001,176.77,2.0
9709,5d28233b-2ddc-4a8c-83f5-d3ebf09f5276,1019,C0604,20240611,1715.97,38.0
9710,56bc05c7-1c17-4e76-9205-1d33e336c5f2,1026,C0493,20240921,1253.04,8.0
9711,0e0c55d8-601c-4561-a475-ad8f1aad6768,1039,C0412,20240803,1074.77,4.0
9712,4781bd62-43ec-4c27-a07f-dcce3f03c218,1039,C0038,20240824,1152.82,27.0
9713,62d084b2-6524-4d68-b3a4-117f6acf1a56,1039,C0945,20240907,1225.38,29.0
9714,e8a0c918-37ed-41fa-bd91-09b8c9bdf4f6,1030,C0278,20240603,214.33,40.0
9715,5bf13876-b6ed-4557-9d18-993ca9cbfba3,1041,C0330,20241010,1492.08,17.0
9716,2472244f-9b65-4a35-a8ae-c1928f9a0814,1033,C0076,20240616,509.68,11.0
9717,85e51757-485b-416f-8384-945898779717,1021,C0112,20240710,653.97,3.0
9718,71b064c5-58bb-4376-a76f-b28183bf0c65,1047,C0456,20240811,1425.75,22.0
9719,7d014c3b-10a2-4f8d-85d7-cf900fb9f3b6,1018,C0026,20241017,1015.07,25.0
9720,2d9f0c6d-f2a3-4880-bba0-8fd8678a64f2,1028,C0878,20241026,1551.22,33.0
9721,5d0a86a5-0103-4261-b2da-0f8d88b0638e,1014,C0031,20240719,1733.88,39.0
9722,276728d0-6d51-4113-8793-e567838919e5,1006,C0208,20240711,1143.07,7.0
9723,7ad439d6-fb86-43c1-9251-6e04bebdd183,1000,C0392,20241016,712.88,22.0
9724,f101e2fc-ae55-45c2-9b5c-86c8e2b639c7,1041,C0109,20240817,376.32,43.0
9725,9831fa79-666c-4507-a0a6-803023493347,1047,C0781,20240722,1299.37,16.0
9726,caa8fefb-5488-4662-9ead-8f3beb189b61,1010,C0939,20241115,689.36,29.0
9727,83917966-c046-4dc0-996b-fb964352c85e,1002,C0266,20241030,825.58,18.0
9728,7d34e48e-776e-4efb-81ee-24a1cfbfb5df,1007,C0523,20240817,604.0,15.0
9729,4318edd6-263e-4f20-b911-67c832af8886,1022,C0081,20241009,638.61,33.0
9730,614d2b7b-33e0-479b-9247-32971fc5bc7e,1028,C0516,20240629,1905.73,48.0
9731,8fc4f5e8-91fb-4894-b010-1a5867b71bf7,1003,C0379,20241105,460.31,29.0
9732,e7128ed7-aa9a-45d9-b95d-a4779e645273,1015,C0471,20240810,140.61,48.0
9733,3f187bc7-c63b-4cef-b4be-e6edc40e6c8b,1037,C0525,20240625,1015.07,12.0
9734,cf3bcf37-c288-4aa6-a7b6-eb89b23a9e96,1022,C0312,20240923,890.91,41.0
9735,9535ce96-0522-464c-ab43-47a511c6aac6,1023,C0143,20240814,258.9,20.0
9736,b59dd744-254f-4771-8633-f66ff4037012,1002,C0201,20240831,592.45,13.0
9737,8aef3b92-4f44-4322-8b0b-194db97ac7f8,1013,C0576,20241031,1367.1,37.0
9738,3790c207-b07b-4f74-9751-b5ffad0a2adf,1010,C0244,20240608,453.28,14.0
9739,2320bb47-f554-4029-8324-23f32f6363a4,1023,C0605,20240620,1053.85,2.0
9740,da48c8c5-c248-444d-a76b-d9e1118cf582,1007,C0049,20241001,1906.89,11.0
9741,852aea58-c146-4407-805b-df7658d4dab3,1012,C0640,20240804,1367.85,48.0
9742,02abffa5-8b3b-4dae-a245-d555f367bceb,1039,C0283,20240929,1763.11,31.0
9743,74133b3a-769e-4dac-a8b3-763a8e7ee480,1030,C0387,20240923,1150.52,42.0
9744,2257fda0-fa31-4f4f-a0eb-61916017c7a9,1046,C0090,20240822,1984.14,27.0
9745,e5f9bcb4-2340-4d91-b28b-ca0462929a4f,1011,C0421,20240812,1652.22,1.0
9746,90af529c-8c31-4c5a-8cc6-f0ec1cb0d7f6,1015,C0960,20240720,61.26,34.0
9747,e4a7c5f9-e426-4645-99d0-1fa1de946429,1028,C0022,20240728,1005.96,16.0
9748,de210a2a-4fd7-4248-86bb-85e4cf66b7b7,1040,C0646,20241001,490.74,42.0
9749,c98314e6-169a-4282-8856-114db0e69067,1040,C0494,20241012,646.27,28.0
9750,e8b6b65c-c2b1-4a79-bb63-2e0aad3ce42c,1004,C0176,20241114,1374.2,7.0
9751,efc26784-b97b-4126-ae83-1e1f801abfd7,1032,C0475,20240924,1254.93,44.0
9752,2f3b3321-c7a0-4409-8ee5-6d60e06cec89,1048,C0237,20240802,1951.67,24.0
9753,63fb1093-f78f-44ca-bd29-5b177fd70e9b,1044,C0686,20240817,1021.53,21.0
9754,0e9bf544-8811-44c5-ac97-157184879385,1022,C0717,20240921,665.27,6.0
9755,ed51b063-66e7-48bf-bfb8-7afbf13f7cfd,1022,C0384,20240711,1970.74,25.0
9756,9b543253-a910-4c62-b47a-31bc9ef5217e,1020,C0715,20240923,619.03,23.0
9757,ec5a9df1-2d0b-4d1a-8852-1035561b8de8,1030,C0112,20240925,1557.07,7.0
9758,9c34b2cd-cf91-43ec-9956-0b4e5c476c05,1016,C0553,20240627,745.81,48.0
9759,ec82ecfd-25ff-4b6d-b0b8-5c4e3440be34,1025,C0638,20240723,1026.32,30.0
9760,81f383c7-c60f-423e-96e6-d06853aa6b76,1043,C0923,20240730,1400.2,36.0
9761,2f4b0b5e-ae94-411e-ac53-c96b96a1d79c,1044,C0158,20240818,1867.95,1.0
9762,6f4d2c0e-0cc7-4431-979d-41c34e3e2043,1006,C0131,20241121,1191.62,21.0
9763,453c4290-141e-46f3-9a4b-12ae69737cf3,1033,C0175,20241029,1304.78,21.0
9764,d937d181-b17f-48c4-8f6d-786fd8084b2e,1032,C0939,20241018,839.71,31.0
9765,49e153a1-ec2a-4983-88df-368253a504bb,1009,C0293,20241126,768.09,38.0
9766,468226e4-6547-47e0-9dc0-fdb28f55ec14,1041,C0201,20240612,575.1,6.0
9767,102782af-74f5-4423-aa23-eb46e14b935d,1042,C0057,20241115,529.03,46.0
9768,e4e8d5a5-5b06-4fb9-8a20-97a50fffd231,1014,C0305,20240624,1631.5,19.0
9769,34b16409-ffc6-4ade-8168-722dc111f1a9,1026,C0835,20240903,1910.61,35.0
9770,0e4e2757-1fc7-49fa-aeda-8bedd66c1778,1030,C0847,20241027,810.21,21.0
9771,1501948a-01f4-48e2-a55b-842688fe2fe3,1034,C0979,20240710,523.32,5.0
9772,09ca0dd3-5410-443c-88ae-ce57d4bf8e98,1013,C0630,20240907,1565.07,43.0
9773,54189246-66f3-445b-9863-152487830a89,1049,C0303,20240610,1895.96,32.0
9774,a8f66b4a-ef91-4bca-ab02-2f1dd1adc6ec,1023,C0656,20240831,63.39,6.0
9775,83489c42-5e25-476d-94ff-21f0fd8126db,1020,C0488,20240930,167.37,30.0
9776,b042adbd-0589-4543-9880-a7d2a3b0d1d4,1021,C0673,20241012,1919.47,49.0
9777,e772457e-97b0-47e0-a213-388801d3b501,1048,C0067,20240911,1942.76,36.0
9778,90211108-bbf6-41fe-96ad-08e8aaac25c2,1018,C0480,20240623,404.81,2.0
9779,2cde2238-e3fa-4988-9729-b09a1a8aa175,1045,C0638,20240929,244.45,43.0
9780,1b497c1a-5678-498e-a091-9321eac327e8,1043,C0964,20241024,70.04,29.0
9781,7ebfd4c9-2958-4a48-9805-75d7ade02c27,1048,C0129,20240706,404.18,38.0
9782,df53416c-1d96-4986-a73a-9804689c6c06,1013,C0834,20241020,1632.78,34.0
9783,c43efba6-60bb-4c50-8fcc-0509fc87e8e9,1024,C0063,20240823,1468.37,44.0
9784,65e9e94d-7aa3-4700-908f-26a0684054ec,1002,C0118,20240911,1916.33,45.0
9785,9d491b1f-d752-42bd-9ce9-37ed39cea8e9,1045,C0531,20241027,1256.56,13.0
9786,4e040714-08db-469f-bf4a-87de62cbe74b,1024,C0341,20241016,758.17,6.0
9787,9568167f-b2b1-4c9f-8726-85b5d2b28436,1038,C0416,20240724,567.5,39.0
9788,e6570e77-607c-47a3-a268-bf8740679968,1007,C0840,20240609,779.95,46.0
9789,0502f20f-2523-4263-8ed1-310d0f5f4933,1021,C0935,20240629,1015.07,39.0
9790,5ac2d4db-9096-4814-a010-fa42f3be3c8f,1017,C0911,20241125,573.95,39.0
9791,19565e84-77a5-430a-a5c2-861a17f19861,1042,C0475,20241027,1767.53,39.0
9792,adfb6778-1698-42bd-93c9-9b7a3e8a414e,1034,C0420,20240618,1323.03,35.0
9793,937005f7-ad77-4612-9721-6097873549a9,1032,C0102,20240911,531.68,29.0
9794,a0aa102c-eefe-414d-bea0-f1d0a88b5542,1023,C0695,20241010,1744.61,19.0
9795,e25196b0-3d47-444c-8328-4b0088f42037,1034,C0558,20241113,1010.18,46.0
9796,f886f5fa-7b87-45f2-8c23-3f613e0afaea,1043,C0140,20240627,1263.22,12.0
9797,7dc3b779-1b5e-44a2-8038-6527af3a77b8,1017,C0802,20241029,1664.62,5.0
9798,e220d08a-2177-4f65-9014-2cfcce5c44ff,1024,C0944,20240705,321.54,16.0
9799,e7627574-61f9-4639-ba74-e2cb6b23f757,1022,C0348,20240917,1518.81,15.0
9800,7103ada5-a466-4832-96ee-0ca84ccd2771,1037,C0996,20240618,894.63,15.0
9801,19e86ed7-4610-42b8-b698-00f6c7b2224c,1034,C0753,20240908,369.93,25.0
9802,51da7cfe-67f6-4769-8a72-19473cde2d1a,1012,C0979,20240706,1015.07,5.0
9803,566aff5c-993e-4d0b-9827-6cbe8c146a9d,1037,C0329,20240827,1323.84,10.0
9804,0c9e4a45-6946-4da1-bedc-e7aadc8d2bb7,1009,C0821,20240602,1924.64,34.0
9805,e079ed83-7038-46aa-8999-7b53bf4a8904,1048,C0905,20241002,1216.37,12.0
9806,dec7ebdc-ea35-4dcb-9e97-688b640307b1,1034,C0122,20241022,59637.24,29.0
9807,afc2ad6b-d216-48ee-bb72-7232ff1ce869,1039,C0431,20240721,1297.14,47.0
9808,5cc48034-adea-44d1-b6e1-f4131b6fd073,1023,C0884,20241120,1525.76,33.0
9809,c88c227c-a62f-42b4-a176-5256d75f5e1a,1012,C0194,20240719,425.05,1.0
9810,4e5d4226-d2f7-4379-8665-c4a7d3fb7370,1009,C0379,20240814,1821.33,6.0
9811,0d417825-64e3-499a-a674-a5a1d9a9bea6,1004,C0830,20240725,1282.49,23.0
9812,576a1cf6-76dc-40fd-90ee-fd855bb2fed2,1040,C0742,20240709,890.72,4.0
9813,31d32732-8719-4f7d-b6d4-5ad5a61834fe,1038,C0962,20240830,749.58,30.0
9814,41e2779b-5f1c-491f-b634-543a088ba551,1005,C0767,20240828,254.0,15.0
9815,a272d925-d72b-42f7-92e4-63542b666a2e,1007,C0736,20240831,1906.43,18.0
9816,dd6be4b5-bd0c-40d8-9310-ca6e10dc4672,1047,C0431,20241006,1605.92,17.0
9817,2f16a2eb-6fc2-4c0d-9529-f9d6fe18f0bf,1026,C0318,20240701,389.95,12.0
9818,91f7a4bb-60b1-4e44-99ba-df5780240ed9,1012,C0426,20241020,739.07,45.0
9819,85600d17-73cc-4f38-ba15-cd012cbbd786,1005,C0372,20240928,1143.43,37.0
9820,d10a7d35-3c56-4eb7-b5f4-4472e2eabf14,1030,C0236,20240812,1241.57,9.0
9821,98919bde-c7d9-47bb-8674-9cc79ea6f05e,1027,C0705,20241108,1609.02,25.0
9822,27930968-4b9e-4f9d-b459-3b8c3712d291,1045,C0635,20240811,1015.07,42.0
9823,a99cc4ce-8f44-4a0d-8b26-65abd120bf24,1029,C0851,20240703,937.03,24.0
9824,62cf49bc-a318-4495-9363-48d9c155a0ec,1026,C0631,20241024,1516.8,2.0
9825,fd906331-56eb-47f3-89b6-f0ed4bc2aa3e,1033,C0219,20241115,1069.03,32.0
9826,fee40a86-2361-43c7-935f-d2a551a03a92,1031,C0537,20240807,861.26,12.0
9827,b1c09253-c5d2-4b35-819b-ad2810f10e5a,1039,C0051,20240908,1558.48,23.0
9828,2b5327a8-e4c4-4190-8414-ab69d54d73cf,1032,C0222,20241118,793.15,22.0
9829,c0543cb6-d306-45a5-a393-af602becafb4,1013,C0525,20241122,955.81,2.0
9830,ddad35ad-bb7d-4cd6-9f5c-5f6e7bf83859,1039,C0963,20240914,1094.38,40.0
9831,52a1357e-8ef2-4d9e-8207-ecfdc065d601,1021,C0048,20240721,1446.93,3.0
9832,c507cf06-9341-449a-930a-a287faa220ba,1013,C0780,20240625,733.48,2.0
9833,cab5eb63-b436-48bc-bf02-56ff88534db0,1035,C0389,20240625,1142.03,32.0
9834,0dce00f9-4f8e-4c17-bc0f-6b19d247b2d8,1024,C0173,20241119,1102.1,35.0
9835,d37ba5b5-02db-494e-9fb2-7388928388a8,1041,C0626,20240831,1791.03,4.0
9836,37d1d7a9-544a-44af-8b9a-9275f75997c8,1022,C0150,20240628,746.24,13.0
9837,863f6ae1-b4f7-468c-928b-2e0b5a3155bc,1029,C0766,20241013,352.15,50.0
9838,55fc7387-d9aa-4873-aa59-473b0cb04bc7,1031,C0676,20241009,144.66,24.0
9839,efb8462d-16d3-4658-ad50-1698f0cc4dbd,1003,C0189,20241007,1141.15,18.0
9840,49d1bc1c-b15d-4f32-8e9d-4bcd4a211541,1030,C0384,20240812,493.56,38.0
9841,0449e02a-4946-492f-96ba-f46add4c9896,1004,C0397,20240823,685.63,16.0
9842,879ec006-2754-45e4-b69e-e171f69913c8,1023,C0668,20240930,505.22,3.0
9843,15823198-edd3-4858-bf16-93636b6af99d,1018,C0589,20240805,1472.6,9.0
9844,d95ad960-a0ed-4f94-a015-848d0b89c62c,1045,C0619,20241125,1935.75,30.0
9845,dc6396ee-ddff-4e0a-a4b6-5d5ba3174927,1042,C0950,20240712,248.99,32.0
9846,33a571ef-f793-40ca-879d-ee8434cca87b,1035,C0027,20240822,1710.13,32.0
9847,4ffb0e40-cc81-4c8a-afbe-5f6b453f00e2,1019,C0278,20240918,1504.44,7.0
9848,bc9b94d3-ad7e-48f4-965b-6bb3399857cc,1015,C0154,20240830,461.49,6.0
9849,1433cc2a-4691-4bc0-84ee-6ca97c8b6f45,1038,C0103,20241113,490.85,20.0
9850,3699545b-14e0-477e-97d2-6bdb91449fce,1003,C0586,20241008,1504.52,24.0
9851,371c6935-d7f1-41ad-951a-18d809f4707d,1013,C0389,20241102,624.5,31.0
9852,438a4fb6-ecd1-47f5-8afe-f442647f9d26,1041,C0483,20241026,1858.67,45.0
9853,e3f6b131-d8e5-44ca-9e6f-0fabb007bd72,1020,C0507,20240924,113.26,4.0
9854,cc176dfb-cb81-4414-b318-cf28673ea29c,1012,C0291,20240908,1533.9,12.0
9855,e586fbec-e1d2-4044-9626-aeb7a263e9b7,1048,C0708,20241119,52.8,18.0
9856,0da8b0a8-20a8-4cbb-9476-7d615b9bd04d,1033,C0972,20241024,1910.02,39.0
9857,fbd9d233-688b-4ddb-b248-24be03650682,1012,C0424,20240601,1167.13,33.0
9858,77573778-21aa-498b-af54-af1d4489005c,1008,C0594,20241016,452.01,5.0
9859,c3d1859d-51b6-4eef-a659-3dc64cfc43d1,1034,C0445,20240723,868.91,19.0
9860,3769470f-7778-4a74-b336-0ed8bbe04d2f,1020,C0713,20240904,1402.09,11.0
9861,e66b5bdf-0974-4201-b3b7-131ecac9b683,1030,C0187,20241124,830.08,16.0
9862,c3d44595-155f-4383-a701-7c6d722e3fab,1011,C0926,20241128,1336.98,30.0
9863,3722d534-a472-4fb3-ace7-95b3794c28e1,1047,C0069,20240902,1566.84,47.0
9864,37a65829-42f1-44f4-8e5a-bafba057e57d,1036,C0569,20240827,362.77,13.0
9865,9d235fda-48db-4602-b7e7-2b260af9aa57,1029,C0944,20241104,906.51,22.0
9866,39dda9d8-6dd2-4b1f-9eea-fcfc740a9f50,1043,C0819,20241103,428.62,24.0
9867,6cae010b-ed88-4077-a615-cc3b13030737,1041,C0988,20240930,1751.99,26.0
9868,59ebb23f-77db-4042-ba9d-b822b540b20d,1013,C0694,20241007,362.12,22.0
9869,06dafbc2-b561-4bf7-b3c9-96a1fd43ada5,1005,C0697,20241101,1815.78,26.0
9870,186dc889-3bbf-4031-ae7a-4e2c23be04a8,1040,C0043,20240724,1682.71,3.0
9871,5f5d1e59-9af7-43d2-bfc6-a9168649ded1,1004,C0429,20241127,1210.87,3.0
9872,5898192f-790a-48db-b90d-db419fb28cd4,1033,C0033,20240628,1314.96,15.0
9873,603561f1-3d47-4b60-b4a5-874ec4d69983,1030,C0666,20240820,746.8,23.0
9874,10ccc6cf-e16b-4029-ba0b-bfd3f57068ed,1044,C0113,20241124,1727.25,25.0
9875,1e7f74f6-6ea4-4b5b-b9ec-e1c863ca17f9,1033,C0445,20241104,112.8,47.0
9876,3a4d1425-b567-4213-813d-a990a9e9fd66,1044,C0266,20240803,998.84,27.0
9877,b2310638-c546-4915-80d8-bd8dd3452083,1010,C0691,20240928,833.7,1.0
9878,4de8ef70-f7b2-40d2-8ead-544c056d4e80,1023,C0136,20241127,1359.31,19.0
9879,8ab3f1f5-6da1-4095-b450-73b754c867a9,1031,C0219,20241017,500.92,37.0
9880,ffd677c6-d313-4833-baa6-a8d738fd1492,1034,C0734,20240928,287.21,15.0
9881,0207a15c-71f0-4e09-af8e-31b7268e0dee,1032,C0074,20241025,1013.1,33.0
9882,d8548163-81e2-4e45-82b7-e344b8f624f5,1045,C0116,20240719,1295.91,7.0
9883,b08ae95c-1846-4f6f-a5c4-60c65df69ba0,1002,C0907,20240619,342.12,27.0
9884,7234640e-179f-43ac-b35a-a24e05989ac5,1012,C0222,20241017,1195.76,44.0
9885,0b4d3b9b-8f76-4160-ab12-38f292b75307,1023,C0267,20241124,780.75,19.0
9886,4eefb091-7465-4567-9b23-4f94edeecb35,1024,C0051,20241103,1478.81,43.0
9887,bb3f8aa2-de63-4a12-83c5-b1446c514583,1034,C0914,20241115,418.32,38.0
9888,f9076e97-3743-4606-b548-990fce8322cc,1031,C0400,20240902,1137.31,2.0
9889,dae20410-7c14-4e4b-81fe-dec5099f8943,1032,C0202,20240625,1027.4,30.0
9890,566bc948-9329-4a71-b2de-804db3681dd7,1014,C0949,20240605,1827.07,25.0
9891,21cb933a-9a9d-4149-a1be-751914be5786,1041,C0367,20240926,718.08,12.0
9892,28b8682a-97df-414d-9ca6-c140d673eac9,1025,C0950,20241125,1703.41,42.0
9893,391908f8-fba3-4528-9e2b-27c708639bc5,1009,C0981,20240927,91.17,43.0
9894,df9ed632-4c32-421a-a19d-97aa485bf86a,1034,C0916,20240919,1117.11,2.0
9895,9f1276fa-3f25-4136-962f-e02c698722d1,1002,C0264,20240822,1105.95,5.0
9896,c89fa764-bb6c-4cba-943d-74059901d751,1000,C0518,20240609,1975.72,13.0
9897,4f8ca5f6-0425-4b21-b8ac-eface102f79a,1020,C0700,20241123,665.89,6.0
9898,d1431c71-39ff-4100-83de-c170c30cbbac,1045,C0086,20240906,1451.51,40.0
9899,bee24a29-3452-426a-b464-64a4af8791f5,1015,C0829,20240724,1422.87,18.0
9900,61088539-6f0c-48e1-b6bb-a6a35f994755,1002,C0207,20240702,287.15,19.0
9901,1e94efe3-40f6-4d6e-954d-101c6106b353,1018,C0583,20240710,1820.23,3.0
9902,8730190b-1dc1-401d-843f-b71864d784a4,1024,C0886,20240810,1490.41,34.0
9903,c6f2aeef-4570-4632-82a4-8e68045a8fdf,1001,C0077,20240812,1659.7,48.0
9904,b40c3f06-1d91-4c8b-a540-8e2d8903ac61,1029,C0618,20240802,1662.93,18.0
9905,d27f5b89-fa3c-42f0-8aba-bb97fe6bf15a,1021,C0219,20240711,157.28,45.0
9906,5050616a-2cde-4869-8059-1711b5a3dc13,1017,C0760,20240925,1618.4,34.0
9907,ae8e176a-4ae7-487e-a4cb-88c81576a46d,1029,C0044,20240916,409.41,28.0
9908,59c29637-08fd-4633-9411-73e56b5eac65,1010,C0143,20240807,1616.12,33.0
9909,1542b138-5073-4377-b0a4-343c39f082a6,1049,C0647,20241108,747.84,35.0
9910,22daea75-9ce4-484d-84cd-30e0143c4a5c,1013,C0881,20240707,632.22,3.0
9911,5aee917c-b15f-4fbb-b784-af5fe45e407a,1009,C0764,20240804,143.54,47.0
9912,00e2c66d-6f55-429b-ab03-a8639376747b,1037,C0132,20240617,129.81,36.0
9913,45d9efa7-41db-4c4e-a1b9-b3d3aec77a9d,1047,C0714,20240605,1159.99,20.0
9914,581fc2a2-f044-4f7d-9053-2be9f3a2a3c0,1039,C0553,20241126,147.27,6.0
9915,4f8619c1-e883-4e23-8c36-b22c69189ebe,1002,C0495,20240813,1015.07,50.0
9916,aa85bd6c-9073-4921-821c-8e9bc021d7b9,1031,C0320,20240624,1015.07,24.0
9917,a7f01062-e37d-434c-87c3-ca8e64fad7d4,1038,C0223,20240801,515.85,23.0
9918,63f15402-897f-4bfd-8a28-fc1f2d689fbb,1004,C0541,20241018,509.06,50.0
9919,d1cca01e-0b3f-4b80-9a5a-99f10d3604b7,1031,C0958,20240627,570.4,42.0
9920,40c141f1-05a7-4e3a-809e-1d4c29e9b163,1043,C0811,20240713,1274.63,21.0
9921,75410219-d2fd-409a-a964-17155307e7ff,1009,C0518,20241111,196.04,45.0
9922,84cbc26e-98e3-4408-bcde-e81bb6da8bc1,1029,C0605,20241009,607.98,44.0
9923,ec3da19f-1888-4e17-a8cf-ab5750adab43,1008,C0732,20240709,592.65,8.0
9924,7ad9385d-4685-480e-810a-3ea270ab3f0b,1002,C0657,20240721,171.68,4.0
9925,ad8a656f-bcb8-46b9-b6c1-ab53b66c8fe5,1019,C0302,20241026,492.24,18.0
9926,74e9b7da-0244-4987-8ddf-27541758f368,1040,C0320,20240812,1047.05,27.0
9927,2a46b080-972a-4674-a23a-0fdf4f71ccd6,1008,C0257,20241102,1738.58,42.0
9928,bae96876-7a12-489a-91d3-3d8792b91c3e,1030,C0269,20241113,76993.72,22.0
9929,65594963-98b4-4a84-b1a8-f5c03826fadc,1032,C0370,20240619,1568.29,12.0
9930,03414035-5d83-43e7-9dde-2ad15e89ca6b,1035,C0699,20240730,951.0,25.0
9931,32bbe670-e4e1-44c5-b9e7-42316e0af43d,1003,C0330,20240611,1015.07,24.0
9932,1bb5760b-db40-4966-8edf-9c5c1d6729da,1000,C0799,20240601,1224.83,50.0
9933,af094064-6e81-428e-a586-be2d53b51434,1021,C0318,20240612,394.28,21.0
9934,3ced46cb-5029-443e-86c8-abfe0bd4412f,1017,C0907,20240917,1929.33,26.0
9935,9d278f7e-9ecb-4bb6-8215-f5c9ef1dc288,1012,C0857,20241104,1375.8,16.0
9936,51507896-ada2-401c-8383-4915c72bf3ab,1013,C0695,20240622,583.84,21.0
9937,7757df81-c2ed-41f2-b255-a8a4c356a789,1019,C0495,20241125,145.11,50.0
9938,56aa51cf-b202-4a01-8f5e-5b5a335cebaf,1039,C0051,20240911,77834.11,46.0
9939,cf6e7031-c14e-4f78-be5a-de146525cd5d,1018,C0120,20240710,374.23,23.0
9940,51a3f806-4a1b-4223-9d85-4acbb263c4ae,1025,C0989,20240823,1077.16,42.0
9941,5344c0c7-d21c-462b-8b8e-4f5c67dce78d,1009,C0140,20241008,416.42,22.0
9942,67f44037-b962-481a-a23c-bd6f48145d35,1034,C0470,20240709,1487.21,48.0
9943,4e4320b6-fa42-4d68-8dc6-1a9f9c1d0165,1038,C0818,20241024,1472.89,5.0
9944,ef106393-6dec-4c67-b1d5-a668a5ccb608,1003,C0331,20241117,155.1,8.0
9945,39c89d66-36f8-4046-9738-634de993d66c,1008,C0213,20240814,1201.83,17.0
9946,5c9fada4-f863-4545-b2c9-0fa4a5878778,1023,C0544,20240802,378.06,34.0
9947,03504c0b-867e-4565-8a2e-fec85edd8478,1008,C0308,20240920,325.01,31.0
9948,396da975-b4e5-41f2-8c12-ceee54df3acc,1035,C0652,20240813,1131.17,19.0
9949,952b8e6e-da50-4cc5-8420-5f9c5ee4d3f6,1029,C0646,20240908,732.17,16.0
9950,e6fe070f-9e10-49f0-a4a5-2e59cfdaadce,1028,C0781,20241123,1967.61,8.0
9951,c5322b48-7595-42a2-91b1-f8fd4a6be832,1021,C0174,20240901,881.28,22.0
9952,29d41d96-f218-49dc-b220-ab3e90ac47f8,1018,C0533,20241019,1786.8,33.0
9953,5aab6f8d-d45b-4158-b34e-eac875beebf8,1031,C0209,20240801,86.38,27.0
9954,26dde49e-1d79-4083-8695-51585b1f0a35,1042,C0172,20240603,530.44,50.0
9955,a236cd71-0ac6-408f-a4ef-65eef6939788,1016,C0710,20240803,146.15,18.0
9956,b667c9b3-f2ea-4899-8689-4e897152f0e9,1007,C0560,20241121,874.47,50.0
9957,67f88aba-f1c7-4c1c-bb11-d978ba661275,1017,C0635,20240722,1521.53,17.0
9958,45f3cc21-5244-4dda-8f0d-c993de9a53c4,1005,C0809,20240806,27261.56,3.0
9959,382b2b89-8159-493b-8362-ee5e9c4ce4d6,1044,C0064,20241023,1939.38,30.0
9960,d67bdd54-c2f8-4695-9a6f-d60d2672335a,1045,C0482,20241008,1015.07,27.0
9961,255b91c7-0dba-4bac-a6a6-d6141c837187,1046,C0735,20240718,152.68,10.0
9962,d2fb12db-4e28-4ea3-aa47-44cd2eb5b1ca,1040,C0932,20240816,967.54,14.0
9963,ce4151f4-3ae2-4902-8607-ac2a3394f95c,1013,C0916,20240827,1411.7,33.0
9964,b34a7ec6-b3dd-4afc-b8d0-7be6cbe91715,1013,C0583,20241007,1570.62,2.0
9965,63ec5666-4d4e-4bb2-b03d-f05cf1f7a210,1033,C0175,20240815,1015.07,8.0
9966,a6f39389-79cf-4bca-98b1-c3a5a5745b1e,1022,C0918,20241027,1859.18,15.0
9967,afe7fe42-3de2-4808-ac6d-3cbeecd049f9,1031,C0330,20241028,1355.14,20.0
9968,12ebd3e9-c1d0-4a25-ab6b-671338a34880,1047,C0780,20240827,1015.07,4.0
9969,72e937a6-6dc8-4904-8628-8e106fee3fa1,1007,C0108,20241010,1044.95,23.0
9970,cd7b5484-a94f-4afa-ad5b-7c028c4334ff,1031,C0656,20240809,188.16,2.0
9971,ea77ae07-882d-477b-9ee3-4f43bb8786e3,1040,C0732,20240709,637.11,5.0
9972,c90bde2f-a47d-4641-abe4-90be0ffced0b,1043,C0260,20240921,1961.49,1.0
9973,b2dec135-e87a-458d-a4b0-4fe6ca8f57f1,1032,C0659,20240605,1590.25,45.0
9974,39bf5cda-e2d2-40c9-9225-7c2ef3b8f74c,1027,C0602,20240928,571.49,40.0
9975,5d9a3acb-8b85-4cb1-b276-f9534cbc8831,1016,C0623,20240714,1015.07,41.0
9976,096f8f79-8286-4db7-a0d4-312b93740bb4,1019,C0194,20241108,140.3,20.0
9977,7129f59e-fedf-4c0b-b752-08e114c21a76,1038,C0434,20240709,379.03,16.0
9978,cefe5c37-49ae-492d-b653-b6c51a349c0c,1017,C0141,20240613,69.32,14.0
9979,88948c18-a388-41e3-90d9-eaa18a9daeba,1040,C0698,20241004,757.64,15.0
9980,690681ce-3993-4db3-986a-dcc6926bf6f7,1048,C0305,20240808,724.07,13.0
9981,4eca9a31-1d16-4ac4-b640-855b30cebeda,1016,C0874,20240715,1770.65,30.0
9982,c46b5b17-2ca5-427b-bbd0-7a656e0d8790,1012,C0222,20240610,238.1,37.0
9983,75f24438-0bec-4a83-9db0-1653f7666394,1008,C0474,20240626,1572.03,8.0
9984,353616ba-0f68-4275-b772-a2729d84994f,1042,C0054,20241128,95.9,46.0
9985,372436c6-18a9-4e77-a020-47a4601c7e7f,1013,C0343,20240716,1073.65,9.0
9986,0a10fd08-6a61-4f07-9132-f1a1c930e3fa,1037,C0180,20241107,164.72,1.0
9987,28023b7f-e2f3-487b-8910-595299f53dac,1046,C0565,20241029,681.38,38.0
9988,1c7a2206-86db-458b-9a86-2eb08444ca72,1016,C0955,20240605,185.61,1.0
9989,e62eca36-51a4-49e8-b8ff-df118599e7d2,1026,C0221,20240819,1553.83,26.0
9990,74a85dbd-0f16-4926-a3e9-8b2eef5d0a16,1015,C0091,20240925,694.22,41.0
9991,88d60bf5-6aa0-432d-9d75-cadcff889e9c,1017,C0948,20240801,1074.43,32.0
9992,1e272870-307f-490f-affc-972c9114ad80,1001,C0937,20240913,1015.07,22.0
9993,71e362d8-5503-40fc-9957-0cb9a0f33994,1039,C0902,20241124,412.92,4.0
9994,b35392eb-cb85-4fc9-ba96-4ca07d4a6cf5,1032,C0308,20241015,85.78,38.0
9995,391509f5-be9b-40ab-80e2-a64f0152d276,1000,C0538,20240810,1525.02,10.0
9996,fac6d025-7dac-43b5-a2f9-f76730d9ac48,1048,C0517,20241006,822.86,46.0
9997,2244ad15-c624-4432-8f4f-3b4966c690b0,1046,C0350,20240821,842.56,33.0
9998,9b406983-3513-41e2-bb07-837c9c0e1957,1027,C0233,20240916,1668.33,22.0
9999,a8070acd-841e-4bf8-948d-06be216cca68,1035,C0033,20240607,1822.85,49.0
10000,6930980f-c919-4b7b-aada-ee10e2decf1d,1043,C0544,20241002,1357.27,29.0
